time_local,T_mean_C,T_min_C,T_max_C,Td_mean_C,RH_mean_pct,VPD_mean_kPa,VPD_daytime_kPa,T_daytime_C,Rs_MJ_m2_d,PAR_MJ_m2_d,P_mm_d,ET0_mm_d,wind_mean_ms,u10_mean_ms,v10_mean_ms,Ps_mean_kPa,cloud_mean_pct,soil_temperature_0_to_7cm,soil_temperature_7_to_28cm,soil_temperature_28_to_100cm,soil_temperature_100_to_255cm,soil_moisture_0_to_7cm,soil_moisture_7_to_28cm,soil_moisture_28_to_100cm,soil_moisture_100_to_255cm,SM_rootzone_0_100cm
2020-01-01,28.0583,24.2,33.2,18.2667,57.5833,1.735,2.3217,30.1,20.6244,9.8998,0.0,5.13,2.9721,-2.4529,-1.5138,101.2363,58.3333,28.8167,28.3542,27.6,27.0,0.2625,0.2813,0.3304,0.452,0.3153
2020-01-02,27.5333,22.9,33.3,17.8833,57.625,1.7067,2.285,30.1583,20.1204,9.6577,0.0,4.94,2.7533,-2.108,-1.6596,101.28,75.7083,28.1625,28.1167,27.6,27.0042,0.2615,0.281,0.3294,0.4514,0.3145
2020-01-03,27.9583,23.4,33.6,18.1458,56.9167,1.76,2.3117,30.55,19.2528,9.2413,0.0,4.81,2.6004,-2.0965,-1.3942,101.125,87.5417,28.5625,28.2458,27.65,27.0958,0.2604,0.281,0.3285,0.4508,0.3137
2020-01-04,27.8917,22.1,33.9,18.3167,58.1667,1.7454,2.3642,30.7667,20.1996,9.6959,0.0,4.79,2.0042,-1.72,-0.9548,100.9479,34.9167,28.7333,28.3625,27.7,27.1,0.2595,0.281,0.3275,0.45,0.3129
2020-01-05,27.375,21.3,33.8,17.5625,57.2083,1.7433,2.4675,30.4583,20.0376,9.618,0.0,4.58,1.74,-1.458,-0.8911,100.9288,9.7083,28.3917,28.3375,27.7125,27.1,0.2585,0.281,0.3265,0.4495,0.3122
2020-01-06,27.375,21.0,34.0,18.3083,60.5417,1.6596,2.4033,30.6583,20.3724,9.7787,0.0,4.62,1.6021,-1.2344,-0.9892,100.9562,4.9167,28.3625,28.2125,27.775,27.1,0.2579,0.2805,0.3255,0.449,0.3113
2020-01-07,27.4708,20.3,34.4,18.375,60.6667,1.6708,2.5108,30.7333,19.2924,9.2602,0.0,4.38,1.3783,-0.7948,-0.3817,100.8733,24.4583,28.425,28.1958,27.8,27.1,0.257,0.28,0.3245,0.4485,0.3105
2020-01-08,28.8458,23.2,34.6,21.425,67.375,1.4979,2.2742,31.4083,18.4752,8.8681,0.0,4.22,1.3908,-0.9358,-0.3536,100.8296,87.5,29.3333,28.6667,27.8042,27.1,0.2568,0.28,0.3236,0.448,0.3098
2020-01-09,29.325,23.9,35.0,21.6333,66.7083,1.5742,2.3717,31.9667,19.1412,9.1877,0.0,4.47,1.7046,-1.1047,-0.6422,100.7492,56.3333,29.825,29.0917,27.9,27.1,0.2563,0.28,0.3227,0.447,0.3091
2020-01-10,28.4917,24.5,34.6,22.8542,74.4167,1.1567,1.8692,31.0,17.496,8.398,0.1,3.91,1.5,-0.472,0.5764,100.7058,75.25,29.5625,29.2542,28.0,27.1,0.257,0.28,0.3221,0.4466,0.3087
2020-01-11,27.1917,24.9,31.5,24.1167,84.125,0.6279,0.9933,28.7833,15.0696,7.2334,1.2,3.18,1.1,0.3042,0.9199,100.7433,98.7083,28.6958,28.9875,28.0958,27.1125,0.267,0.28,0.3216,0.446,0.3091
2020-01-12,27.9458,23.8,33.4,22.8125,76.5833,1.0383,1.6858,30.2417,17.2764,8.2927,0.1,3.74,0.9867,-0.3833,0.317,100.6875,67.0417,28.8417,28.5875,28.1,27.2,0.2753,0.28,0.3213,0.446,0.3094
2020-01-13,27.6083,23.8,32.8,22.975,78.375,0.9217,1.5125,29.6583,17.5608,8.4291,1.4,3.86,1.4379,-0.5797,0.448,100.7108,41.875,28.5542,28.5667,28.1,27.2,0.2763,0.28,0.3206,0.445,0.309
2020-01-14,27.4292,22.2,33.1,21.5625,74.0417,1.1354,1.8458,29.6833,19.3032,9.2656,0.0,4.05,0.7988,-0.292,0.1922,100.8242,33.0,28.2958,28.3167,28.1,27.2,0.2855,0.28,0.3201,0.445,0.3092
2020-01-15,27.1292,21.6,33.6,20.6042,72.5417,1.23,2.1583,29.9667,20.826,9.9965,0.0,4.38,0.9738,-0.3499,0.2122,100.8496,12.0417,28.1375,28.1625,28.1,27.2,0.2789,0.28,0.3195,0.4442,0.3084
2020-01-16,27.3333,22.0,34.1,21.1333,74.2083,1.1871,2.1258,30.1167,20.5092,9.8443,0.0,4.42,1.2029,-0.2884,0.3661,100.9121,29.7917,28.3667,28.225,28.0708,27.2,0.2732,0.28,0.3186,0.4437,0.3073
2020-01-17,28.025,23.2,34.6,21.6208,73.125,1.2696,2.1633,30.725,19.206,9.2188,0.0,4.27,1.1629,-0.6786,-0.0548,100.9542,49.5417,28.8,28.4125,28.0542,27.2,0.2692,0.28,0.318,0.443,0.3066
2020-01-18,28.5125,24.5,34.3,22.5875,74.25,1.2067,2.0325,30.9667,19.44,9.3312,0.2,4.2,1.0404,-0.1545,0.2455,100.8979,41.5833,29.1458,28.7167,28.1,27.2,0.2662,0.28,0.3175,0.4426,0.306
2020-01-19,28.575,23.5,34.3,21.9083,71.125,1.3408,2.1425,31.0917,19.0008,9.1204,0.0,4.26,1.4821,-0.8171,0.0384,100.9388,37.6667,29.3292,28.925,28.1,27.2958,0.2667,0.28,0.3166,0.442,0.3054
2020-01-20,28.4458,24.0,33.9,21.1292,68.375,1.4183,2.1725,30.825,17.4096,8.3565,0.0,4.13,1.7179,-1.133,-0.3627,101.0217,37.125,29.2292,29.0167,28.1958,27.3,0.265,0.2795,0.316,0.4415,0.3048
2020-01-21,28.3667,23.9,33.9,22.4708,73.3333,1.1879,1.9092,30.6833,19.026,9.1325,0.0,4.17,1.1233,0.0702,0.4892,101.1533,43.0,29.1667,28.9375,28.2,27.3,0.2635,0.279,0.3155,0.441,0.3042
2020-01-22,28.525,23.6,34.7,22.7042,75.0833,1.2004,2.1167,31.1833,20.4516,9.8167,0.0,4.44,1.0717,0.205,0.1999,101.0521,55.8333,29.4708,29.0167,28.225,27.3,0.2621,0.279,0.3147,0.4405,0.3035
2020-01-23,28.0375,24.1,33.7,23.2,77.9583,0.9862,1.7017,30.175,19.0008,9.1203,0.0,4.19,1.2192,0.3746,1.054,100.9421,60.4583,29.2083,29.1167,28.3,27.3,0.2612,0.279,0.3143,0.44,0.3032
2020-01-24,27.7625,25.2,32.4,22.9375,77.0417,0.9633,1.5567,29.7417,18.9972,9.1186,0.1,4.23,1.6167,0.5933,1.4691,100.9125,82.1667,28.9708,28.95,28.3,27.3,0.2622,0.279,0.3136,0.4395,0.3028
2020-01-25,26.7417,23.7,30.4,22.775,80.0,0.7654,1.145,28.3417,17.7408,8.5156,1.1,3.9,2.2654,0.7433,2.0737,100.8133,87.2917,28.05,28.5583,28.3,27.3167,0.2685,0.279,0.3132,0.439,0.3029
2020-01-26,26.4958,23.0,31.3,22.3333,79.75,0.8038,1.305,28.6583,17.5788,8.4378,0.7,3.87,1.8538,0.7878,1.548,100.7454,65.25,27.6708,28.0417,28.3,27.4,0.278,0.279,0.313,0.4387,0.3034
2020-01-27,26.5083,23.2,31.5,22.1708,79.125,0.8379,1.4067,28.85,19.7712,9.4902,0.2,4.36,2.3546,0.7524,2.131,100.7021,50.9583,27.5333,27.7792,28.2167,27.4,0.2794,0.279,0.3128,0.438,0.3034
2020-01-28,26.3625,23.2,30.3,22.1125,78.7083,0.8012,1.1969,28.0538,17.7336,8.512,1.5,3.78,2.0138,0.5424,1.7996,100.7796,33.2917,27.1208,27.575,28.1292,27.4,0.2837,0.279,0.3125,0.438,0.3034
2020-01-29,26.8292,22.8,32.2,21.7958,76.75,0.9717,1.6023,29.1846,19.3068,9.2673,0.0,4.2,1.2825,0.1821,0.867,100.9342,30.5833,27.6625,27.5375,28.0333,27.4,0.2854,0.279,0.312,0.4375,0.3032
2020-01-30,26.8667,22.8,32.2,19.2667,67.0,1.3375,1.9485,28.9231,21.4092,10.2763,1.0,4.74,2.1521,-1.7578,-0.9882,100.9204,38.4167,27.8083,27.775,28.0,27.4,0.2868,0.279,0.3116,0.437,0.303
2020-01-31,26.5042,22.3,31.8,17.5292,59.3333,1.5079,2.1058,28.4917,19.296,9.2621,0.0,4.39,2.0879,-1.5406,-0.9099,100.9854,70.375,27.5042,27.6917,27.9333,27.4,0.28,0.279,0.311,0.4365,0.3021
2020-02-01,27.2708,22.9,33.3,18.8417,62.9583,1.5029,2.2208,29.5769,18.4536,8.8577,0.0,4.34,1.7483,-1.0869,-0.4285,100.9762,51.1667,28.1167,27.8875,27.9,27.4,0.2745,0.279,0.3106,0.436,0.3015
2020-02-02,27.1667,21.1,33.4,19.6458,68.0,1.3962,2.2146,30.0154,21.2436,10.1968,0.0,4.64,1.4896,-0.5628,-0.2236,101.1008,20.75,28.1625,27.9458,27.9,27.4,0.2702,0.279,0.31,0.4355,0.3007
2020-02-03,27.2083,22.5,33.5,21.0375,73.9583,1.1679,1.9577,29.6462,21.42,10.2816,0.0,4.6,1.0071,-0.0116,0.583,101.0308,36.4167,28.325,28.1583,27.9,27.4,0.2668,0.279,0.3096,0.435,0.3002
2020-02-04,26.5042,22.2,32.8,21.5083,77.2083,0.9533,1.5723,28.7846,19.1844,9.2085,0.0,4.17,1.4296,0.0374,1.2412,100.9496,58.625,27.9208,28.0875,27.9,27.4,0.265,0.279,0.309,0.4345,0.2996
2020-02-05,27.0125,21.4,33.5,21.0458,73.8333,1.1462,1.8915,29.6077,20.9412,10.0516,0.0,4.58,1.3238,-0.205,0.9129,100.9029,30.875,28.2417,28.0292,27.9,27.4625,0.264,0.279,0.3086,0.434,0.2993
2020-02-06,26.4,23.4,30.6,22.3833,80.0417,0.7633,1.1738,28.0692,17.2296,8.2704,1.7,3.6,1.1192,0.1156,0.9999,100.9871,41.625,27.6292,28.0167,27.9,27.5,0.2681,0.279,0.308,0.4336,0.2991
2020-02-07,27.7375,22.3,34.7,20.4042,70.375,1.4008,2.3385,30.6615,22.0356,10.5771,0.0,4.81,1.02,-0.4157,0.2333,101.0067,41.6667,28.5458,27.9667,27.9,27.5,0.2728,0.279,0.308,0.433,0.2994
2020-02-08,28.025,23.3,34.6,20.3542,68.6667,1.445,2.2615,30.5692,21.3372,10.2419,0.0,4.72,1.4279,-0.5351,0.4295,101.0546,35.75,28.5333,28.2833,27.9,27.5,0.2686,0.279,0.3075,0.4326,0.2988
2020-02-09,28.2417,22.4,34.3,18.875,61.2083,1.7242,2.4431,30.6615,21.7404,10.4354,0.0,5.28,2.4571,-1.4447,-1.469,101.0488,61.7083,28.7167,28.4042,27.9,27.5,0.2656,0.279,0.307,0.432,0.2982
2020-02-10,27.9708,24.5,33.2,15.8375,48.3333,2.0212,2.4192,29.7692,18.9,9.0721,0.0,5.27,3.2175,-2.5807,-1.6288,101.0429,51.4167,29.0,28.7583,27.9917,27.5,0.263,0.279,0.3065,0.4316,0.2977
2020-02-11,28.7458,24.1,33.9,18.6083,55.375,1.8675,2.3877,30.9923,19.3392,9.2828,0.0,4.72,2.0138,-1.661,-0.5705,101.0592,35.2917,29.4083,28.8583,28.0167,27.5,0.2615,0.279,0.306,0.431,0.2972
2020-02-12,27.8875,23.5,32.4,22.5792,74.7083,1.0571,1.5554,29.7769,18.8928,9.0686,0.3,4.22,1.3658,0.4108,1.1536,101.0412,22.8333,29.0542,28.925,28.1,27.5,0.2626,0.279,0.3055,0.4307,0.2969
2020-02-13,27.625,24.4,32.2,23.0958,78.375,0.9079,1.4515,29.4846,19.4616,9.3417,0.0,4.31,1.8679,0.6402,1.6645,100.9392,57.8333,28.8542,28.7917,28.125,27.5,0.2652,0.279,0.305,0.43,0.2968
2020-02-14,27.0708,23.9,31.1,23.3125,81.4167,0.7525,1.2169,28.9538,18.6084,8.932,0.6,4.06,2.3888,0.6278,2.1981,100.7779,50.7083,28.3583,28.5542,28.2,27.5,0.2684,0.279,0.305,0.43,0.297
2020-02-15,27.0375,23.1,32.7,22.25,77.7083,0.9517,1.5869,29.5231,22.1868,10.6497,0.0,4.88,2.2937,0.7282,2.0618,100.8475,25.8333,28.2625,28.3,28.2,27.5,0.2689,0.279,0.3046,0.4295,0.2967
2020-02-16,27.3875,22.2,33.9,21.7542,74.6667,1.1308,1.8277,30.2077,22.716,10.9036,0.0,5.08,1.7662,0.198,1.4666,100.9542,47.5833,28.25,28.1292,28.1333,27.5,0.2662,0.279,0.304,0.429,0.2961
2020-02-17,28.3667,22.4,34.7,21.1125,68.6667,1.4504,2.2354,31.1077,20.2356,9.7134,0.0,4.55,1.2646,-0.8119,0.0879,101.0392,49.25,28.9833,28.475,28.1083,27.5292,0.2641,0.279,0.3039,0.4285,0.2959
2020-02-18,28.1292,23.5,33.6,17.4583,54.4167,1.8571,2.4369,29.9,21.5784,10.3577,0.0,5.46,3.2808,-2.4145,-1.9186,101.1067,69.125,29.2292,28.9208,28.2,27.6,0.2635,0.279,0.3035,0.428,0.2955
2020-02-19,28.1333,23.5,34.1,15.9917,48.75,2.0692,2.5846,30.3769,23.6304,11.3427,0.0,5.93,3.0142,-2.361,-1.756,101.1308,10.125,29.1583,28.9,28.2,27.6,0.2615,0.279,0.303,0.4275,0.2951
2020-02-20,27.7583,21.4,34.4,16.2542,52.1667,1.9925,2.6854,30.6615,24.1344,11.5846,0.0,5.82,2.5675,-1.928,-1.609,101.1092,2.5,28.9917,28.8167,28.2708,27.6,0.2605,0.2785,0.3025,0.427,0.2945
2020-02-21,27.8583,22.9,33.9,15.2,47.7083,2.1075,2.6708,30.4154,24.3252,11.676,0.0,6.22,3.2154,-2.5152,-1.8512,101.2442,0.875,28.9042,28.8042,28.3,27.6,0.2593,0.278,0.302,0.4265,0.294
2020-02-22,28.15,23.8,33.8,14.0542,43.25,2.2779,2.7523,30.2846,24.3432,11.6847,0.0,6.51,3.7612,-2.8922,-2.2958,101.2742,4.0,29.2083,28.9333,28.3,27.6,0.2584,0.278,0.3015,0.426,0.2935
2020-02-23,28.1833,23.8,33.9,14.5833,44.5,2.2333,2.7308,30.4846,24.1704,11.6019,0.0,6.34,3.5412,-2.8107,-2.0212,101.1971,3.625,29.325,29.0208,28.3292,27.6,0.2575,0.278,0.301,0.4255,0.2931
2020-02-24,28.0708,22.8,34.8,14.5667,45.4167,2.25,2.9346,31.0385,24.3432,11.6847,0.0,5.73,2.1096,-1.6355,-1.227,100.9913,7.125,29.3917,29.0625,28.4,27.6,0.2567,0.278,0.3005,0.425,0.2927
2020-02-25,27.5458,22.3,34.2,19.1833,63.875,1.5204,2.1931,30.3077,22.4352,10.7689,0.0,4.96,1.2246,-0.2057,0.6911,100.8854,42.875,29.0708,29.0292,28.4,27.6,0.256,0.278,0.3,0.4245,0.2923
2020-02-26,28.1,22.7,35.1,21.7208,73.0833,1.2783,2.1377,30.8538,21.312,10.2298,0.0,4.71,1.045,0.028,0.4574,100.8996,45.5833,29.3833,29.05,28.4458,27.625,0.2566,0.278,0.2996,0.424,0.2921
2020-02-27,27.6333,23.2,33.1,22.5125,76.7083,1.0267,1.7131,29.9615,19.0548,9.1463,0.8,4.25,1.2442,0.0193,0.4775,100.8321,77.25,29.0917,29.0875,28.5,27.7,0.2584,0.278,0.2991,0.4235,0.2918
2020-02-28,25.5958,23.0,29.6,23.3458,88.1667,0.4288,0.6246,26.6769,14.7312,7.0709,16.8,2.92,1.0492,0.0257,0.8113,100.8146,49.0833,27.6292,28.6792,28.5,27.7,0.3382,0.28,0.299,0.423,0.2977
2020-02-29,25.8083,20.9,31.0,22.325,82.75,0.6829,1.1231,28.0692,19.998,9.5991,0.2,4.27,1.1342,0.362,0.5885,100.7475,20.7917,27.2333,27.5792,28.425,27.7,0.4236,0.2952,0.299,0.423,0.3069
2020-03-01,26.9417,24.5,31.1,23.8292,83.875,0.6288,0.9669,28.5615,19.9476,9.5746,1.3,4.23,1.2571,0.656,0.9406,100.7933,67.0,27.5708,27.6583,28.3167,27.7,0.3945,0.2997,0.299,0.423,0.3058
2020-03-02,27.0208,24.4,30.9,23.9667,84.2083,0.6204,0.9538,28.6846,19.8,9.5038,0.8,4.19,1.7654,0.5357,1.6179,100.7729,86.3333,27.6083,27.7292,28.2292,27.7,0.3793,0.301,0.299,0.4222,0.305
2020-03-03,26.7042,23.5,30.8,23.4417,83.4167,0.6479,1.0346,28.3692,19.4868,9.3536,2.8,4.19,1.9508,0.6257,1.8095,100.8121,73.3333,27.525,27.7333,28.1625,27.7,0.3726,0.3013,0.299,0.422,0.3046
2020-03-04,26.9417,24.4,30.1,23.6333,82.8333,0.6592,0.9808,28.3615,20.07,9.6337,3.0,4.07,1.9129,0.7033,1.728,100.8212,68.125,27.5167,27.6833,28.1,27.7,0.3722,0.3018,0.299,0.422,0.3047
2020-03-05,26.8333,23.7,31.5,23.6,83.625,0.6571,1.0469,28.7,17.4312,8.367,2.1,3.68,1.3504,0.0752,1.0534,100.8412,65.0833,27.6833,27.7042,28.0375,27.7,0.3692,0.3019,0.299,0.4215,0.3045
2020-03-06,26.5,23.8,30.4,23.9792,86.625,0.5004,0.7462,27.8,16.6752,8.004,6.5,3.39,1.4458,0.2836,1.2657,100.9971,62.4167,27.3458,27.65,28.0,27.7,0.3848,0.3025,0.299,0.421,0.3057
2020-03-07,27.4458,22.5,33.1,22.9542,78.9583,0.9283,1.5431,29.9462,23.2344,11.1524,0.0,5.04,1.2762,0.2462,0.5039,100.9658,58.5417,28.0958,27.7083,27.9375,27.7,0.3783,0.3036,0.299,0.421,0.3055
2020-03-08,27.6958,24.2,32.6,23.2875,78.9583,0.9104,1.4969,29.9846,22.7988,10.9433,0.0,5.0,1.7883,0.7402,1.4142,100.7425,41.2083,28.2958,28.0917,27.9292,27.7,0.3534,0.3028,0.2987,0.4206,0.3034
2020-03-09,27.85,23.5,34.0,23.4583,79.7917,0.9346,1.6054,30.5538,24.6384,11.8264,0.0,5.49,2.0854,0.4483,1.8889,100.5496,38.4167,28.5958,28.275,27.9708,27.7,0.3342,0.3012,0.2985,0.42,0.3015
2020-03-10,27.4417,23.2,33.3,23.1792,80.0417,0.8933,1.5438,30.1,24.732,11.8712,0.0,5.39,2.0362,0.2656,1.7829,100.5767,34.0833,28.5417,28.3875,28.0,27.7,0.3179,0.2993,0.298,0.42,0.2997
2020-03-11,28.125,23.2,33.8,23.5,78.4583,0.9867,1.6462,30.7538,23.4576,11.2595,0.1,5.18,2.0592,0.148,1.899,100.7338,37.8333,28.7208,28.425,28.0,27.7,0.3049,0.2979,0.298,0.4195,0.2985
2020-03-12,28.2917,24.8,33.1,24.3417,80.75,0.8471,1.38,30.4308,20.3652,9.7754,1.8,4.52,1.8933,0.3445,1.7387,100.9021,50.5,29.1708,28.8,28.0958,27.7208,0.2976,0.2961,0.298,0.419,0.2976
2020-03-13,28.8042,25.7,33.7,24.6042,79.5417,0.9129,1.4392,30.7923,20.8692,10.0174,2.0,4.64,1.5029,0.502,1.3605,100.9362,56.7083,29.6458,29.0833,28.1333,27.8,0.2989,0.2946,0.2975,0.419,0.297
2020-03-14,28.7833,26.1,33.9,25.3417,82.75,0.7679,1.2,30.6077,19.314,9.2708,4.0,4.23,1.4246,0.3851,1.2991,100.7917,61.7917,29.6042,29.2625,28.225,27.8,0.3166,0.2935,0.297,0.4181,0.2976
2020-03-15,26.8417,25.3,29.9,24.7,88.2083,0.4283,0.5769,27.4,11.1384,5.3463,9.5,2.35,0.9,0.1788,0.4039,100.8867,68.4583,27.8583,28.7625,28.3,27.8,0.4086,0.298,0.297,0.418,0.305
2020-03-16,27.3583,23.7,32.2,23.7,82.0833,0.7575,1.2285,29.4077,19.9764,9.5886,1.3,4.3,0.7683,0.2008,0.2448,100.9388,52.375,28.2292,28.0833,28.3,27.8,0.4265,0.3145,0.297,0.418,0.3098
2020-03-17,27.3375,25.2,31.1,24.4458,84.7917,0.5933,0.8769,28.6769,18.0828,8.6799,5.5,3.87,1.4708,0.6392,1.2529,100.9875,66.8333,27.9417,28.175,28.2333,27.8,0.4133,0.3187,0.297,0.418,0.3097
2020-03-18,27.35,24.7,31.2,24.1458,83.25,0.6542,0.9477,28.8538,20.4012,9.7927,2.6,4.3,1.7567,0.8325,1.4621,100.8529,80.375,27.9417,28.0,28.2,27.8,0.4105,0.3219,0.297,0.4175,0.3102
2020-03-19,27.2833,24.8,31.3,23.9917,83.0,0.6717,1.0246,28.9154,20.9664,10.0639,2.5,4.46,2.1488,0.4052,2.082,100.8075,63.625,28.1333,28.0833,28.2,27.8,0.3994,0.3233,0.297,0.417,0.3097
2020-03-20,27.1417,24.5,30.5,23.9667,83.4167,0.6442,0.9685,28.7154,19.6272,9.421,3.1,4.2,1.8025,0.2288,1.7153,100.8558,63.5417,28.0792,28.125,28.1792,27.8,0.3862,0.3231,0.297,0.417,0.3087
2020-03-21,27.1875,24.8,30.6,23.3375,80.375,0.7617,1.1431,28.7385,20.0736,9.6353,1.8,4.26,1.5758,0.287,1.465,100.9238,30.25,27.9,28.025,28.1167,27.8,0.3778,0.3221,0.297,0.417,0.3079
2020-03-22,27.2,24.1,31.3,23.2333,80.375,0.7942,1.2669,29.1154,21.33,10.2385,1.3,4.54,1.75,0.5172,1.4751,100.8417,28.8333,27.8417,27.8875,28.1,27.8,0.3701,0.321,0.297,0.4162,0.3072
2020-03-23,27.5833,24.0,32.3,23.85,81.2917,0.7788,1.2162,29.5923,22.6476,10.8708,2.3,4.71,1.7679,0.3334,1.6418,100.7742,35.3333,28.1667,28.0042,28.1,27.8,0.3605,0.319,0.297,0.416,0.3061
2020-03-24,27.7125,24.9,31.8,23.7875,80.1667,0.8038,1.2,29.4538,20.3832,9.7837,3.5,4.28,1.6392,0.2075,1.5413,100.6762,32.7917,28.2833,28.1833,28.1,27.8,0.3568,0.317,0.297,0.416,0.3054
2020-03-25,27.65,24.2,31.9,23.8708,80.9583,0.7783,1.18,29.5154,21.3336,10.2402,0.6,4.52,1.775,0.2552,1.6325,100.6125,24.5417,28.4542,28.2917,28.1,27.8,0.3514,0.315,0.297,0.4155,0.3046
2020-03-26,27.3583,24.6,32.2,24.0167,82.875,0.6854,1.0531,29.1385,20.8404,10.0033,1.9,4.47,1.7079,0.3139,1.5247,100.7388,49.6667,28.3167,28.3333,28.1,27.8,0.3458,0.313,0.297,0.415,0.3038
2020-03-27,28.2958,24.8,33.4,23.7583,78.2917,0.9538,1.5262,30.5,23.2452,11.1575,0.1,5.05,1.8692,0.6113,1.6255,100.7592,51.3333,28.8833,28.425,28.1,27.8,0.3416,0.3111,0.2968,0.415,0.303
2020-03-28,27.95,24.6,32.5,24.3167,81.7083,0.765,1.2092,29.8692,20.7252,9.9482,3.6,4.42,1.8625,0.4216,1.6916,100.6775,40.875,28.6042,28.575,28.1208,27.8,0.336,0.3091,0.2965,0.4145,0.3019
2020-03-29,28.0375,24.7,33.0,24.375,81.875,0.7817,1.2662,30.2308,22.1544,10.634,3.7,4.69,1.9758,0.2932,1.8421,100.6025,43.8333,28.8583,28.625,28.2,27.8,0.3404,0.3075,0.296,0.414,0.3015
2020-03-30,27.5958,24.8,32.3,24.4125,83.75,0.6608,1.0354,29.3692,21.042,10.1001,2.3,4.37,2.0421,0.3945,1.9415,100.6808,51.875,28.5792,28.5875,28.2,27.8042,0.3469,0.3064,0.296,0.414,0.3017
2020-03-31,28.5833,24.3,34.2,23.8083,77.7917,1.0275,1.6954,31.1462,23.976,11.5084,0.1,5.24,1.8629,0.3701,1.689,100.6746,36.2083,29.2833,28.7125,28.2083,27.8917,0.3446,0.305,0.296,0.4137,0.3013
2020-04-01,28.6667,25.1,33.7,24.3792,79.125,0.9292,1.4977,30.9385,23.2704,11.1697,0.9,5.09,2.1912,0.7023,2.0128,100.6629,34.9167,29.55,29.125,28.3,27.9,0.3284,0.3031,0.296,0.413,0.2998
2020-04-02,28.6,25.4,33.4,24.5417,80.0417,0.8754,1.3646,30.5846,21.33,10.2383,3.8,4.55,1.6708,0.096,1.4911,100.7279,49.375,29.5958,29.3042,28.35,27.9,0.3228,0.3015,0.296,0.413,0.299
2020-04-03,28.7375,24.6,33.7,24.3292,78.9167,0.9538,1.54,30.9154,22.5648,10.831,1.1,4.85,1.4842,0.1283,1.2502,100.7896,79.5833,29.7958,29.3667,28.4292,27.9,0.3198,0.3,0.2956,0.4127,0.2982
2020-04-04,28.7583,26.1,33.6,24.7667,80.2917,0.8621,1.3231,30.4154,21.7512,10.4407,5.9,4.62,1.1625,0.295,1.0449,100.8071,51.375,29.6542,29.45,28.5042,27.9,0.3387,0.2985,0.2952,0.412,0.2989
2020-04-05,28.3417,25.0,33.0,24.85,82.2917,0.7475,1.12,29.9538,21.8916,10.508,4.2,4.57,1.2625,0.2707,1.0875,100.8554,58.2083,29.2917,29.2667,28.6,27.9,0.3807,0.2991,0.295,0.412,0.3019
2020-04-06,28.2667,25.9,32.8,24.3958,80.5833,0.8104,1.1754,29.7308,22.4244,10.7636,5.5,4.72,1.395,0.6271,1.167,100.805,78.9583,29.1208,29.1125,28.6,27.9,0.3958,0.3011,0.295,0.412,0.3033
2020-04-07,28.525,25.7,32.6,24.2708,78.9167,0.8912,1.3238,30.2154,22.0608,10.5892,0.6,4.7,2.0621,0.4566,1.9159,100.7308,79.5833,29.1583,28.9917,28.6,27.9,0.3954,0.3041,0.295,0.4115,0.3039
2020-04-08,28.25,25.1,33.0,24.3708,80.6667,0.8271,1.3038,30.2615,22.0572,10.5873,1.8,4.7,1.6671,0.0284,1.5059,100.7808,56.375,29.1167,29.0125,28.6,27.9,0.3725,0.3045,0.295,0.411,0.3024
2020-04-09,27.875,24.3,33.0,24.65,84.0417,0.6938,1.1346,29.8077,20.1348,9.6648,6.1,4.26,0.9533,-0.3665,0.6001,100.8483,74.125,28.9792,29.0,28.6125,27.9,0.3852,0.3047,0.295,0.411,0.3034
2020-04-10,27.4917,24.3,32.7,24.825,86.0,0.5612,0.8477,28.7615,19.9332,9.5679,9.9,4.22,1.0483,-0.0335,0.8089,100.9633,85.25,28.5875,28.7583,28.6208,27.9125,0.4493,0.3185,0.295,0.411,0.3107
2020-04-11,27.7125,25.4,31.7,25.175,86.5417,0.5392,0.81,29.1154,19.9764,9.5887,8.7,4.19,1.135,0.3316,0.9879,100.93,72.0,28.5833,28.6708,28.6,28.0,0.4477,0.342,0.295,0.4104,0.3156
2020-04-12,27.5708,24.8,32.2,25.1583,87.625,0.5238,0.8785,29.5538,21.6252,10.3801,13.7,4.6,1.085,-0.1872,0.6875,100.7929,46.75,28.6625,28.6042,28.6,28.0,0.4501,0.3616,0.295,0.41,0.3198
2020-04-13,26.1458,24.2,29.6,23.9458,88.125,0.4312,0.6392,27.1615,12.3228,5.9149,6.8,2.59,1.4029,-0.9375,-0.804,100.8392,92.0,27.3167,28.1042,28.5583,28.0,0.445,0.4098,0.2951,0.41,0.3297
2020-04-14,27.0333,24.3,31.6,24.1583,85.375,0.5817,0.8762,28.6077,19.2564,9.243,5.9,3.98,1.7412,-1.2119,-0.9872,100.8812,95.625,27.8083,27.8208,28.45,28.0,0.4559,0.4106,0.296,0.41,0.3313
2020-04-15,26.9958,24.1,32.3,24.55,87.6667,0.5112,0.8731,28.7154,19.134,9.1844,3.6,4.1,1.1229,-0.4322,0.258,100.8475,86.5833,27.9,28.0125,28.4,28.0,0.4596,0.415,0.2962,0.41,0.3326
2020-04-16,27.2542,24.8,31.2,24.925,87.625,0.4867,0.7392,28.6692,19.4328,9.3275,3.3,4.1,1.2404,0.2892,1.1252,100.7717,92.5833,27.9167,27.9708,28.325,28.0,0.452,0.4154,0.297,0.4095,0.3327
2020-04-17,25.7083,24.3,27.5,24.6208,93.8333,0.2142,0.2923,26.3,9.09,4.3631,17.8,1.84,1.2283,-0.0498,1.0616,100.8596,96.5,26.7833,27.625,28.2792,28.0,0.4668,0.4309,0.2978,0.409,0.3376
2020-04-18,26.7833,23.4,31.8,24.2292,87.125,0.5383,0.9262,28.7154,20.5524,9.8649,3.6,4.39,1.1492,-0.6086,0.146,100.8729,70.4583,27.5625,27.3833,28.15,28.0,0.4799,0.4586,0.3001,0.409,0.346
2020-04-19,28.0625,24.3,32.4,24.4167,81.8333,0.7754,1.2185,30.0462,23.3028,11.1853,0.6,5.09,1.3896,0.1833,1.1334,100.7858,35.0417,28.3167,27.9333,28.1,28.0,0.4606,0.4508,0.3025,0.409,0.3447
2020-04-20,28.4042,24.6,32.8,25.1417,83.5,0.7154,1.1415,30.4385,23.8536,11.4496,0.9,5.14,1.335,0.0219,1.0936,100.7587,38.0,28.9042,28.4583,28.1,28.0,0.4368,0.4381,0.3038,0.409,0.3413
2020-04-21,29.1,25.8,33.6,25.5542,82.375,0.7938,1.2523,30.9923,23.7672,11.4082,0.5,5.21,1.5817,0.3624,1.4125,100.6779,31.25,29.475,28.925,28.1958,28.0,0.4205,0.4265,0.3048,0.4085,0.3385
2020-04-22,29.2542,26.3,33.1,25.475,81.25,0.8362,1.2923,31.0308,22.5396,10.8191,0.6,4.91,1.6867,0.6373,1.4528,100.68,79.75,29.725,29.3,28.2625,28.0,0.4056,0.416,0.305,0.408,0.3353
2020-04-23,29.0042,24.9,34.2,25.1292,81.1667,0.8667,1.3931,31.1462,22.1328,10.6239,4.4,4.76,1.1092,-0.2658,-0.0241,100.7108,92.2083,29.675,29.3583,28.375,28.0,0.3979,0.4061,0.305,0.408,0.3327
2020-04-24,26.975,24.6,29.9,24.9167,89.0,0.4192,0.6223,28.1231,15.5052,7.4424,11.9,3.24,0.7988,-0.2698,0.2748,100.7708,93.9167,28.5083,28.9917,28.4458,28.0,0.4444,0.4039,0.3059,0.408,0.3362
2020-04-25,27.7125,25.0,33.4,24.45,83.7083,0.6792,1.1038,29.2615,20.8368,10.0017,2.3,4.42,1.4996,-0.4783,-0.6202,100.7933,82.2917,28.3958,28.475,28.4708,28.0,0.4524,0.4113,0.306,0.408,0.3384
2020-04-26,28.7875,25.3,33.9,24.5708,79.9167,0.9179,1.5062,30.8923,23.3316,11.1992,2.2,5.05,1.7175,-0.7359,-0.5385,100.8004,67.4167,29.1,28.6458,28.4375,28.0,0.4313,0.407,0.306,0.4072,0.336
2020-04-27,27.5042,24.9,32.2,24.95,87.0,0.5392,0.8677,28.7769,17.8128,8.5501,8.2,3.79,1.0654,0.1655,0.0498,100.9317,98.0,28.675,28.8375,28.5,28.0,0.4592,0.406,0.3062,0.407,0.3379
2020-04-28,28.6875,24.7,33.8,23.6167,76.375,1.0767,1.7692,31.0385,23.9004,11.4722,0.0,5.31,1.9296,-0.8944,-0.6701,100.8292,84.75,28.9167,28.6083,28.5,28.0333,0.4463,0.4141,0.307,0.407,0.3392
2020-04-29,27.7083,25.2,32.1,25.0083,85.9583,0.5642,0.8469,28.9231,19.872,9.5384,5.8,4.19,1.0488,0.068,0.8868,100.7642,75.7917,28.6292,28.8167,28.5,28.1,0.4403,0.4087,0.307,0.407,0.3377
2020-04-30,27.8292,24.3,32.4,24.525,83.5,0.6925,1.1246,29.6077,19.7028,9.4574,0.8,4.21,0.9812,0.4381,0.2343,100.8033,79.75,28.5917,28.5417,28.5,28.1,0.444,0.4097,0.307,0.4065,0.3382
2020-05-01,27.9625,25.5,31.2,25.2208,85.5833,0.5792,0.8477,29.2923,21.2544,10.2021,7.9,4.37,1.3658,0.916,0.9701,100.6817,58.75,28.6333,28.625,28.5,28.1,0.448,0.4073,0.308,0.406,0.3387
2020-05-02,28.1875,25.8,31.9,24.7375,82.5,0.7283,1.0969,29.6538,21.4992,10.3195,1.2,4.55,1.1388,0.6749,0.8459,100.6058,78.875,28.7208,28.6333,28.5,28.1,0.4454,0.4085,0.308,0.406,0.3387
2020-05-03,28.325,26.1,32.1,25.25,83.875,0.66,0.9315,29.7,19.6524,9.4332,2.1,4.15,1.3817,0.3605,1.2622,100.6179,87.1667,28.7958,28.6917,28.5,28.1,0.4269,0.4045,0.308,0.406,0.3366
2020-05-04,28.0708,25.0,32.2,25.6458,87.5,0.5312,0.8277,29.3615,18.2268,8.7488,8.1,3.93,1.1142,0.5025,0.9108,100.7062,91.25,28.6833,28.6625,28.5,28.1,0.455,0.4059,0.3081,0.406,0.3389
2020-05-05,29.0042,26.0,32.8,25.6083,82.7083,0.7517,1.0943,30.3286,22.3344,10.7204,0.6,4.77,1.44,0.4607,1.2816,100.5838,55.1667,29.35,28.9125,28.5,28.1,0.436,0.4063,0.309,0.4056,0.3383
2020-05-06,29.1583,26.5,33.3,25.5333,81.875,0.8046,1.1971,30.6286,23.6376,11.3461,0.8,5.0,1.8954,0.4863,1.7872,100.5438,58.4167,29.7,29.2667,28.5375,28.1,0.4125,0.3998,0.309,0.405,0.3353
2020-05-07,29.1542,26.1,32.5,25.7583,82.75,0.7521,1.0664,30.4143,21.0312,10.0949,1.7,4.48,1.6971,0.2229,1.6068,100.5046,85.7083,29.7167,29.4542,28.6167,28.1,0.3947,0.3926,0.309,0.405,0.3326
2020-05-08,29.1292,26.1,32.7,25.5792,82.2083,0.7829,1.1136,30.4143,22.2084,10.66,0.6,4.75,1.7912,0.4795,1.6487,100.5242,97.2917,29.85,29.5083,28.7,28.1,0.3809,0.3857,0.309,0.405,0.3301
2020-05-09,29.4583,26.7,33.1,25.8583,82.0833,0.8092,1.2043,30.8714,21.132,10.1434,0.5,4.65,1.5304,0.2652,1.462,100.5838,88.0,30.0208,29.6583,28.7583,28.1,0.3671,0.3786,0.3087,0.4046,0.3274
2020-05-10,29.525,26.3,33.3,25.8708,81.9167,0.8267,1.2221,30.9714,22.266,10.6874,1.4,4.81,1.7167,0.232,1.5912,100.595,96.8333,30.2083,29.7792,28.8292,28.1,0.3573,0.3719,0.3085,0.404,0.3252
2020-05-11,28.4292,25.7,32.7,25.5542,85.2917,0.6183,0.9079,29.55,17.6724,8.4828,9.2,3.63,1.3421,0.0148,0.7197,100.7125,98.9167,29.5583,29.7833,28.9,28.1167,0.3796,0.3666,0.308,0.404,0.3253
2020-05-12,28.8292,24.0,34.6,24.0708,77.625,1.0417,1.5557,30.7214,24.768,11.8886,0.3,5.33,1.2938,0.0037,0.1201,100.64,59.25,29.5708,29.2708,28.9042,28.2,0.3965,0.3641,0.308,0.404,0.326
2020-05-13,28.9958,25.5,33.5,25.1292,80.6667,0.8417,1.1657,30.2429,22.5756,10.8364,2.0,4.78,1.3071,0.242,1.1826,100.5992,45.4583,29.625,29.5167,28.9875,28.2,0.3792,0.3592,0.308,0.404,0.3237
2020-05-14,28.7333,26.1,33.2,25.7125,84.75,0.675,0.9936,30.15,21.8052,10.4665,5.6,4.64,1.1183,0.2539,1.0155,100.5992,66.75,29.6042,29.4958,29.0,28.2,0.3893,0.3557,0.308,0.403,0.3237
2020-05-15,28.4917,25.3,33.1,25.4167,84.4167,0.6775,1.0029,29.9857,22.5,10.7998,4.4,4.79,1.1488,0.1668,0.9383,100.4046,56.2083,29.4958,29.3917,29.0,28.2,0.4001,0.3543,0.3075,0.403,0.3238
2020-05-16,28.5708,26.0,32.2,25.7583,85.2917,0.615,0.8671,29.7571,21.4992,10.3197,13.8,4.41,1.405,0.3401,1.295,100.365,85.9167,29.3208,29.3417,29.0,28.2,0.4272,0.3553,0.307,0.403,0.3256
2020-05-17,28.0792,25.9,31.0,26.15,89.4583,0.4188,0.5557,29.0571,16.4484,7.8953,9.9,3.4,1.9104,0.2401,1.6752,100.3817,97.4167,28.675,29.0417,29.0,28.2,0.4537,0.366,0.307,0.403,0.3297
2020-05-18,27.9917,25.6,31.5,25.7,87.75,0.4896,0.7136,29.0571,18.486,8.8732,10.2,3.77,1.6729,-0.0027,1.425,100.3212,94.125,28.6083,28.7417,28.9542,28.2,0.4637,0.3828,0.307,0.403,0.3339
2020-05-19,28.3625,25.6,32.3,25.4458,85.1667,0.635,0.9379,29.6357,22.32,10.7139,11.8,4.66,1.9858,0.9676,1.582,100.3954,94.625,29.0417,28.8292,28.9,28.2,0.4377,0.4124,0.3078,0.4027,0.3389
2020-05-20,27.8083,26.4,31.8,25.5042,87.875,0.4867,0.6807,28.6571,21.1284,10.1416,8.3,4.45,2.2642,0.862,2.0333,100.4621,76.9167,28.6458,28.8792,28.9,28.2583,0.4355,0.428,0.3082,0.402,0.3422
2020-05-21,27.6833,25.4,30.6,25.675,89.3333,0.4308,0.6107,28.7286,17.9532,8.6176,5.1,3.78,2.3475,1.1253,1.9663,100.5304,94.5833,28.3917,28.5708,28.8375,28.3,0.4734,0.4343,0.3092,0.402,0.3469
2020-05-22,28.5083,25.5,31.9,26.075,87.375,0.5421,0.7771,29.7286,21.4596,10.3006,4.9,4.56,2.0108,0.7274,1.7825,100.4621,96.875,28.9583,28.7,28.8,28.3,0.4679,0.4358,0.3102,0.402,0.3476
2020-05-23,27.8708,25.7,31.0,26.0917,90.4167,0.3808,0.5179,28.5929,16.9992,8.1597,9.6,3.47,1.9604,0.1286,1.7895,100.5542,99.5,28.6292,28.85,28.8,28.3,0.4701,0.4361,0.3112,0.402,0.3486
2020-05-24,27.5708,25.9,30.7,25.7708,90.25,0.3783,0.4979,28.3786,13.7232,6.5871,9.2,2.89,1.7429,0.1043,1.596,100.67,100.0,28.2208,28.5167,28.7458,28.3,0.4836,0.4473,0.3125,0.402,0.3528
2020-05-25,26.6792,25.4,28.8,26.0208,96.25,0.1371,0.1893,27.2429,11.4696,5.5054,15.4,2.23,1.6833,0.0624,1.5912,100.8121,98.375,27.5833,28.0917,28.6958,28.3,0.4968,0.4792,0.3164,0.402,0.3632
2020-05-26,26.9542,25.3,30.3,25.6292,92.6667,0.2825,0.4136,27.7714,15.3252,7.3559,19.7,3.06,1.7733,0.504,1.474,100.8108,93.5833,27.6125,27.8458,28.5958,28.3,0.4764,0.4868,0.3318,0.402,0.3745
2020-05-27,27.0125,25.0,29.2,25.65,92.5833,0.2833,0.3907,27.9,14.868,7.1366,14.8,3.01,1.7708,0.156,1.5365,100.7367,87.375,27.5333,27.75,28.5,28.3,0.4733,0.4852,0.3482,0.402,0.3858
2020-05-28,27.275,25.1,30.3,25.5375,90.375,0.3675,0.5471,28.3857,17.4384,8.3704,11.0,3.65,1.5663,0.0485,1.4316,100.6858,97.875,27.7333,27.7917,28.4,28.3,0.4771,0.4847,0.3565,0.402,0.3919
2020-05-29,26.55,24.9,28.6,25.55,94.5,0.2042,0.2914,27.4643,14.238,6.8341,17.7,2.9,1.6017,0.3662,1.4732,100.74,99.9167,27.4167,27.7625,28.3292,28.3,0.4781,0.49,0.3644,0.4015,0.3987
2020-05-30,26.925,24.7,29.8,25.2083,90.8333,0.3612,0.5236,27.8929,14.1552,6.7946,6.6,3.04,1.3175,0.1399,1.2027,100.8571,97.5417,27.5125,27.6167,28.25,28.3,0.4556,0.4749,0.3844,0.401,0.4084
2020-05-31,27.4667,25.5,30.8,25.5,89.3333,0.4121,0.5557,28.4071,17.55,8.424,5.8,3.74,1.5171,0.5337,1.3077,100.8642,91.375,27.8167,27.8125,28.2,28.3,0.4681,0.4639,0.3875,0.401,0.4092
2020-06-01,27.0417,25.1,31.4,25.6042,92.1667,0.3062,0.4586,28.0929,18.9936,9.117,12.0,3.91,1.48,0.3705,1.2462,100.8096,95.3333,27.8,27.9,28.2,28.3,0.4725,0.4739,0.389,0.401,0.4127
2020-06-02,26.8,25.2,29.3,25.4542,92.5,0.2758,0.3729,27.5286,15.552,7.4652,15.8,3.01,1.4925,0.1164,1.4025,100.7438,97.625,27.55,27.7792,28.1208,28.3,0.465,0.4887,0.3932,0.401,0.4183
2020-06-03,26.4583,24.7,29.5,25.2542,93.2083,0.2446,0.3329,27.2286,14.7816,7.0954,11.4,2.94,1.695,0.2517,1.531,100.6371,90.7917,27.4125,27.675,28.1,28.3,0.483,0.4906,0.3991,0.401,0.4242
2020-06-04,26.025,24.4,28.3,25.05,94.5,0.195,0.2736,26.6643,14.3064,6.867,21.0,2.86,1.8629,0.2897,1.7958,100.6067,98.6667,26.9375,27.3583,28.0333,28.3,0.4856,0.4917,0.4104,0.401,0.4327
2020-06-05,26.0833,24.6,28.5,25.175,94.8333,0.1804,0.27,26.8071,15.174,7.2836,13.8,2.94,2.4325,0.4702,2.3391,100.6133,98.9583,26.9417,27.2125,27.9542,28.3,0.4922,0.4947,0.4245,0.401,0.444
2020-06-06,25.9417,24.6,29.2,25.0042,94.625,0.1879,0.2807,26.4857,14.5908,7.0034,13.1,2.89,2.2483,0.3062,2.1255,100.5979,99.2917,26.8,27.1083,27.8917,28.3,0.4797,0.4945,0.438,0.401,0.4528
2020-06-07,25.9792,24.4,29.2,24.6083,92.375,0.2754,0.4186,26.7929,16.272,7.8105,10.1,3.32,2.1679,0.391,2.0748,100.5875,99.0,26.775,27.025,27.8,28.3,0.477,0.4898,0.4488,0.401,0.4594
2020-06-08,27.1875,24.5,30.8,24.8708,87.625,0.4888,0.7221,28.4857,20.9556,10.0587,4.0,4.27,2.495,1.0307,2.2257,100.5129,97.375,27.5417,27.2542,27.7208,28.3,0.4832,0.4878,0.4538,0.401,0.463
2020-06-09,26.3208,24.4,29.3,24.9042,92.2083,0.2858,0.4193,27.3357,18.3888,8.8266,18.3,3.71,1.9004,0.469,1.728,100.5358,84.75,27.3042,27.5083,27.7,28.3,0.4769,0.4903,0.4577,0.4013,0.4659
2020-06-10,26.3,24.4,29.1,24.9167,92.4583,0.2783,0.405,27.2714,17.7984,8.5432,8.7,3.64,1.6267,0.4937,1.4396,100.5875,99.5417,27.175,27.3625,27.7,28.225,0.4703,0.4869,0.473,0.402,0.4757
2020-06-11,27.5792,24.2,31.3,24.6833,85.0417,0.6058,0.865,28.9,21.8088,10.4681,1.1,4.58,1.5967,0.6502,1.279,100.5079,86.2083,27.7875,27.4625,27.7,28.2,0.4774,0.4858,0.4734,0.402,0.4763
2020-06-12,27.7042,25.0,31.4,25.2667,86.9167,0.5088,0.6579,28.7071,21.1464,10.1501,12.1,4.34,1.3729,0.497,1.1539,100.3346,73.875,27.9625,27.8583,27.7,28.2,0.4731,0.4827,0.4722,0.4028,0.4745
2020-06-13,27.65,25.2,31.5,25.1625,86.9167,0.5217,0.7364,28.7929,20.8368,10.0017,12.4,4.45,1.7221,0.399,1.4805,100.2642,91.125,28.0583,27.9375,27.7375,28.2,0.4819,0.4936,0.4725,0.403,0.4776
2020-06-14,26.8417,24.8,30.8,25.4333,92.125,0.2958,0.3886,27.6714,16.4952,7.9178,10.7,3.44,1.9012,-0.2496,1.8232,100.4008,100.0,27.6833,27.8792,27.8,28.2,0.4606,0.4887,0.4844,0.4035,0.4836
2020-06-15,25.925,24.6,28.8,24.9667,94.5833,0.1912,0.2907,26.6429,14.31,6.869,16.9,2.78,2.2779,0.4518,2.152,100.6146,99.875,26.9208,27.4417,27.8,28.2,0.4792,0.4929,0.4916,0.4045,0.491
2020-06-16,25.7333,24.3,28.8,25.1083,96.5417,0.1275,0.2031,26.7385,11.8224,5.6747,20.9,2.36,1.7504,0.3342,1.6199,100.6683,99.5,26.5833,26.9958,27.7375,28.2,0.4878,0.4916,0.5067,0.4072,0.5022
2020-06-17,25.4042,24.0,27.4,24.9417,97.2917,0.0912,0.1369,26.2231,9.0432,4.3408,21.0,1.8,1.4504,0.883,0.9788,100.6917,99.7917,26.2375,26.7,27.65,28.2,0.4848,0.4772,0.5108,0.4156,0.5019
2020-06-18,26.3333,23.9,28.8,24.6625,91.0833,0.3321,0.46,27.4769,11.376,5.4604,12.4,2.46,1.2546,0.5624,0.8673,100.6412,82.4167,26.575,26.6833,27.55,28.2,0.4985,0.4931,0.5074,0.4215,0.5038
2020-06-19,26.6458,24.3,29.5,25.0708,91.125,0.32,0.405,27.6214,16.5348,7.9367,11.0,3.35,1.4004,0.0819,1.282,100.6121,92.7917,26.9292,26.9292,27.5,28.2,0.4721,0.4862,0.5069,0.425,0.5001
2020-06-20,27.1625,24.5,30.1,25.1917,89.375,0.4138,0.6057,28.3643,20.0484,9.6232,9.5,4.17,1.745,0.1505,1.6462,100.5308,77.625,27.4292,27.2083,27.5,28.2,0.4558,0.4804,0.5052,0.4287,0.4965
2020-06-21,26.5417,24.5,30.3,25.2417,92.7917,0.2667,0.3643,27.4071,16.9092,8.1164,19.4,3.48,1.4912,0.2011,1.2706,100.4375,98.1667,27.25,27.4042,27.5,28.1167,0.4685,0.4891,0.5049,0.4311,0.499
2020-06-22,26.2125,24.6,29.3,25.1,93.6667,0.225,0.3179,26.8857,16.0272,7.693,18.3,3.21,1.5783,-0.1051,1.4455,100.4288,94.5417,27.0375,27.2417,27.5,28.1,0.4551,0.4834,0.5083,0.4348,0.4993
2020-06-23,26.5208,24.0,30.6,24.7458,90.5,0.3638,0.5686,27.6286,17.5824,8.4395,9.5,3.56,1.6038,0.2896,1.4342,100.5538,80.1667,27.2125,27.2,27.5,28.1,0.4699,0.4946,0.5052,0.4375,0.5005
2020-06-24,27.2375,23.9,31.3,24.8042,87.25,0.5129,0.7771,28.6643,21.0924,10.1243,4.9,4.43,1.4829,0.2603,1.2111,100.5283,90.2083,27.6042,27.3792,27.5,28.1,0.475,0.4857,0.503,0.44,0.4974
2020-06-25,27.0875,24.9,30.4,25.2292,89.7917,0.3846,0.5314,28.0429,19.3356,9.281,8.4,3.96,1.9292,0.2434,1.7244,100.4875,99.625,27.6292,27.625,27.5,28.1,0.4815,0.4855,0.4996,0.4416,0.4954
2020-06-26,25.4125,24.2,26.7,24.725,96.125,0.1312,0.1479,25.85,11.0088,5.2843,30.3,2.16,1.4512,0.4131,1.3163,100.5525,97.5417,26.4917,27.1958,27.5,28.1,0.4946,0.4998,0.5052,0.4437,0.5033
2020-06-27,26.2375,23.2,30.6,24.7292,91.7917,0.3121,0.49,27.5143,18.8964,9.0701,9.8,3.8,1.63,-0.0787,1.441,100.5179,87.7917,26.9917,26.9417,27.5,28.1,0.4758,0.488,0.51,0.4486,0.503
2020-06-28,25.5583,23.9,28.2,24.525,94.125,0.2025,0.2836,26.2429,14.7564,7.0832,19.6,2.94,1.9029,0.3302,1.8035,100.5092,95.7917,26.4667,26.9042,27.45,28.1,0.4738,0.4772,0.5085,0.4556,0.4995
2020-06-29,25.1042,23.8,27.1,24.8042,98.2083,0.0617,0.0786,25.6286,10.044,4.8211,24.5,2.02,2.0208,0.512,1.9285,100.5279,99.2083,26.0917,26.5792,27.4,28.1,0.4938,0.4931,0.5106,0.4598,0.5057
2020-06-30,25.175,23.8,27.8,24.5458,96.25,0.1267,0.21,26.1308,10.7604,5.1651,25.9,2.14,2.2658,1.1805,1.8875,100.5333,98.9583,25.9125,26.3167,27.3083,28.0417,0.4783,0.474,0.5121,0.4706,0.5017
2020-07-01,25.8917,24.0,28.9,24.4458,92.2083,0.2862,0.4092,26.8692,9.0432,4.3406,12.7,2.04,2.0162,1.1438,1.5365,100.4654,98.2917,26.1208,26.275,27.2167,28.0,0.4726,0.4774,0.5117,0.4773,0.5018
2020-07-02,26.2458,24.1,30.0,25.0208,93.25,0.2583,0.4477,27.7154,17.6148,8.4552,17.8,3.55,2.3442,0.964,2.0035,100.37,90.4583,26.875,26.6875,27.1792,28.0,0.4898,0.4729,0.5076,0.4822,0.4991
2020-07-03,25.6125,24.5,28.0,24.8958,95.9583,0.1429,0.2269,26.2769,9.216,4.4236,17.9,1.96,2.495,1.2472,2.0757,100.5196,99.6667,26.2667,26.6958,27.15,28.0,0.4755,0.4935,0.5124,0.4858,0.5058
2020-07-04,25.6458,23.8,28.1,24.5542,93.9583,0.2092,0.2538,26.3769,8.3448,4.0055,15.3,1.76,1.3279,0.6781,0.8779,100.6396,99.9167,26.0583,26.3958,27.1,28.0,0.476,0.4718,0.5126,0.4936,0.5015
2020-07-05,26.4,23.8,29.9,24.8375,91.5,0.3183,0.4638,27.6308,14.9868,7.1937,13.1,3.18,1.3458,0.4314,1.0788,100.4846,76.625,26.6167,26.5125,27.0833,28.0,0.4845,0.4724,0.5087,0.4982,0.4994
2020-07-06,26.7708,23.9,31.5,24.9875,90.375,0.3738,0.5715,28.3154,20.9088,10.0361,23.4,4.26,1.3533,0.3175,0.995,100.3671,75.3333,27.3125,27.0,27.0792,28.0,0.4712,0.4834,0.508,0.4998,0.5003
2020-07-07,26.1208,23.6,29.4,24.55,91.3333,0.315,0.4815,27.4231,18.6552,8.9545,12.9,3.76,1.6062,-0.4466,1.4462,100.5863,87.4583,27.0,27.1125,27.1,27.9,0.4784,0.4768,0.5102,0.5022,0.501
2020-07-08,26.6,24.0,29.9,24.3083,87.8333,0.4625,0.7331,28.1077,20.1816,9.6869,5.8,4.23,1.8671,0.031,1.7388,100.6142,81.875,27.1958,27.0792,27.1167,27.9,0.4728,0.4911,0.509,0.5035,0.5027
2020-07-09,27.2625,24.4,30.9,24.8542,86.9583,0.5042,0.7408,28.6769,20.772,9.9707,5.5,4.31,1.7458,0.4836,1.5542,100.4725,98.75,27.4875,27.2833,27.2,27.9,0.4846,0.479,0.5055,0.504,0.4985
2020-07-10,26.8833,24.9,30.2,25.0542,90.0,0.3738,0.5415,28.0231,19.5948,9.4054,9.5,4.02,1.9767,0.2804,1.8503,100.5117,97.5833,27.4042,27.4333,27.2208,27.9,0.4773,0.4864,0.5027,0.504,0.4975
2020-07-11,27.0708,24.0,30.9,24.8125,88.0417,0.4721,0.7485,28.7615,20.5596,9.8686,6.1,4.3,1.2458,-0.0865,1.1072,100.4762,99.0417,27.6292,27.4417,27.3,27.9,0.4805,0.4886,0.5007,0.504,0.4967
2020-07-12,26.625,24.7,29.5,24.7667,89.8333,0.3721,0.5615,27.8538,17.5284,8.4135,5.1,3.61,2.0962,0.3873,1.9993,100.4246,99.4167,27.3167,27.4375,27.3083,27.9,0.4928,0.4851,0.4981,0.504,0.495
2020-07-13,25.7583,24.2,29.1,25.0333,96.0,0.1471,0.2462,26.8154,12.2724,5.8907,14.5,2.47,1.7629,0.1029,1.6791,100.4792,98.4167,26.7375,27.1208,27.3417,27.9,0.488,0.4932,0.5005,0.504,0.4981
2020-07-14,26.6833,24.0,31.3,24.1542,87.1667,0.5133,0.8177,28.0923,16.1604,7.7568,4.2,3.45,1.5896,1.1461,0.4885,100.5112,91.5417,27.1417,27.0125,27.3,27.9,0.4906,0.4872,0.5072,0.504,0.5018
2020-07-15,26.9875,25.1,29.6,24.7833,88.0,0.4442,0.6,28.0308,16.6284,7.9817,2.5,3.45,1.1746,0.2063,1.1087,100.4479,96.2917,27.1833,27.1917,27.3,27.8792,0.4803,0.4786,0.5043,0.504,0.4972
2020-07-16,26.3375,24.3,29.7,24.9875,92.5833,0.2721,0.4,27.4,17.7084,8.5002,24.8,3.6,1.2183,-0.0148,1.1446,100.4125,89.7917,27.125,27.2167,27.3,27.8,0.4767,0.4879,0.5051,0.5042,0.4995
2020-07-17,26.6792,23.7,30.2,25.05,91.125,0.345,0.5638,28.3923,18.8352,9.041,8.2,3.89,1.2383,-0.25,0.954,100.4992,73.5833,27.3958,27.2708,27.3167,27.8,0.456,0.4744,0.5112,0.5058,0.4996
2020-07-18,26.75,23.6,30.2,24.8042,89.4167,0.3992,0.6077,28.2231,20.3436,9.7647,13.3,4.18,1.3342,0.0592,1.0795,100.5592,72.6667,27.3792,27.3292,27.3917,27.8,0.4688,0.4783,0.5064,0.506,0.4979
2020-07-19,27.3125,25.0,30.8,24.9292,87.3333,0.4967,0.7692,28.8385,20.1672,9.6803,3.8,4.28,1.5054,0.2079,1.318,100.5171,95.125,27.7208,27.5083,27.4,27.8,0.4685,0.4818,0.5034,0.506,0.4964
2020-07-20,27.2625,24.7,30.3,25.6167,90.7917,0.3446,0.4915,28.5846,20.106,9.6509,11.0,4.13,1.3821,0.0088,1.2494,100.5067,97.0833,27.7625,27.6458,27.4167,27.8,0.4706,0.4798,0.4995,0.506,0.4934
2020-07-21,26.9458,24.6,30.0,24.8625,88.625,0.4267,0.6354,28.0846,15.5088,7.4443,9.3,3.24,0.9633,-0.1411,0.686,100.5671,95.875,27.525,27.6208,27.5,27.8,0.4711,0.4934,0.4966,0.506,0.4941
2020-07-22,26.9958,23.9,30.8,24.6083,87.125,0.4946,0.7638,28.5615,20.2032,9.6974,0.3,4.11,1.4062,-0.2893,1.2044,100.56,74.4167,27.5667,27.4917,27.5,27.8,0.4784,0.493,0.4945,0.506,0.4931
2020-07-23,27.025,24.3,31.1,24.6625,87.375,0.4883,0.7285,28.5077,21.3444,10.2454,6.9,4.46,1.2688,0.0413,1.1696,100.5688,93.8333,27.6292,27.5833,27.5,27.8,0.4797,0.4864,0.4908,0.5054,0.4891
2020-07-24,25.9875,24.4,29.9,24.675,92.75,0.2617,0.3854,26.7692,13.4208,6.442,24.5,2.81,0.8996,-0.0532,0.721,100.605,98.875,26.8875,27.3375,27.5,27.8,0.4721,0.4967,0.4937,0.505,0.4928
2020-07-25,26.1417,23.9,29.1,24.9208,93.1667,0.2454,0.3623,27.2692,17.5716,8.4344,18.7,3.56,1.1888,0.0902,1.028,100.5438,85.5833,27.0292,27.1375,27.5,27.8,0.4806,0.4868,0.5108,0.5064,0.5036
2020-07-26,26.3125,24.2,29.3,24.5667,90.4583,0.3487,0.5392,27.5769,19.368,9.2966,12.4,3.94,1.6479,0.088,1.4402,100.5383,62.1667,27.0292,27.0958,27.4958,27.8,0.492,0.4943,0.5096,0.5079,0.5052
2020-07-27,27.0042,24.4,30.9,24.5958,87.1667,0.4946,0.7692,28.5462,21.0312,10.0951,4.0,4.41,1.7421,0.2858,1.6391,100.45,88.4583,27.3708,27.2375,27.4125,27.8,0.4933,0.4968,0.5073,0.508,0.5041
2020-07-28,26.3917,24.7,28.8,24.8167,91.25,0.3133,0.4538,27.3538,16.344,7.8451,24.6,3.31,1.7688,0.4871,1.6168,100.5204,91.7917,27.1375,27.3125,27.4,27.8,0.4827,0.4888,0.51,0.5089,0.5037
2020-07-29,26.6958,24.2,30.8,25.1917,91.9167,0.3162,0.5192,28.2231,18.216,8.7435,17.8,3.7,1.1458,0.8086,0.5329,100.5667,99.0833,27.4042,27.3125,27.4,27.8,0.4848,0.4796,0.5121,0.5118,0.5033
2020-07-30,26.9792,24.0,30.5,24.4333,86.6667,0.5192,0.81,28.3615,18.09,8.6833,7.9,4.03,1.7354,1.2908,0.7459,100.5062,97.75,27.5125,27.4458,27.4167,27.8,0.4787,0.4631,0.5065,0.5153,0.4955
2020-07-31,27.1708,24.9,29.8,24.8167,87.25,0.4808,0.6923,28.4077,17.2044,8.258,10.1,3.71,2.405,1.6929,1.5905,100.2967,99.5833,27.5125,27.5,27.5,27.7625,0.485,0.4654,0.4945,0.515,0.4877
2020-08-01,25.9917,24.7,28.1,24.9917,94.3333,0.1971,0.2569,26.6769,7.9524,3.8171,16.9,1.87,2.8954,1.9554,2.0212,100.155,100.0,26.6083,27.175,27.5,27.7,0.4796,0.4908,0.4919,0.514,0.4908
2020-08-02,25.6125,24.5,27.0,24.8375,95.625,0.1488,0.1231,25.8846,9.0396,4.339,26.5,1.91,4.1396,3.2362,2.5547,100.0883,100.0,26.1542,26.6833,27.4,27.7,0.489,0.4985,0.4998,0.514,0.4987
2020-08-03,25.8792,24.8,28.5,25.1417,95.8333,0.1483,0.25,26.6385,14.4504,6.9362,48.0,3.02,3.8446,2.5898,2.8023,100.125,99.7917,26.3875,26.5333,27.3208,27.7,0.4871,0.4941,0.5021,0.5168,0.4994
2020-08-04,25.6,24.6,27.5,24.8042,95.4167,0.1567,0.2677,26.3385,9.5904,4.6033,19.7,1.98,3.5575,1.7594,3.0278,100.2667,99.875,26.1458,26.5042,27.2458,27.7,0.4709,0.4935,0.4861,0.5178,0.4866
2020-08-05,26.6375,24.5,30.1,24.9875,91.125,0.3442,0.55,28.0154,16.0812,7.7189,12.7,3.3,2.0712,1.1579,1.5801,100.4004,98.9583,26.875,26.6792,27.2,27.7,0.4782,0.4931,0.486,0.5166,0.487
2020-08-06,26.1083,23.9,29.5,24.9583,93.5417,0.235,0.3477,27.1462,15.7752,7.5719,13.8,3.2,1.6642,0.7499,1.3614,100.495,98.5417,26.6917,26.8167,27.2,27.7,0.4745,0.4902,0.4832,0.5155,0.4841
2020-08-07,25.6792,24.2,27.8,24.8125,95.1667,0.1687,0.2415,26.5154,10.5372,5.058,20.0,2.1,1.1079,0.0618,0.9154,100.4608,99.5833,26.2958,26.6708,27.125,27.7,0.4769,0.4979,0.4865,0.5147,0.4882
2020-08-08,25.325,23.4,28.1,24.7458,96.75,0.1138,0.1708,26.3615,13.734,6.5923,23.3,2.74,1.7675,0.5337,1.6035,100.4233,97.375,26.1375,26.4208,27.1,27.7,0.4835,0.4971,0.4919,0.514,0.4924
2020-08-09,25.8333,24.1,28.3,24.5042,92.5,0.2592,0.3762,26.6846,11.862,5.6939,22.6,2.6,2.3454,1.0192,2.0093,100.4221,94.5417,26.1875,26.3417,27.0208,27.7,0.4651,0.4831,0.5087,0.5155,0.5002
2020-08-10,25.9208,24.5,27.6,24.7708,93.5,0.2246,0.3077,26.7308,13.7232,6.5871,18.6,2.72,2.7867,1.4272,2.3514,100.54,96.9583,26.2833,26.4583,27.0,27.7,0.4778,0.4811,0.4988,0.5164,0.4936
2020-08-11,26.7083,24.4,29.7,24.2333,86.6667,0.4983,0.7638,28.2231,17.1648,8.2392,4.2,3.63,2.3812,1.4032,1.8472,100.5571,87.2083,26.8333,26.6125,26.95,27.6667,0.4808,0.4849,0.489,0.5155,0.4875
2020-08-12,26.1125,24.4,28.7,25.0167,93.7083,0.2192,0.3392,27.1846,18.1872,8.73,16.3,3.52,2.1708,0.7267,1.991,100.6046,99.4583,26.8708,26.8917,27.0,27.6,0.4812,0.4906,0.4852,0.5145,0.4861
2020-08-13,25.3458,24.2,27.4,24.5708,95.4583,0.1542,0.2615,26.1462,11.5452,5.5416,30.4,2.43,2.2288,0.8136,2.0166,100.5775,100.0,26.1542,26.6208,27.0,27.6,0.487,0.4961,0.4911,0.514,0.4919
2020-08-14,26.2375,24.3,29.2,23.9167,87.625,0.4542,0.7477,27.5308,14.508,6.9639,8.1,3.04,1.6475,0.7409,1.274,100.6229,99.1667,26.6208,26.5458,26.925,27.6,0.4939,0.4878,0.494,0.5152,0.4927
2020-08-15,26.0542,23.7,28.8,23.7833,87.6667,0.44,0.6254,27.1,12.7044,6.0982,0.8,2.64,1.0317,0.4827,0.6703,100.655,94.2917,26.35,26.5417,26.9,27.6,0.4791,0.4836,0.4836,0.5143,0.4833
2020-08-16,26.35,23.9,29.7,24.5458,90.0833,0.3667,0.5592,27.8,19.2276,9.2291,8.1,3.89,1.3158,0.2922,1.0904,100.6038,95.5417,26.8458,26.6833,26.9,27.6,0.479,0.478,0.475,0.5134,0.4759
2020-08-17,26.5875,23.5,30.4,24.5417,88.8333,0.4162,0.6169,28.0615,19.602,9.409,7.2,3.88,1.8512,0.6152,1.5661,100.5162,95.875,26.9042,26.8375,26.9,27.6,0.4921,0.4812,0.4682,0.5124,0.4726
2020-08-18,26.7792,24.0,30.8,24.575,88.25,0.4567,0.7138,28.3846,19.7244,9.4678,7.2,4.03,1.5729,0.2391,1.4021,100.4583,95.625,27.1458,27.0292,26.975,27.6,0.4948,0.4852,0.4631,0.5114,0.47
2020-08-19,27.1083,24.0,30.9,24.4125,85.7917,0.5583,0.8585,28.7923,22.1328,10.6236,1.8,4.6,1.5587,0.2143,1.3405,100.4275,75.2083,27.4958,27.2125,27.0,27.6,0.4808,0.4815,0.4588,0.5105,0.4651
2020-08-20,26.6792,24.1,29.6,24.5958,88.7917,0.4233,0.6423,27.9846,16.7184,8.025,0.2,3.38,1.5308,0.299,1.3159,100.5279,92.0833,27.1292,27.225,27.0417,27.5458,0.4673,0.4736,0.4543,0.5095,0.4593
2020-08-21,26.4125,24.4,30.5,24.5875,90.2083,0.3671,0.5385,27.5077,17.3448,8.3255,10.6,3.49,1.3396,0.2716,0.9442,100.6342,90.875,27.0542,27.1667,27.1,27.5,0.4809,0.4712,0.4502,0.5085,0.4568
2020-08-22,26.6,23.6,30.1,24.525,88.8333,0.4242,0.6338,28.1308,19.3392,9.283,7.8,4.07,1.7667,0.359,1.6365,100.6029,90.5,27.125,27.0417,27.1,27.5,0.477,0.4874,0.4477,0.5076,0.4581
2020-08-23,26.575,24.1,30.1,24.6792,89.7083,0.3883,0.6131,28.0077,19.2348,9.2329,10.1,3.96,2.3029,0.7155,2.1577,100.6404,91.5417,27.25,27.1958,27.1,27.5,0.4712,0.489,0.4518,0.5068,0.461
2020-08-24,27.4583,24.5,30.9,24.4958,84.8333,0.6167,0.9585,29.1923,21.5568,10.3472,1.2,4.49,1.6379,0.7831,1.2253,100.6888,68.7917,27.7458,27.3917,27.175,27.5,0.4546,0.4738,0.4543,0.506,0.4584
2020-08-25,27.6042,24.3,31.1,24.8625,85.5417,0.5788,0.8915,29.2538,21.9312,10.5269,4.3,4.48,1.4879,0.544,1.124,100.6304,57.3333,27.7583,27.5875,27.2083,27.5,0.4516,0.4634,0.4507,0.5052,0.4534
2020-08-26,27.8,24.5,31.5,24.5042,83.2083,0.6958,1.11,29.8,23.0616,11.0696,0.7,4.8,2.0833,0.7992,1.7129,100.5488,46.5833,27.9333,27.6833,27.3,27.5,0.448,0.4554,0.4471,0.5045,0.4489
2020-08-27,28.2125,24.5,32.5,24.225,80.4167,0.8375,1.3246,30.2,24.7968,11.9024,0.0,5.27,2.0525,1.1252,1.2901,100.4083,87.6667,28.2542,27.8708,27.3292,27.5,0.4315,0.446,0.4432,0.5037,0.4429
2020-08-28,27.8,25.6,30.8,24.7583,84.125,0.6329,0.9692,29.2308,14.2596,6.8447,2.8,3.06,1.6158,0.7159,1.1547,100.2942,90.6667,27.9792,27.9875,27.4167,27.5,0.4205,0.4375,0.4395,0.503,0.4377
2020-08-29,27.1917,24.6,31.0,25.125,88.7917,0.4338,0.6292,28.6,20.8764,10.0205,15.0,4.25,1.575,0.03,1.3555,100.3138,90.125,27.9083,27.875,27.5,27.5,0.4445,0.434,0.4364,0.502,0.4365
2020-08-30,26.6417,23.7,30.2,25.025,91.25,0.3367,0.5362,28.2308,21.3372,10.242,9.7,4.28,1.7412,-0.1744,1.6015,100.3275,82.25,27.6042,27.6625,27.5,27.5,0.4769,0.4534,0.4339,0.5015,0.441
2020-08-31,27.1208,23.8,30.3,24.8792,88.0,0.465,0.6931,28.7462,20.5596,9.8687,2.9,4.27,1.94,0.1174,1.8152,100.4137,78.5,27.7042,27.625,27.5,27.5,0.4723,0.4667,0.4325,0.5008,0.4425
2020-09-01,26.375,24.8,29.5,24.8125,91.2083,0.3138,0.4531,27.3538,14.7708,7.0901,9.8,2.99,1.5579,0.3812,1.3538,100.5117,96.5833,27.2167,27.5208,27.5,27.5,0.488,0.4702,0.431,0.5,0.4432
2020-09-02,26.1792,25.1,27.8,25.2958,94.8333,0.1729,0.1892,26.7077,12.7728,6.131,23.7,2.63,1.0012,0.4156,0.746,100.6142,98.3333,26.6917,27.0917,27.5,27.5,0.477,0.4899,0.4389,0.4995,0.4523
2020-09-03,26.625,24.0,31.2,25.0167,91.3333,0.3325,0.5154,27.9077,17.604,8.4498,7.4,3.64,1.0608,0.3998,0.8793,100.5812,89.7083,27.2083,27.0958,27.4375,27.5,0.4795,0.49,0.4503,0.499,0.4607
2020-09-04,26.4875,23.9,30.7,24.8083,90.6667,0.3462,0.5308,27.7154,17.9208,8.6019,15.4,3.74,1.205,-0.1177,1.1335,100.5404,89.0833,27.1875,27.2542,27.4,27.5,0.4769,0.4945,0.4559,0.4987,0.4655
2020-09-05,26.7875,24.7,30.2,24.6875,88.5417,0.4254,0.6446,28.0462,17.73,8.5105,7.9,3.7,1.6883,0.1699,1.5155,100.4954,87.875,27.325,27.2833,27.4,27.5,0.4693,0.4859,0.4628,0.498,0.4681
2020-09-06,26.475,24.3,30.5,24.4958,89.625,0.4017,0.6469,27.7077,19.2024,9.217,10.0,3.95,1.9417,0.5277,1.7371,100.5296,94.5833,27.4167,27.4083,27.4,27.5,0.4871,0.4923,0.4628,0.498,0.4707
2020-09-07,26.65,24.1,30.6,24.6125,89.125,0.4188,0.6792,28.1462,18.6336,8.9441,11.8,3.75,1.755,0.6036,1.4692,100.5692,97.0417,27.2583,27.3208,27.4,27.5,0.4639,0.4937,0.4689,0.4975,0.4738
2020-09-08,26.5583,24.6,29.5,25.0667,91.5417,0.3067,0.4531,27.7846,18.3672,8.8162,9.9,3.68,1.6754,0.1248,1.6282,100.645,98.0417,27.1583,27.2542,27.4,27.5,0.4735,0.4825,0.4764,0.497,0.4775
2020-09-09,27.0625,24.5,31.8,24.9958,88.8333,0.4358,0.6692,28.5154,19.8576,9.5316,7.7,4.2,1.1917,-0.032,1.1291,100.5912,98.2917,27.5542,27.3625,27.4,27.5,0.4802,0.491,0.4756,0.497,0.4792
2020-09-10,26.4458,24.5,29.9,24.9125,91.3333,0.3083,0.4469,27.4462,16.1712,7.7623,17.8,3.37,1.3637,0.1961,1.2288,100.4388,97.2083,27.1542,27.3833,27.4,27.5,0.463,0.4928,0.4812,0.497,0.4824
2020-09-11,26.8833,24.5,31.0,24.6375,87.875,0.4621,0.7108,28.3615,19.7712,9.4902,6.1,4.12,1.3946,0.2638,1.2904,100.5329,95.9583,27.4042,27.3125,27.4,27.5,0.4618,0.4791,0.4891,0.497,0.4851
2020-09-12,26.7167,24.3,30.9,24.8083,89.5417,0.3971,0.5885,28.1923,19.8324,9.5196,7.3,4.12,1.3067,-0.1583,1.1828,100.6858,79.375,27.4958,27.4417,27.4,27.5,0.4801,0.4756,0.487,0.4965,0.4842
2020-09-13,25.9958,24.0,29.5,24.5625,91.9583,0.2838,0.4523,27.1538,15.8076,7.5876,22.0,3.14,1.1346,0.0558,1.0274,100.7304,96.25,26.8917,27.2292,27.4,27.5,0.4704,0.4897,0.4958,0.4965,0.4927
2020-09-14,26.2667,23.1,30.5,24.4167,90.0417,0.3754,0.6008,27.6923,19.6452,9.4297,11.4,3.95,1.2883,0.1405,1.1327,100.625,96.625,26.9875,27.0417,27.375,27.5,0.4795,0.4901,0.4984,0.497,0.4954
2020-09-15,25.5958,24.0,27.6,24.3875,93.25,0.23,0.2969,26.3846,13.0788,6.2779,11.9,2.57,1.5058,0.1034,1.4238,100.6396,95.8333,26.3875,26.8458,27.3083,27.5,0.465,0.491,0.504,0.4975,0.4985
2020-09-16,26.0208,23.8,29.2,24.9417,93.9583,0.2179,0.3215,27.3077,16.3764,7.8607,15.9,3.34,1.3446,0.1017,1.2233,100.5571,89.7083,26.6667,26.7417,27.2542,27.5,0.4736,0.4782,0.5082,0.4999,0.4994
2020-09-17,26.05,23.9,30.0,24.9792,94.0417,0.2188,0.3542,27.3833,15.0912,7.2437,15.4,3.17,1.4258,0.4538,1.1711,100.3379,99.5417,26.7,26.825,27.2,27.5,0.4534,0.472,0.5085,0.504,0.497
2020-09-18,25.5042,24.5,28.3,24.9458,96.8333,0.1133,0.18,26.325,7.3872,3.5459,17.2,1.53,2.3875,1.6542,1.6298,100.0354,100.0,26.1917,26.65,27.2,27.5,0.4843,0.4822,0.508,0.5049,0.5009
2020-09-19,24.7667,24.2,25.5,24.5917,98.8333,0.0346,0.0333,25.0,4.2876,2.058,48.0,1.03,4.3733,2.5573,3.4675,100.2296,99.9583,25.5125,26.1417,27.0917,27.5,0.4828,0.4772,0.5098,0.5121,0.501
2020-09-20,24.5542,23.3,25.4,24.375,98.7917,0.0338,0.0458,24.8917,4.6044,2.2101,34.3,0.91,2.5429,0.709,2.3328,100.6817,100.0,25.2792,25.825,26.9708,27.5,0.4855,0.4956,0.4878,0.517,0.4893
2020-09-21,25.2917,22.8,29.5,24.1833,93.9167,0.2246,0.4025,26.7833,13.5108,6.4853,21.3,2.91,0.8521,0.3026,0.0861,100.6846,94.6667,25.8042,25.7833,26.8417,27.4417,0.4912,0.5008,0.488,0.5168,0.4909
2020-09-22,26.4958,23.7,30.6,24.9667,91.75,0.3162,0.515,28.0583,18.3204,8.7936,16.2,3.72,0.8658,0.054,-0.511,100.6258,85.125,26.7333,26.4,26.8,27.4,0.4693,0.4892,0.4852,0.5159,0.4849
2020-09-23,26.0333,24.3,28.6,25.2167,95.375,0.1687,0.2908,27.2583,13.5,6.48,16.2,2.8,0.8129,-0.1163,0.3039,100.6546,96.7917,26.6333,26.7167,26.8,27.4,0.4738,0.4893,0.4868,0.515,0.4864
2020-09-24,25.6083,23.2,30.1,24.3917,93.2917,0.2458,0.415,27.2417,17.928,8.6056,20.5,3.62,1.1667,0.2347,0.7113,100.7858,88.4167,26.5833,26.6292,26.8,27.4,0.4693,0.4902,0.4894,0.5142,0.4882
2020-09-25,26.7542,23.3,31.1,24.2792,87.2083,0.5125,0.8575,28.8083,21.5964,10.3663,1.6,4.49,1.8367,0.7166,1.4715,100.6946,71.2083,27.1875,26.8292,26.8,27.4,0.425,0.4762,0.496,0.5139,0.4869
2020-09-26,26.65,24.3,30.2,24.9333,90.6667,0.3538,0.5442,28.175,18.4752,8.868,13.9,3.74,1.415,0.581,0.9514,100.6212,97.125,27.1167,27.075,26.8875,27.4,0.4845,0.47,0.487,0.513,0.4833
2020-09-27,27.1375,24.6,31.3,25.1792,89.5417,0.4192,0.695,28.7667,17.8812,8.5831,21.7,3.71,1.0779,0.5251,0.4088,100.4458,97.625,27.4333,27.2292,26.9083,27.4,0.4837,0.488,0.4809,0.5125,0.4826
2020-09-28,25.4375,24.3,29.0,24.7458,96.25,0.1404,0.2625,26.425,9.2052,4.4186,60.5,1.97,1.1117,-0.3296,0.5621,100.3454,99.6667,26.5292,26.9667,27.0,27.4,0.4905,0.4978,0.5083,0.514,0.5049
2020-09-29,25.0417,23.8,26.6,24.3083,95.7917,0.1396,0.1933,25.625,7.2144,3.4629,15.0,1.55,2.75,1.1842,2.4548,100.5196,100.0,25.7208,26.3042,26.9458,27.4,0.4828,0.4653,0.4778,0.518,0.4755
2020-09-30,25.8083,23.5,29.3,24.4958,92.7083,0.2621,0.4142,27.2083,13.23,6.3503,12.5,2.77,1.6812,1.0995,1.0873,100.4871,98.1667,26.2042,26.2,26.9,27.4,0.4877,0.4842,0.4562,0.5158,0.4643
2020-10-01,25.975,24.1,29.8,24.3417,91.125,0.3212,0.4717,26.9167,8.9676,4.3044,9.6,1.97,1.5933,1.1209,0.9332,100.3887,84.6667,25.9875,26.2458,26.8042,27.3917,0.4923,0.498,0.4531,0.5142,0.4653
2020-10-02,25.7125,23.4,28.3,24.6875,94.25,0.2033,0.3208,27.0083,14.1336,6.7841,19.8,2.93,1.0629,0.0498,0.8745,100.4192,96.9167,26.3042,26.3333,26.8,27.3,0.4815,0.4938,0.4594,0.5128,0.4682
2020-10-03,25.025,23.4,27.2,24.3917,96.3333,0.1217,0.1958,26.1167,10.6596,5.1167,13.5,2.16,1.4125,-0.1237,1.2455,100.5417,99.5833,25.8208,26.2125,26.7417,27.3,0.4978,0.4981,0.4665,0.512,0.4754
2020-10-04,25.775,23.7,28.1,24.4042,92.4167,0.2683,0.3867,26.8083,13.5144,6.4868,19.2,2.78,1.5125,0.4686,1.3531,100.6425,99.125,26.1792,26.1708,26.7,27.3,0.4797,0.4979,0.4747,0.511,0.4799
2020-10-05,26.4125,24.3,30.4,24.9417,92.0,0.2967,0.4217,27.625,16.614,7.9748,15.4,3.39,0.8138,0.0635,0.5622,100.5917,99.2917,26.6375,26.4542,26.7,27.3,0.4734,0.4914,0.4796,0.5106,0.4816
2020-10-06,25.95,23.6,29.4,24.8917,94.2083,0.2175,0.4,27.2167,13.518,6.4886,8.6,2.8,0.5988,0.2125,-0.2254,100.5512,99.25,26.6208,26.6375,26.7,27.3,0.4677,0.4961,0.4825,0.51,0.4843
2020-10-07,25.425,23.8,29.2,24.2833,93.625,0.2238,0.3542,26.5667,10.5912,5.0839,17.1,2.3,2.0092,-0.532,-1.8468,100.3988,100.0,25.9917,26.4042,26.7,27.3,0.4601,0.4777,0.4875,0.5099,0.4835
2020-10-08,24.9083,23.6,27.9,22.775,88.2917,0.3829,0.515,25.6083,9.2376,4.4341,2.2,2.01,1.7933,-0.096,-1.7696,100.2554,100.0,25.4417,25.9625,26.675,27.3,0.4861,0.4868,0.4828,0.509,0.4839
2020-10-09,24.5333,23.0,28.2,24.2083,98.0417,0.0646,0.1058,25.4333,4.7088,2.2603,37.0,1.03,1.5183,-1.0036,-1.105,100.365,100.0,25.2333,25.6458,26.5958,27.3,0.4769,0.4932,0.4946,0.5095,0.4931
2020-10-10,24.3958,23.6,26.2,23.9792,97.5,0.0792,0.1383,24.9583,4.338,2.0824,59.0,0.99,1.5621,-1.2206,-0.8101,100.3754,99.7917,24.9875,25.4458,26.4958,27.3,0.4761,0.4896,0.5089,0.5133,0.5026
2020-10-11,24.9,23.2,27.8,23.275,91.2083,0.3021,0.4475,26.025,10.1052,4.8504,16.2,2.08,1.9854,-1.2304,-1.5485,100.3146,100.0,25.275,25.4667,26.4,27.2042,0.489,0.4734,0.4662,0.5176,0.4693
2020-10-12,25.2708,22.9,28.5,22.5833,85.75,0.5004,0.785,26.8333,14.202,6.8171,0.7,3.05,1.6158,-0.795,-1.3876,100.2821,96.0,25.5875,25.6042,26.3208,27.2,0.4743,0.471,0.447,0.5156,0.4539
2020-10-13,23.9667,22.1,27.3,22.2667,90.7083,0.3012,0.5158,25.1333,8.8704,4.2579,7.8,1.83,1.5525,0.2769,-1.4232,100.3321,99.7083,24.7958,25.45,26.3,27.2,0.4832,0.4688,0.4401,0.5136,0.4492
2020-10-14,24.1292,22.5,26.3,23.1,94.125,0.1838,0.2708,24.8583,5.8464,2.8064,3.4,1.28,1.1579,0.7331,-0.4335,100.3842,99.375,24.6083,25.0667,26.2042,27.2,0.4887,0.4792,0.4363,0.5121,0.449
2020-10-15,25.2625,22.6,28.9,24.325,94.75,0.1892,0.335,26.925,14.3028,6.8654,25.8,2.93,1.3617,0.0888,1.1778,100.3479,95.375,25.6042,25.3875,26.1042,27.2,0.4746,0.4957,0.4388,0.5106,0.4533
2020-10-16,24.55,23.4,26.4,24.4292,99.375,0.0242,0.0317,25.2917,4.5612,2.1895,22.8,1.02,0.6338,-0.3584,0.4078,100.2692,100.0,25.1417,25.5292,26.1,27.1917,0.4764,0.495,0.4584,0.5098,0.4673
2020-10-17,24.5,23.5,26.5,24.225,98.3333,0.055,0.1,25.2083,6.2712,3.0102,14.3,1.33,0.6979,-0.1416,0.2005,100.2137,100.0,25.2333,25.4333,26.1,27.1,0.4786,0.4908,0.4681,0.509,0.4736
2020-10-18,24.5333,23.4,27.3,23.5292,94.2917,0.1879,0.36,25.35,9.7416,4.6759,10.4,2.01,0.8917,0.0256,-0.0422,100.4429,99.6667,25.2208,25.4,26.0167,27.1,0.4958,0.4898,0.4769,0.5085,0.4809
2020-10-19,24.9292,22.9,28.0,23.9875,94.7083,0.1825,0.3167,26.2,12.618,6.0567,21.6,2.58,0.8804,-0.0277,0.1035,100.5679,95.6667,25.5292,25.5083,26.0,27.1,0.4803,0.499,0.4832,0.508,0.4864
2020-10-20,25.5125,21.9,29.6,22.9375,86.5833,0.4958,0.7833,27.2833,15.4368,7.4096,0.7,3.17,1.7583,-0.9843,-1.4442,100.6538,94.5417,25.9333,25.7625,26.0,27.1,0.4432,0.478,0.4975,0.508,0.4896
2020-10-21,25.6667,23.1,28.5,22.3167,82.0833,0.6167,0.8517,26.975,13.5108,6.4853,0.0,2.89,2.4317,-1.1361,-2.1274,100.66,92.0417,25.8333,25.8667,26.0083,27.1,0.4452,0.4655,0.4925,0.5075,0.4835
2020-10-22,25.9708,23.6,30.0,21.7,77.875,0.7833,1.1275,27.4667,21.3156,10.2316,0.0,4.57,2.7933,-1.663,-2.213,100.6225,65.5417,26.3,26.075,26.1,27.0292,0.4341,0.4552,0.4866,0.507,0.4763
2020-10-23,24.925,22.9,28.1,19.4292,72.4583,0.9054,1.2775,26.2917,19.9224,9.5627,0.0,4.49,2.6038,-1.606,-2.0102,100.6867,98.125,25.4,25.8792,26.1,27.0,0.4191,0.445,0.4803,0.5065,0.4686
2020-10-24,24.9417,21.8,29.5,19.375,72.375,0.9429,1.3592,26.9917,21.3984,10.2712,0.0,4.8,2.2833,-1.395,-1.7692,100.7321,80.3333,25.2375,25.4792,26.1,27.0,0.4057,0.4356,0.4742,0.506,0.4613
2020-10-25,24.5125,19.5,29.7,19.9542,77.25,0.8046,1.3142,27.3667,22.2156,10.6635,0.0,4.63,1.7808,-1.0055,-1.457,100.7558,90.0833,25.175,25.3875,26.0375,27.0,0.3929,0.4265,0.4683,0.5053,0.4542
2020-10-26,25.4917,19.9,31.1,21.3,80.0,0.7904,1.4133,28.5,22.3668,10.7361,0.0,4.59,1.0433,-0.4414,-0.7416,100.6625,63.2083,25.8583,25.5917,26.0,27.0,0.3811,0.4182,0.4625,0.5046,0.4475
2020-10-27,25.5083,22.0,30.0,22.5208,84.625,0.5662,0.9808,27.5,18.504,8.882,1.2,3.81,1.1304,-0.4382,-0.8092,100.585,99.5417,26.2083,26.125,26.0333,27.0,0.3756,0.4111,0.4573,0.504,0.4419
2020-10-28,25.7708,22.5,29.7,22.6958,84.25,0.5875,0.9817,27.5833,13.9068,6.6752,0.0,3.04,1.4008,0.5455,-0.6627,100.5038,100.0,26.0833,26.0958,26.1,26.9458,0.3764,0.4063,0.4528,0.5032,0.4377
2020-10-29,25.4958,23.5,28.5,23.5833,89.7917,0.3654,0.5958,26.7583,9.5544,4.586,4.6,2.08,1.6804,0.8382,0.7867,100.4812,99.25,25.8792,26.1167,26.1167,26.9,0.3824,0.403,0.449,0.5027,0.4347
2020-10-30,25.1542,23.0,29.3,23.85,92.9167,0.255,0.4517,26.5583,13.1292,6.302,4.9,2.75,1.0933,-0.6828,0.4415,100.7475,94.5,25.8375,25.9125,26.1583,26.9,0.4285,0.4031,0.4456,0.502,0.4355
2020-10-31,25.4542,22.7,29.4,23.9167,91.5417,0.3071,0.5342,27.1167,14.5152,6.9675,6.2,2.97,1.0179,-0.6497,-0.678,100.8125,86.25,26.1,26.0083,26.1792,26.9,0.4499,0.4069,0.4425,0.5014,0.4355
2020-11-01,26.2917,23.9,30.8,24.0042,87.9583,0.4662,0.7708,27.95,16.3368,7.8416,4.6,3.33,2.2562,-1.446,-1.6583,100.8267,81.7917,26.3917,26.2083,26.2,26.9,0.4688,0.4184,0.4395,0.5009,0.4371
2020-11-02,26.6375,23.4,30.5,23.4042,83.4583,0.6479,1.0708,28.6667,18.1296,8.7022,0.0,3.9,1.9829,-1.2696,-1.4712,100.8346,66.0833,26.7417,26.475,26.2208,26.9,0.4462,0.4219,0.4364,0.5,0.4341
2020-11-03,26.8292,24.1,30.7,22.8583,80.0,0.7775,1.2242,28.7583,19.4004,9.3123,0.1,4.33,2.33,-1.5577,-1.6927,100.8829,41.625,27.0125,26.7083,26.3,26.9,0.4235,0.4177,0.4332,0.4994,0.4293
2020-11-04,25.7375,22.7,29.6,22.4042,82.7917,0.6229,1.025,27.6083,17.8956,8.5896,0.6,3.75,1.8229,-1.1541,-1.3365,100.8908,72.75,26.35,26.5667,26.4,26.9,0.4068,0.4119,0.43,0.4986,0.4246
2020-11-05,26.5042,23.2,30.6,21.8083,76.4167,0.8858,1.2775,28.3083,20.4624,9.822,0.0,4.53,2.4125,-1.3444,-1.9618,100.8588,80.9583,26.5875,26.4208,26.4,26.9,0.3925,0.4058,0.427,0.4979,0.4201
2020-11-06,26.4667,22.8,30.7,21.4917,74.8333,0.9262,1.2817,28.2583,20.6964,9.9343,0.2,4.83,2.9396,-1.7841,-2.3283,100.8621,24.6667,26.8042,26.6375,26.4125,26.8208,0.3762,0.3988,0.4239,0.497,0.4153
2020-11-07,25.5875,24.2,27.7,21.45,77.875,0.7308,0.8333,26.3417,11.1708,5.3619,0.5,2.88,3.1296,-2.035,-2.3289,100.9175,67.2917,26.2667,26.6,26.5,26.8,0.3652,0.393,0.4211,0.4963,0.4113
2020-11-08,24.8917,22.0,28.4,21.7583,83.4583,0.5596,0.6925,25.6333,11.1744,5.3637,13.0,2.76,3.1346,-1.9818,-2.331,100.9529,90.4167,25.3958,25.9417,26.4792,26.8,0.4398,0.4227,0.4194,0.4958,0.4215
2020-11-09,25.6417,22.7,29.3,19.7167,70.125,1.0146,1.2592,26.8917,19.8,9.5037,0.0,4.76,3.7392,-2.2745,-2.9165,100.8483,58.25,25.9333,25.9083,26.4,26.8,0.4237,0.426,0.4171,0.495,0.4195
2020-11-10,24.8667,22.2,27.9,17.6167,64.25,1.1408,1.3308,25.7333,21.0168,10.088,0.0,5.43,4.5371,-2.927,-3.4442,100.7717,91.625,25.6125,25.9125,26.4,26.8,0.4012,0.4171,0.4148,0.4942,0.4143
2020-11-11,22.7833,20.4,25.3,17.7625,73.7083,0.7412,0.6125,22.5,8.1288,3.9019,6.6,2.55,4.5012,-2.391,-3.8098,100.8508,90.7917,23.8375,25.1708,26.3208,26.8,0.4261,0.4122,0.4127,0.4936,0.4135
2020-11-12,24.1708,21.5,27.0,20.1875,78.5833,0.6554,0.73,25.125,11.34,5.4432,0.0,2.66,3.5867,-2.3653,-2.643,100.9104,85.25,24.5208,24.6625,26.15,26.8,0.4309,0.4123,0.4115,0.493,0.413
2020-11-13,25.325,22.4,28.8,19.5875,70.7083,0.9662,1.135,26.5583,18.4968,8.8786,0.0,4.5,3.3204,-2.0288,-2.6132,100.8375,77.2917,25.5375,25.2833,26.0417,26.8,0.4105,0.4079,0.4098,0.4923,0.4094
2020-11-14,24.5083,21.3,28.7,16.9333,63.1667,1.1746,1.4558,26.025,21.726,10.4286,0.0,5.2,3.2438,-1.9961,-2.5418,100.7637,47.9167,25.1333,25.4125,26.0,26.8,0.3894,0.4007,0.4072,0.4915,0.4046
2020-11-15,25.25,21.0,30.0,18.6958,67.7083,1.1004,1.4808,27.5083,21.1896,10.171,0.0,4.95,2.66,-1.7746,-1.962,100.8292,73.0833,25.4208,25.375,26.0,26.8,0.3707,0.3929,0.4051,0.4908,0.4001
2020-11-16,26.0708,21.3,31.3,21.025,75.2917,0.945,1.4333,28.5417,19.566,9.3917,0.0,4.33,2.1125,-1.4391,-1.514,100.8679,35.4167,26.1042,25.7708,25.9708,26.7708,0.356,0.3859,0.403,0.49,0.3961
2020-11-17,26.9292,22.3,31.9,22.2083,76.8333,0.9325,1.4592,29.4583,18.594,8.9251,0.2,4.24,2.1629,-1.4002,-1.5918,100.7125,30.3333,26.8667,26.35,26.0042,26.7,0.3451,0.3793,0.401,0.4894,0.3925
2020-11-18,27.3458,22.2,32.6,22.7042,77.7917,0.95,1.5792,30.125,18.9072,9.0754,0.0,4.14,1.2804,-0.8719,-0.7249,100.6417,15.6667,27.3125,26.7958,26.1083,26.7,0.3357,0.3732,0.399,0.4886,0.3891
2020-11-19,27.6708,22.7,33.0,22.9625,77.9583,0.9712,1.6958,30.5,19.2996,9.2637,0.0,4.3,1.3408,-0.6957,-0.1968,100.6071,32.625,27.6792,27.1167,26.2208,26.7,0.3263,0.3672,0.397,0.488,0.3858
2020-11-20,26.8417,24.2,32.1,24.6292,88.625,0.4604,0.8175,28.5083,16.5024,7.9212,16.6,3.47,0.6938,-0.1921,0.1702,100.6775,79.4583,27.3667,27.3167,26.3458,26.7,0.3802,0.3653,0.3954,0.487,0.388
2020-11-21,26.05,23.1,31.6,24.3167,90.8333,0.3558,0.6275,27.7833,14.6268,7.0209,8.7,3.03,0.6146,-0.0338,-0.1587,100.7042,81.7083,26.7125,26.9083,26.4375,26.7,0.4548,0.3898,0.3943,0.4868,0.3976
2020-11-22,26.1667,23.4,31.2,24.0458,89.0,0.4288,0.7658,27.725,15.7356,7.5529,2.2,3.3,0.7033,-0.0791,-0.0328,100.8554,90.25,26.7167,26.6583,26.5,26.7,0.453,0.4178,0.3935,0.486,0.4028
2020-11-23,26.675,22.6,31.4,23.3208,83.0833,0.6796,1.1117,29.0,17.316,8.3116,0.8,3.75,1.89,-1.0904,-1.4589,100.8546,54.0,26.8,26.6583,26.5,26.7,0.4356,0.4176,0.3925,0.4855,0.4008
2020-11-24,26.5,22.6,31.0,22.1583,78.4167,0.8425,1.3258,28.8167,18.5148,8.8873,0.0,4.1,2.2917,-1.5583,-1.5835,100.8462,15.0417,26.6917,26.6833,26.5167,26.7,0.4148,0.412,0.3915,0.485,0.3974
2020-11-25,26.4792,22.3,31.1,21.6417,76.125,0.9233,1.4042,28.825,19.0404,9.1395,0.0,4.27,2.6571,-1.8415,-1.8228,100.7938,36.5417,26.5833,26.5792,26.5708,26.7,0.3955,0.4048,0.3901,0.4842,0.3936
2020-11-26,26.6292,22.2,31.6,21.25,74.0417,1.0142,1.5233,28.95,20.178,9.6855,0.0,4.59,2.7713,-1.8707,-1.9812,100.8567,65.7083,26.7583,26.6583,26.6,26.7,0.3781,0.3975,0.3885,0.4836,0.3897
2020-11-27,26.2333,22.4,30.7,20.8167,73.4167,0.9958,1.4367,28.375,16.344,7.8451,0.0,3.93,3.0275,-2.0735,-2.0505,100.9042,61.0833,26.2875,26.5125,26.6,26.7,0.363,0.39,0.3872,0.483,0.3861
2020-11-28,26.6833,23.7,30.8,19.4292,65.0833,1.2721,1.6142,28.2417,19.3464,9.2863,0.0,4.7,3.5038,-2.219,-2.615,100.9412,32.25,26.5875,26.5125,26.6,26.7,0.3493,0.3828,0.3855,0.4823,0.3824
2020-11-29,25.7333,23.5,29.5,19.4667,68.5833,1.0567,1.1825,26.4333,13.302,6.385,0.0,3.69,3.8629,-2.5768,-2.8301,100.9246,71.6667,26.2083,26.5167,26.6,26.7,0.3377,0.3763,0.3844,0.4816,0.3794
2020-11-30,23.9,22.1,25.5,18.0,69.7083,0.9054,0.9117,23.75,7.4556,3.5787,0.3,2.94,4.7929,-3.3081,-3.4545,100.9383,91.875,24.7833,25.8125,26.5458,26.7,0.3359,0.3718,0.3834,0.481,0.3776
2020-12-01,24.1125,22.3,27.4,17.5083,66.6667,1.0092,1.115,24.7833,11.0448,5.3016,0.0,3.52,4.6296,-3.0407,-3.4789,100.9829,94.9167,24.8083,25.2917,26.4375,26.7,0.3305,0.3681,0.3825,0.4805,0.3758
2020-12-02,25.0292,22.0,28.9,19.9625,73.9167,0.8638,0.9975,25.9667,9.4932,4.5567,0.2,2.88,4.0054,-2.9516,-2.5754,100.8879,87.0833,25.1667,25.2542,26.3208,26.7,0.326,0.3642,0.3815,0.48,0.374
2020-12-03,25.8917,23.7,28.9,18.9708,65.875,1.1596,1.3458,26.9417,15.3648,7.3751,0.0,3.84,3.8142,-2.5499,-2.7786,100.8988,41.9167,26.0792,25.8292,26.2333,26.7,0.3189,0.3597,0.3805,0.4795,0.3718
2020-12-04,24.2375,21.4,27.9,16.275,61.5833,1.1975,1.4233,25.4833,19.7496,9.4797,0.0,4.65,4.1408,-2.8878,-2.9184,100.9425,45.0833,25.2917,25.7292,26.2,26.7,0.3099,0.3546,0.379,0.4789,0.369
2020-12-05,23.4417,19.6,27.6,15.4042,61.0833,1.16,1.405,24.9417,19.674,9.4437,0.0,4.55,3.8004,-2.5898,-2.7353,101.0404,29.7917,24.6083,25.2,26.15,26.6958,0.3014,0.3494,0.3775,0.478,0.3663
2020-12-06,24.025,20.1,28.4,16.4792,63.25,1.1462,1.4475,25.6333,19.7964,9.5022,0.0,4.39,3.2442,-2.0885,-2.4492,101.0379,76.375,24.8042,25.0708,26.0542,26.6042,0.2942,0.3444,0.376,0.4775,0.3636
2020-12-07,25.1125,20.5,30.3,17.4458,63.1667,1.2438,1.6167,27.225,20.1924,9.6923,0.0,4.51,2.7762,-1.7796,-2.1,101.0192,46.2917,25.4792,25.2917,26.0,26.6,0.2882,0.3397,0.3745,0.477,0.3612
2020-12-08,25.4208,22.0,30.3,18.7208,67.375,1.1267,1.4933,27.2,17.6472,8.4706,0.0,4.16,3.1679,-1.9104,-2.4935,101.0083,61.375,25.8083,25.7333,26.0,26.6,0.2832,0.3352,0.373,0.476,0.3588
2020-12-09,24.8958,21.0,29.6,17.5,64.2917,1.1888,1.55,26.7417,20.3256,9.7564,0.0,4.54,2.7838,-1.5657,-2.268,100.8762,65.2917,25.7375,25.7875,26.0,26.6,0.2792,0.3312,0.3715,0.4756,0.3566
2020-12-10,25.6042,20.4,31.2,18.1917,64.875,1.2608,1.7433,28.0083,18.8532,9.0496,0.0,4.3,2.2338,-1.4681,-1.6399,100.8075,56.0417,25.9375,25.7417,26.0,26.6,0.2755,0.3275,0.37,0.475,0.3545
2020-12-11,26.7667,23.0,32.5,20.4667,69.8333,1.1571,1.7375,29.0833,16.938,8.1302,3.6,3.97,2.0962,-1.5516,-1.3228,100.7775,61.5,27.0292,26.4458,26.0125,26.6,0.2757,0.324,0.3685,0.4742,0.3527
2020-12-12,26.7208,22.7,32.2,22.625,80.0,0.8129,1.3783,29.1,16.1316,7.743,3.6,3.55,1.4121,-0.9149,-0.9839,100.6958,65.625,27.0292,26.7208,26.1,26.6,0.3132,0.3211,0.3675,0.4737,0.354
2020-12-13,26.0583,23.8,31.0,23.7458,87.9167,0.4583,0.765,27.6333,14.004,6.7217,11.6,2.94,0.6912,-0.2923,0.1837,100.6512,79.875,26.7125,26.7667,26.2,26.6,0.3705,0.3204,0.3666,0.473,0.3572
2020-12-14,26.6583,22.8,31.3,23.5917,84.4583,0.6229,1.0292,28.6667,15.642,7.508,0.7,3.31,0.7738,-0.6574,-0.1541,100.6954,98.4583,26.8083,26.5625,26.2292,26.6,0.4111,0.3255,0.366,0.473,0.3607
2020-12-15,26.4417,23.7,31.4,23.5875,85.5,0.5754,1.0125,28.4417,15.732,7.5514,1.7,3.38,1.3333,-0.9595,-0.5606,100.8429,92.7917,26.8333,26.6958,26.3,26.6,0.401,0.3276,0.3655,0.472,0.3601
2020-12-16,26.3875,23.5,30.3,22.2458,79.2083,0.7788,1.1475,27.9667,15.1848,7.2886,0.2,3.37,2.5533,-1.6938,-1.8681,100.93,71.3333,26.5708,26.6042,26.3375,26.6,0.3952,0.3293,0.3646,0.4719,0.3594
2020-12-17,26.4792,23.0,30.8,19.9917,68.375,1.15,1.5183,27.9417,17.5284,8.4137,0.0,4.08,2.9679,-2.0565,-2.0005,100.865,69.7917,26.5917,26.5167,26.4,26.6,0.3725,0.3285,0.3636,0.471,0.3569
2020-12-18,26.375,23.0,30.6,19.0458,64.625,1.2633,1.5917,27.75,18.8352,9.0408,0.0,4.46,3.0229,-1.777,-2.3968,100.8625,53.8333,26.6083,26.5417,26.4,26.6,0.352,0.3265,0.3626,0.4706,0.3543
2020-12-19,25.0917,21.6,29.0,17.2083,61.875,1.2421,1.395,26.0083,16.4916,7.916,0.0,4.17,3.7325,-2.4068,-2.7713,100.9562,89.6667,25.9167,26.3167,26.4,26.6,0.3353,0.3236,0.3615,0.47,0.3517
2020-12-20,22.7125,19.2,26.1,13.6708,57.0,1.2146,1.32,23.5167,19.1268,9.1808,0.0,4.65,4.7671,-3.0112,-3.6722,101.0596,77.0,24.4875,25.5708,26.3792,26.6,0.3217,0.321,0.3605,0.4695,0.3495
2020-12-21,21.1125,16.8,25.0,12.425,57.7083,1.0867,1.2133,22.1667,19.2024,9.2172,0.0,4.48,4.655,-2.9233,-3.6118,101.0179,84.25,23.1,24.4667,26.2458,26.5125,0.3101,0.3185,0.3595,0.469,0.3474
2020-12-22,22.1792,17.5,27.1,12.7833,55.7083,1.2346,1.4558,23.6417,20.0484,9.6232,0.0,4.75,3.8725,-2.2151,-3.1724,100.9042,84.4583,23.4458,24.0083,26.0375,26.5,0.3006,0.316,0.3585,0.4682,0.3455
2020-12-23,23.9333,19.7,28.5,15.7667,60.5,1.2117,1.4625,25.6667,16.2648,7.8072,0.0,3.93,3.0283,-1.6152,-2.5521,100.7046,66.0,24.4833,24.4167,25.8542,26.5,0.2922,0.3134,0.3575,0.4677,0.3436
2020-12-24,25.8708,22.1,31.0,18.55,64.625,1.24,1.5483,27.6917,14.7348,7.0727,0.0,3.79,2.9225,-1.909,-2.108,100.6417,57.0,25.775,25.1917,25.8,26.5,0.2869,0.3112,0.3565,0.467,0.3421
2020-12-25,26.9083,24.1,30.7,20.7542,69.625,1.1246,1.4433,28.4917,13.8348,6.6406,0.1,3.48,2.7287,-2.2424,-1.3939,100.7158,76.875,26.8083,26.1042,25.8,26.5,0.2836,0.3092,0.3555,0.4666,0.3407
2020-12-26,26.8833,22.3,32.0,21.1833,72.5833,1.0788,1.6142,29.1167,15.534,7.4564,0.0,3.58,1.8417,-1.1647,-0.6647,100.7958,59.5833,26.9958,26.4792,25.9,26.5,0.2813,0.3072,0.3545,0.466,0.3395
2020-12-27,27.4583,23.5,31.9,22.5625,76.625,0.9646,1.5325,29.4583,16.2144,7.783,0.0,3.54,0.9117,0.0128,0.157,100.7596,55.9167,27.6833,26.9875,26.0042,26.5,0.2793,0.3058,0.3535,0.4655,0.3383
2020-12-28,27.6292,23.1,32.6,22.5,76.4583,1.0258,1.74,30.05,16.8048,8.0661,0.1,3.68,1.0367,-0.0629,-0.0083,100.6692,51.125,27.75,27.2,26.125,26.5,0.2773,0.3041,0.3525,0.465,0.3371
2020-12-29,28.0292,23.3,33.8,22.6167,75.625,1.1021,1.8425,30.5167,17.1216,8.2182,0.0,3.81,1.0438,-0.3033,-0.1748,100.6613,79.3333,28.025,27.4208,26.2458,26.5,0.2748,0.3022,0.3515,0.4644,0.3358
2020-12-30,27.425,22.3,32.7,19.3625,65.5,1.4383,2.1292,29.7167,18.7236,8.9873,0.0,4.81,2.8571,-1.8728,-1.9607,100.7383,47.8333,27.7833,27.4833,26.3958,26.5,0.2716,0.3002,0.3505,0.4639,0.3344
2020-12-31,23.8417,20.1,28.0,13.4583,52.625,1.4362,1.5858,24.6833,17.91,8.5968,0.0,5.08,5.1367,-3.3685,-3.8635,101.0133,75.3333,25.8167,26.8583,26.5,26.5,0.2685,0.2986,0.3495,0.463,0.3331
2021-01-01,22.2417,18.2,26.0,12.1417,53.0,1.29,1.4158,23.225,18.7848,9.0168,0.0,4.85,4.7204,-3.0913,-3.5405,101.0925,85.7917,24.3917,25.6125,26.45,26.5,0.2662,0.2975,0.3485,0.4626,0.332
2021-01-02,23.1375,18.7,27.9,13.0708,53.3333,1.3592,1.5483,24.4,17.6508,8.4724,0.0,4.5,3.7346,-2.4468,-2.7976,101.0292,42.1667,24.5292,25.0292,26.3375,26.5,0.2645,0.2961,0.3475,0.462,0.3309
2021-01-03,25.1,21.1,29.9,14.9792,53.875,1.5242,1.8392,26.9167,19.1952,9.2137,0.0,4.9,3.3558,-2.248,-2.4557,100.9033,31.7083,25.8042,25.4333,26.2208,26.5,0.263,0.2946,0.3465,0.4615,0.3297
2021-01-04,25.8667,21.5,31.4,16.9708,58.5833,1.4504,1.8075,27.675,18.0288,8.6539,0.0,4.56,3.4788,-2.3728,-2.3662,100.8808,62.5,26.3875,25.9958,26.2,26.5,0.2616,0.2935,0.3454,0.461,0.3286
2021-01-05,25.25,23.5,28.4,17.7458,63.5,1.1908,1.4117,26.2583,8.6472,4.1507,0.0,2.6,2.4538,-1.3632,-1.9681,100.915,85.5833,25.9083,26.25,26.2,26.5,0.261,0.2925,0.3444,0.4602,0.3277
2021-01-06,26.825,22.4,32.4,18.8042,63.1667,1.4321,1.9758,29.35,18.936,9.0893,0.0,4.53,2.6067,-1.9045,-1.6463,100.7479,20.3333,26.8792,26.1792,26.2,26.5,0.2605,0.2916,0.3435,0.46,0.3268
2021-01-07,27.1208,22.6,32.5,19.1167,62.875,1.4421,1.945,29.475,18.5112,8.8853,0.0,4.4,2.5783,-1.8894,-1.7222,100.6888,24.1667,27.5625,26.8958,26.2292,26.5,0.26,0.2906,0.3425,0.4591,0.3259
2021-01-08,26.6125,23.4,31.1,18.4042,61.9583,1.4071,1.8258,28.4083,17.9352,8.6088,0.0,4.52,3.5504,-2.5707,-2.3224,100.7,58.25,27.225,27.075,26.325,26.5,0.2593,0.2896,0.3415,0.4586,0.3248
2021-01-09,23.9083,19.4,28.5,13.5167,52.5833,1.4504,1.6683,25.0417,20.7756,9.9723,0.0,5.2,4.3996,-3.2318,-2.9207,100.8708,13.625,25.85,26.6042,26.4,26.4458,0.2586,0.2887,0.3405,0.458,0.3239
2021-01-10,23.7,19.0,29.2,14.0167,55.2917,1.3771,1.7175,25.6417,20.9556,10.0588,0.0,4.96,3.4933,-2.5624,-2.3042,100.8912,30.7083,25.2667,25.8167,26.3708,26.425,0.258,0.288,0.3395,0.4575,0.323
2021-01-11,23.4917,19.1,28.7,13.7542,55.4167,1.3683,1.6875,25.275,20.79,9.9793,0.0,4.97,3.865,-2.6416,-2.791,101.0108,54.0833,24.9125,25.4458,26.3,26.4,0.2577,0.2875,0.3385,0.457,0.3222
2021-01-12,19.9292,14.8,24.6,8.5083,48.2083,1.2521,1.4092,21.025,20.9772,10.0691,0.0,5.16,5.58,-3.6698,-4.1884,101.1754,43.7083,22.75,24.5833,26.1792,26.4,0.257,0.2866,0.3376,0.4563,0.3212
2021-01-13,20.8833,15.8,26.9,9.925,50.2083,1.2912,1.6033,23.0083,21.2724,10.2107,0.0,4.71,3.1654,-1.9934,-2.4472,101.0729,11.6667,22.8708,23.7375,25.9792,26.4,0.257,0.286,0.3366,0.4559,0.3204
2021-01-14,22.7208,16.5,30.1,13.7542,59.5833,1.2904,1.9358,26.0917,21.3696,10.2575,0.0,4.42,1.7546,-1.2244,-1.2244,100.9212,30.8333,23.9167,23.9125,25.775,26.4,0.2565,0.2855,0.3356,0.455,0.3196
2021-01-15,24.175,17.0,31.7,16.2875,65.5,1.2792,2.08,27.75,20.9844,10.0727,0.0,4.38,1.2067,-0.5319,0.0027,100.74,61.1667,25.0708,24.6708,25.6458,26.4,0.256,0.285,0.3346,0.4546,0.3187
2021-01-16,24.9,18.9,31.7,19.4792,75.75,0.98,1.72,28.1167,19.8324,9.5196,0.0,4.11,0.7388,-0.0258,0.3874,100.7692,33.625,25.9208,25.4208,25.6,26.4,0.256,0.2845,0.3337,0.454,0.3179
2021-01-17,25.7625,19.7,31.8,17.6833,66.2083,1.3587,1.965,28.575,19.1448,9.1894,0.0,4.69,2.3383,-1.5492,-1.6729,100.9379,48.25,26.2875,25.8875,25.7,26.4,0.2555,0.284,0.3327,0.4535,0.3171
2021-01-18,23.4333,19.7,27.8,13.1125,52.9583,1.4062,1.6642,24.725,21.8088,10.4683,0.0,5.2,4.4346,-3.1205,-3.1089,101.0962,19.0417,25.3208,25.9333,25.7125,26.4,0.255,0.2836,0.3323,0.453,0.3167
2021-01-19,22.5417,17.4,28.4,12.3292,53.2917,1.3562,1.7108,24.675,20.8044,9.986,0.0,4.67,2.9675,-2.076,-2.082,101.0104,71.2083,24.3375,25.0708,25.7208,26.4,0.255,0.283,0.3315,0.4524,0.3159
2021-01-20,23.65,16.9,30.4,14.5708,59.5417,1.3683,1.975,26.725,21.1716,10.1623,0.0,4.4,1.395,-0.6593,-0.7824,100.94,66.9167,24.7458,24.7875,25.65,26.4,0.2546,0.283,0.3305,0.4518,0.3152
2021-01-21,24.4542,16.9,31.5,16.5292,65.375,1.3004,2.0567,27.7667,19.9584,9.58,0.0,4.17,1.1238,-0.2974,-0.3327,100.8217,75.625,25.2458,25.0958,25.6,26.3542,0.254,0.2825,0.3295,0.451,0.3144
2021-01-22,25.25,18.3,32.2,17.8375,66.9167,1.2738,1.9892,28.2583,18.0828,8.6797,0.0,3.96,1.0892,0.2111,0.1428,100.7546,69.3333,25.8458,25.5292,25.6,26.3,0.254,0.282,0.3286,0.4506,0.3136
2021-01-23,25.8875,19.4,33.2,19.1917,70.2917,1.2158,2.0217,29.1,18.2736,8.7712,0.0,4.05,1.1046,0.049,0.3172,100.7454,68.0833,26.5958,26.0208,25.6833,26.3,0.254,0.282,0.3278,0.45,0.313
2021-01-24,26.125,22.0,30.8,21.6708,78.25,0.835,1.3475,28.1583,16.1388,7.7467,0.6,3.52,1.0633,0.2246,0.9122,100.8467,52.9583,26.925,26.5292,25.7458,26.3,0.2568,0.282,0.3275,0.4496,0.313
2021-01-25,26.375,22.4,31.1,22.3,80.2083,0.7912,1.3442,28.6167,16.9236,8.1232,0.9,3.6,0.8267,0.0566,0.3373,100.8096,81.8333,27.175,26.675,25.8458,26.3,0.2638,0.2816,0.3267,0.449,0.3128
2021-01-26,27.375,23.4,33.6,22.8333,79.375,0.92,1.665,29.9417,18.4392,8.8509,0.1,4.03,1.0762,-0.0965,0.3587,100.7308,56.125,27.9583,27.1292,25.975,26.3,0.2684,0.281,0.3264,0.4486,0.3128
2021-01-27,27.1583,23.8,32.9,22.5083,78.75,0.9083,1.6417,29.4333,16.7508,8.0405,0.0,3.83,1.3637,-0.2972,0.0629,100.7717,85.7083,27.9,27.4167,26.125,26.3,0.2681,0.281,0.3255,0.448,0.3122
2021-01-28,28.4208,23.9,34.4,21.5875,70.375,1.3612,2.0769,30.8462,19.476,9.3483,0.0,4.37,1.3521,-0.6285,-0.5661,100.8746,81.9167,28.5333,27.6208,26.2458,26.3,0.2662,0.281,0.3247,0.4476,0.3114
2021-01-29,27.2708,23.0,32.3,18.3708,60.4167,1.5517,2.1408,29.1923,19.386,9.3052,0.9,4.78,2.5929,-2.0856,-1.4431,100.9588,70.8333,27.7542,27.7042,26.4125,26.3,0.2781,0.281,0.324,0.447,0.3118
2021-01-30,26.3333,21.2,32.1,16.9375,58.1667,1.57,2.1077,28.6077,21.69,10.4112,0.0,5.06,2.4842,-1.8129,-1.6376,100.9754,89.625,27.2208,27.2292,26.5,26.3,0.2747,0.281,0.3235,0.4465,0.3112
2021-01-31,26.5125,20.5,32.8,16.2958,55.5,1.7075,2.2954,29.1692,22.1796,10.6462,0.0,5.07,2.1588,-1.5549,-1.4614,101.0104,16.125,27.4292,27.15,26.5542,26.3,0.2701,0.281,0.3226,0.446,0.3102
2021-02-01,26.8417,20.3,33.5,16.9917,57.25,1.7138,2.4062,29.8846,22.1544,10.634,0.0,4.98,1.8842,-1.3246,-1.2306,100.9962,39.2083,27.5333,27.2083,26.6,26.3,0.2667,0.2805,0.3216,0.4454,0.3091
2021-02-02,27.825,21.2,34.2,17.9417,58.375,1.7812,2.5054,30.5538,22.014,10.5667,0.0,4.73,1.0938,-0.7464,-0.5162,100.9988,35.1667,28.1417,27.5375,26.6917,26.3,0.2642,0.28,0.3207,0.445,0.3082
2021-02-03,27.5833,21.1,33.9,18.3625,60.7917,1.6679,2.3731,30.2231,21.8412,10.4838,0.0,4.82,1.4896,-1.1669,-0.3007,100.965,10.4583,28.0625,27.7167,26.7333,26.3,0.2625,0.28,0.3201,0.444,0.3076
2021-02-04,26.9083,21.2,32.9,17.2542,59.4583,1.6342,2.3085,29.2538,22.2444,10.6774,0.0,5.12,2.3262,-1.6528,-1.1174,101.0396,72.0833,27.6917,27.6208,26.8125,26.3,0.2615,0.28,0.3195,0.4436,0.3071
2021-02-05,26.8542,20.7,33.2,16.075,53.9167,1.8121,2.4331,29.6692,22.1184,10.6168,0.0,5.15,2.0996,-1.5151,-1.4265,100.9521,28.6667,27.8375,27.525,26.9,26.3,0.2603,0.28,0.3185,0.443,0.3064
2021-02-06,27.4667,21.3,33.9,17.8292,58.0,1.7138,2.3977,30.1769,20.5704,9.8738,0.0,4.58,1.475,-0.9839,-0.7485,100.8217,67.875,28.35,27.7917,26.9167,26.3,0.2594,0.28,0.3176,0.4425,0.3056
2021-02-07,27.5458,22.0,33.3,21.175,72.125,1.2217,1.9746,29.9308,18.7308,8.9907,0.0,4.1,1.2188,-0.338,0.325,100.8383,74.8333,28.5042,28.0958,27.0083,26.3917,0.259,0.28,0.317,0.442,0.3052
2021-02-08,27.0792,23.2,33.6,22.7417,79.4583,0.8658,1.3931,28.9769,19.6956,9.4538,1.9,4.24,0.9454,0.3176,0.8362,100.79,39.5417,28.1708,28.05,27.1,26.4,0.2636,0.28,0.3165,0.4415,0.3051
2021-02-09,25.35,23.1,29.0,22.8417,86.4167,0.4662,0.6738,26.4462,13.3488,6.4073,5.4,2.68,1.2254,0.5129,0.7504,100.7842,72.875,26.7458,27.55,27.1,26.4,0.2932,0.28,0.316,0.441,0.3068
2021-02-10,25.3708,22.4,30.4,19.7417,72.625,0.9638,1.3577,26.8923,15.8904,7.6273,0.0,3.66,2.4596,-1.6587,-1.7954,100.8017,64.8333,26.2542,26.6958,27.1,26.4,0.3073,0.28,0.316,0.441,0.3078
2021-02-11,26.1542,21.4,32.1,16.6917,58.0833,1.5638,2.1454,28.5615,21.2364,10.1934,0.0,4.96,2.1796,-1.417,-1.6202,100.8308,55.6667,26.6792,26.5458,27.0208,26.4,0.2973,0.28,0.3156,0.4404,0.3069
2021-02-12,25.9875,19.1,33.1,15.1542,54.75,1.75,2.5254,29.1615,23.9004,11.4721,0.0,5.22,1.5267,-0.9406,-1.1292,100.9038,53.7083,26.9708,26.8167,26.9667,26.4,0.2869,0.28,0.315,0.44,0.3057
2021-02-13,26.0833,19.2,33.6,16.1208,59.4583,1.6604,2.5577,29.5308,23.994,11.5171,0.0,5.2,1.2171,-0.3489,-0.2506,100.9362,4.25,27.0458,26.8833,26.9208,26.4,0.2788,0.28,0.3145,0.4391,0.3048
2021-02-14,26.4333,21.0,32.8,20.2833,72.8333,1.1408,1.8554,29.1077,20.3184,9.7529,0.0,4.34,0.9621,-0.1329,0.4786,100.9642,73.3333,27.2375,27.1208,26.9,26.4,0.2733,0.28,0.3136,0.4389,0.3037
2021-02-15,25.9792,21.8,32.2,21.4208,79.0833,0.8621,1.4523,28.3385,20.1024,9.6492,0.1,4.34,1.3933,0.075,1.1162,100.8583,50.9583,27.1333,27.1542,26.9,26.4,0.2715,0.28,0.3131,0.438,0.3033
2021-02-16,25.9958,22.0,31.2,21.6833,79.2917,0.8179,1.3446,28.1769,18.1044,8.69,0.0,3.99,1.5167,0.126,1.3081,100.7875,38.7917,27.0542,27.1,26.9,26.4,0.272,0.28,0.313,0.438,0.3032
2021-02-17,26.6417,22.8,31.7,21.4458,75.75,0.9825,1.5846,28.8769,18.0792,8.678,0.4,3.98,1.2067,-0.6193,0.6337,100.9142,25.2083,27.375,27.1333,26.9,26.4208,0.2733,0.28,0.3125,0.4375,0.303
2021-02-18,26.9542,21.9,33.0,17.1125,59.875,1.6483,2.4877,29.4923,23.9904,11.5155,0.0,5.6,2.62,-2.1061,-1.2013,101.1225,15.0,27.6833,27.3167,26.9083,26.5,0.2717,0.2796,0.312,0.437,0.3024
2021-02-19,26.0875,21.5,32.0,14.1375,49.5833,1.8358,2.3577,28.4385,24.3648,11.6952,0.0,6.02,3.4754,-2.6125,-2.1419,101.1825,0.875,27.125,27.2583,26.9625,26.5,0.2676,0.279,0.3115,0.4364,0.3016
2021-02-20,26.1208,21.2,32.4,13.8542,48.2083,1.885,2.4038,28.6308,24.4404,11.7315,0.0,5.79,2.8546,-2.2019,-1.7055,101.0783,19.3333,27.2375,27.1625,26.9667,26.5,0.2646,0.279,0.3106,0.436,0.3008
2021-02-21,26.1792,19.6,33.1,16.2917,57.625,1.6496,2.4208,29.4538,23.9436,11.493,0.0,5.06,1.1333,-0.4026,-0.1516,100.9754,2.75,27.6458,27.275,26.9708,26.5,0.2625,0.279,0.31,0.4353,0.3002
2021-02-22,26.2708,20.6,32.8,20.1125,72.5,1.14,1.8423,28.9231,23.184,11.1282,0.0,4.94,1.0442,0.4369,0.8051,100.8896,38.7083,27.525,27.4125,27.0,26.5,0.2614,0.279,0.3095,0.435,0.2998
2021-02-23,26.7708,21.5,33.4,20.9167,73.9583,1.1225,1.8285,29.4692,22.482,10.7912,0.0,4.86,1.2258,0.4003,1.02,100.7883,36.375,27.9833,27.5833,27.0,26.5,0.2604,0.279,0.309,0.4342,0.2993
2021-02-24,26.5833,22.7,32.2,21.7708,77.5417,0.9283,1.5385,28.9846,21.0276,10.0933,0.0,4.59,1.8254,0.6321,1.5367,100.705,42.7083,27.8083,27.7,27.0583,26.5,0.26,0.279,0.3085,0.434,0.2989
2021-02-25,26.8625,22.7,32.6,21.5708,75.7917,1.0229,1.6792,29.3462,22.986,11.0332,0.0,5.0,1.9688,0.7242,1.6114,100.5679,70.6667,27.825,27.6042,27.1,26.5,0.2596,0.279,0.308,0.4334,0.2985
2021-02-26,27.1792,21.9,33.8,22.0583,76.6667,1.0346,1.7223,29.9231,23.1984,11.1353,0.0,5.12,2.0121,0.4289,1.7998,100.4142,28.4167,28.1375,27.7375,27.1042,26.5,0.259,0.279,0.3076,0.433,0.2982
2021-02-27,26.9833,21.5,34.3,21.4125,75.5,1.1004,1.8477,29.8385,24.2604,11.6449,0.0,5.31,1.8642,0.1099,1.7414,100.4542,33.0417,28.175,27.8625,27.2,26.5,0.2585,0.279,0.307,0.4324,0.2977
2021-02-28,26.725,22.7,31.7,22.1833,78.0,0.8867,1.4062,28.9462,20.376,9.7803,0.8,4.46,2.1483,0.2151,2.0166,100.6546,36.4167,27.8,27.8667,27.2,26.5,0.2607,0.279,0.3067,0.432,0.2976
2021-03-01,26.4375,23.6,31.7,23.3333,83.8333,0.6175,0.9562,28.1385,18.4716,8.8662,13.5,3.82,1.3092,0.197,1.0868,100.915,42.875,27.3792,27.6458,27.2125,26.5458,0.3079,0.279,0.3065,0.4315,0.3008
2021-03-02,26.9292,23.6,31.9,23.7042,83.6667,0.6546,1.0292,28.7692,19.3752,9.3001,6.3,4.1,1.0842,-0.137,0.7703,100.8967,37.75,27.425,27.4125,27.2125,26.6,0.3876,0.281,0.306,0.431,0.3065
2021-03-03,25.5917,23.4,27.9,23.9708,91.0,0.3112,0.4646,26.4615,11.916,5.7196,11.3,2.42,1.2337,0.0673,1.0746,100.9454,68.6667,26.475,27.0708,27.2,26.6,0.4447,0.2931,0.306,0.431,0.313
2021-03-04,26.8542,22.6,32.1,23.0042,81.2917,0.7825,1.2792,29.1,19.6056,9.4106,0.8,4.19,1.1896,-0.3581,0.0906,100.9712,39.8333,27.2292,26.8583,27.1458,26.6,0.4236,0.3102,0.3063,0.431,0.3153
2021-03-05,27.5542,23.3,32.1,23.3125,79.25,0.8596,1.3323,29.3769,20.9484,10.0554,0.4,4.56,1.2746,0.6381,0.8246,100.9362,30.4167,27.7583,27.3667,27.1042,26.6,0.393,0.3128,0.306,0.4305,0.3135
2021-03-06,28.1125,24.8,34.0,23.0167,76.5417,1.0458,1.6938,30.3615,22.788,10.9382,0.0,4.96,1.15,0.2208,0.984,100.98,32.1667,28.3,27.7792,27.175,26.6,0.3696,0.3121,0.306,0.43,0.3117
2021-03-07,27.725,24.3,32.9,23.5417,79.6667,0.8638,1.3823,29.7,22.3272,10.717,0.4,4.77,1.37,0.4732,1.1796,100.9121,57.375,28.225,27.9708,27.2,26.6,0.35,0.3101,0.306,0.4297,0.3099
2021-03-08,26.3125,23.7,30.8,24.1,88.375,0.4446,0.6946,27.5538,16.6608,7.9971,20.8,3.45,0.8712,0.3308,0.4873,101.0242,72.75,27.3917,27.825,27.3,26.6,0.3697,0.325,0.306,0.429,0.3145
2021-03-09,25.9958,23.2,30.5,24.1042,89.9167,0.3796,0.6138,27.3154,17.28,8.2943,16.6,3.65,0.7404,0.158,0.3045,100.9929,66.1667,26.9375,27.25,27.3,26.6,0.4329,0.3712,0.306,0.429,0.3286
2021-03-10,25.9333,23.1,30.1,23.6333,87.75,0.4508,0.6831,27.1923,18.0648,8.671,9.1,3.71,0.7367,0.2662,0.4338,100.9746,63.375,26.575,26.8875,27.2083,26.6,0.4495,0.4049,0.306,0.429,0.3368
2021-03-11,26.8,23.0,31.7,23.7875,84.875,0.6233,1.0231,28.8615,21.1248,10.1399,0.5,4.46,0.7712,0.1224,0.362,100.9529,51.0,27.2375,26.9083,27.1375,26.6,0.4136,0.4248,0.3069,0.4289,0.3391
2021-03-12,26.9042,23.6,31.4,24.0625,85.25,0.5829,0.9162,28.5615,19.6524,9.4333,1.4,4.16,0.9846,0.4173,0.3294,100.9662,52.125,27.3625,27.2375,27.1,26.6708,0.4079,0.4159,0.3072,0.428,0.3371
2021-03-13,26.525,24.2,30.6,23.8708,86.0833,0.5292,0.8338,27.9231,17.5968,8.4465,1.6,3.75,1.1,0.665,0.6783,100.9542,60.7083,27.3542,27.3958,27.1,26.7,0.4088,0.4092,0.308,0.428,0.3363
2021-03-14,26.8042,24.2,30.8,23.8583,84.75,0.5904,0.8862,28.2769,19.6704,9.4419,1.9,4.12,1.1379,0.5207,0.9248,100.7938,62.3333,27.1583,27.1667,27.1,26.7,0.4082,0.4034,0.308,0.428,0.335
2021-03-15,26.775,24.2,30.8,23.7875,84.4583,0.6,0.9077,28.3077,20.97,10.0655,1.6,4.35,1.4833,0.4056,1.3931,100.7379,50.625,27.2208,27.1708,27.1,26.7,0.4064,0.3978,0.3086,0.4276,0.3342
2021-03-16,26.8458,24.5,30.6,24.1042,85.4583,0.5517,0.81,28.2769,18.7884,9.0185,2.7,3.84,1.4425,0.3525,1.2662,100.6879,73.375,27.1458,27.1958,27.1,26.7,0.406,0.3925,0.309,0.427,0.3333
2021-03-17,26.4458,23.8,30.5,24.0583,87.25,0.4821,0.7377,28.0154,18.6588,8.9562,1.3,3.85,1.5679,0.4882,1.4295,100.6792,98.9167,27.1083,27.1125,27.1,26.7,0.4147,0.389,0.309,0.427,0.3332
2021-03-18,27.0417,24.3,31.3,24.3958,86.2083,0.5458,0.8385,28.6538,19.1088,9.1723,2.1,4.0,1.2817,0.284,1.0703,100.6288,96.1667,27.4208,27.2208,27.1,26.7,0.4109,0.3858,0.309,0.427,0.3323
2021-03-19,27.175,24.6,30.8,24.0042,83.7083,0.6479,1.0308,28.8769,20.4624,9.8219,1.1,4.29,1.7754,0.5818,1.5783,100.5825,76.5,27.625,27.4125,27.1,26.7,0.4084,0.3822,0.309,0.4265,0.3313
2021-03-20,27.4,24.6,31.2,24.0292,82.6667,0.6904,1.06,29.1462,21.24,10.1953,1.2,4.46,1.8783,0.6143,1.6769,100.4717,55.0833,27.7875,27.5292,27.1,26.7,0.3973,0.3779,0.309,0.426,0.3297
2021-03-21,28.0375,24.8,32.4,24.9792,84.375,0.6608,1.0223,29.8308,21.33,10.2385,4.4,4.52,1.4404,0.3721,1.2215,100.5042,44.125,28.2875,27.8292,27.175,26.7,0.3929,0.3735,0.309,0.426,0.3284
2021-03-22,27.4,24.5,31.4,24.2042,83.9167,0.6583,1.0254,28.9846,17.3844,8.3445,6.5,3.48,1.6908,-1.081,-0.854,100.7917,86.2917,27.975,27.9458,27.2125,26.7,0.4334,0.3725,0.309,0.426,0.331
2021-03-23,27.75,23.1,32.9,19.4958,62.2083,1.5054,1.9738,29.5538,25.5348,12.2568,0.0,5.91,3.0633,-1.9484,-2.3341,100.8492,40.25,27.9208,27.6958,27.3,26.7,0.4114,0.3718,0.309,0.425,0.3293
2021-03-24,28.2208,23.8,33.7,20.5583,64.625,1.4554,1.9938,30.5385,24.7644,11.8868,0.0,5.66,2.1367,-1.1708,-0.8988,100.6708,41.375,28.3917,27.9417,27.3,26.7,0.3789,0.3649,0.3086,0.425,0.3253
2021-03-25,27.5125,23.4,31.7,23.8917,81.9167,0.7446,1.1646,29.3538,21.4992,10.3197,1.6,4.59,1.2825,0.0926,1.0373,100.6579,83.625,28.2792,28.1625,27.3458,26.7,0.363,0.3591,0.3082,0.4245,0.3227
2021-03-26,27.3292,24.5,31.1,24.4875,85.0833,0.5875,0.8908,28.8,20.0772,9.6371,2.3,4.17,1.3229,0.617,1.0666,100.6575,98.2083,28.05,28.0292,27.4,26.7875,0.3627,0.3552,0.308,0.424,0.3217
2021-03-27,27.6,24.8,31.7,24.4042,83.5833,0.665,1.0338,29.2231,21.0924,10.1242,2.0,4.48,1.6358,0.8011,1.3293,100.575,87.3333,28.0667,27.8833,27.4125,26.8,0.3647,0.3516,0.308,0.424,0.3211
2021-03-28,27.6625,24.0,32.5,24.2667,83.0417,0.7171,1.1638,29.5462,22.2264,10.6687,0.9,4.77,1.7575,0.8646,1.5162,100.5458,76.0,28.3417,28.0125,27.5,26.8,0.3607,0.3481,0.308,0.424,0.3201
2021-03-29,28.1583,25.0,32.4,24.2333,80.5833,0.8246,1.3092,30.0,23.0004,11.0402,1.4,4.88,1.8946,0.8704,1.6625,100.4746,47.9167,28.6667,28.2833,27.5,26.8,0.3514,0.3437,0.308,0.4232,0.3185
2021-03-30,27.8208,24.9,31.8,23.775,80.25,0.8337,1.3654,29.8308,22.824,10.9555,0.1,4.89,2.565,1.1716,2.2472,100.3596,83.25,28.5958,28.3583,27.5958,26.8,0.3432,0.3392,0.3076,0.423,0.3167
2021-03-31,28.0375,24.5,32.7,24.0583,80.625,0.8375,1.3892,30.2615,23.2092,11.1405,0.2,4.96,2.42,0.6879,2.1835,100.2679,51.625,28.8167,28.4208,27.6042,26.8,0.3316,0.3351,0.307,0.423,0.3146
2021-04-01,28.2667,24.5,32.6,24.3625,80.75,0.8354,1.3423,30.3308,22.698,10.895,1.4,4.86,2.3258,0.8782,2.0549,100.315,57.7917,29.0,28.5917,27.7,26.8,0.3249,0.3311,0.307,0.422,0.3133
2021-04-02,28.2542,25.1,32.6,24.8958,83.125,0.7246,1.1408,30.0615,21.8484,10.4871,1.1,4.74,2.2125,0.8048,2.0318,100.415,40.125,29.0125,28.6958,27.7292,26.8,0.3278,0.3276,0.307,0.422,0.3128
2021-04-03,28.8542,24.6,35.3,24.5125,79.375,0.9625,1.5662,31.2154,22.536,10.817,1.7,4.9,1.6404,-0.613,0.8428,100.4,72.9583,29.6458,28.9458,27.8125,26.85,0.3274,0.3241,0.3065,0.4218,0.3117
2021-04-04,27.1917,25.1,30.5,24.4792,85.4583,0.5462,0.7638,28.1308,14.7564,7.0832,5.4,2.97,1.6062,0.001,1.1992,100.5825,95.875,28.2375,28.7292,27.9,26.9,0.3677,0.3222,0.306,0.421,0.3137
2021-04-05,27.5292,24.4,32.1,23.9,81.5833,0.7429,1.1162,29.1462,19.1808,9.2067,6.1,4.07,1.3063,-0.8003,-0.0398,100.7233,71.625,28.2792,28.2417,27.9,26.9,0.401,0.3245,0.306,0.421,0.3165
2021-04-06,26.9625,24.7,30.7,23.9958,84.4583,0.595,0.84,28.1462,16.9812,8.1509,2.2,3.59,1.0738,0.4252,0.4117,100.7992,63.5,27.8875,28.0542,27.9,26.9,0.4269,0.3293,0.306,0.421,0.3194
2021-04-07,26.6167,24.0,31.4,23.8375,85.6667,0.5575,0.88,28.1231,18.8748,9.0599,11.5,3.91,0.9008,0.4121,0.2057,100.8512,61.125,27.575,27.8292,27.8542,26.9,0.422,0.3505,0.306,0.421,0.3235
2021-04-08,26.9,23.1,32.3,24.2333,86.6667,0.5583,0.9346,28.8462,21.7728,10.4509,8.9,4.53,0.67,0.2489,0.2425,100.7333,82.9583,27.7917,27.6833,27.8,26.9,0.4375,0.381,0.306,0.4205,0.331
2021-04-09,26.3667,23.9,29.5,24.9,92.0,0.2962,0.4438,27.6692,17.3448,8.3257,19.8,3.59,0.6379,0.0472,0.4783,100.6917,95.75,27.3125,27.6083,27.7875,26.9,0.4602,0.4172,0.3064,0.42,0.3404
2021-04-10,26.675,24.2,31.1,24.5,88.625,0.4471,0.7415,28.1615,17.3952,8.3497,6.0,3.73,0.8271,-0.3293,0.217,100.7929,95.2917,27.4792,27.525,27.7,26.9625,0.4612,0.456,0.3088,0.42,0.3504
2021-04-11,26.5375,24.2,31.3,24.3375,88.4167,0.4496,0.7369,27.9692,18.018,8.6488,5.2,3.81,0.7292,-0.026,0.2244,100.9317,87.6667,27.3208,27.4583,27.6458,27.0,0.4767,0.4527,0.3108,0.42,0.3522
2021-04-12,26.325,23.4,32.0,24.1833,88.9583,0.45,0.7815,28.1615,19.5804,9.3987,9.6,4.08,0.9296,-0.139,0.3367,100.9525,97.625,27.4583,27.4542,27.6,27.0,0.467,0.459,0.3129,0.42,0.3543
2021-04-13,26.475,23.2,31.2,24.2292,88.2917,0.4608,0.7285,27.9308,18.144,8.709,5.6,3.9,0.8179,0.041,0.4632,100.8654,97.125,27.2708,27.3583,27.5875,27.0,0.4722,0.4668,0.3163,0.4196,0.3588
2021-04-14,26.7792,23.9,30.3,24.4792,87.5,0.4646,0.6369,27.7308,18.468,8.8644,5.8,3.78,1.3438,0.5947,1.0252,100.8329,97.1667,27.1375,27.3042,27.5,27.0,0.4868,0.4646,0.319,0.419,0.3613
2021-04-15,27.1333,23.4,31.6,24.4375,85.9583,0.5667,0.8908,29.0308,23.2056,11.1388,6.7,4.85,0.9362,0.3793,0.4448,100.6975,76.7083,27.6458,27.4,27.5,27.0,0.4749,0.46,0.3217,0.419,0.3615
2021-04-16,27.4042,24.8,31.2,24.8625,86.5,0.5317,0.7977,29.0462,21.348,10.247,4.4,4.43,1.9212,0.0623,1.7873,100.6854,76.4583,27.75,27.6125,27.5,27.0,0.4686,0.4532,0.3236,0.419,0.3609
2021-04-17,27.2625,24.6,31.1,25.1,88.3333,0.46,0.7092,28.9308,20.3328,9.7599,2.0,4.34,1.2438,0.0382,1.1575,100.8396,86.5,27.9333,27.7542,27.5,27.0,0.4591,0.4465,0.3248,0.419,0.3598
2021-04-18,27.0958,24.6,30.7,25.0708,88.9167,0.4225,0.6208,28.4615,18.5436,8.9008,5.7,3.92,1.3867,-0.0712,1.204,100.8008,96.7083,27.7,27.7375,27.5,27.0,0.4516,0.4397,0.326,0.4188,0.3586
2021-04-19,26.2667,24.0,29.6,24.65,91.0417,0.3238,0.4431,27.4154,17.4996,8.3997,6.2,3.54,1.6104,0.0682,1.4614,100.6729,95.8333,27.3417,27.5667,27.5,27.0,0.4718,0.4386,0.3268,0.418,0.3604
2021-04-20,26.3292,23.8,29.3,24.5583,90.3333,0.3596,0.5831,27.8077,19.044,9.1412,3.1,3.94,1.7038,0.2217,1.5918,100.6229,87.375,27.15,27.2792,27.4667,27.0,0.4754,0.4451,0.3279,0.418,0.3628
2021-04-21,27.1333,24.3,31.1,24.825,87.7083,0.4842,0.7592,28.9231,20.1888,9.6905,4.2,4.26,1.6221,-0.0279,1.4275,100.6358,84.75,27.6167,27.4208,27.4,27.0,0.4604,0.4427,0.329,0.418,0.3621
2021-04-22,27.2,24.6,30.8,25.2375,89.2917,0.4121,0.61,28.5231,18.288,8.7782,8.3,3.89,1.4104,-0.0714,1.1941,100.5867,98.3333,27.6083,27.5583,27.4,27.0,0.4592,0.4464,0.3301,0.418,0.3635
2021-04-23,26.4458,24.6,29.2,25.1083,92.4583,0.2675,0.3908,27.3769,15.5916,7.484,14.7,3.14,1.8188,-0.1086,1.7243,100.5188,97.4583,27.1583,27.4458,27.4,27.0875,0.4687,0.4708,0.3325,0.418,0.371
2021-04-24,26.1208,24.8,29.8,24.7292,92.1667,0.2779,0.4138,27.0154,15.6348,7.5047,22.0,3.13,1.7846,-0.3789,1.691,100.5258,98.6667,26.8375,27.1292,27.4,27.1,0.4585,0.4835,0.3445,0.418,0.3817
2021-04-25,26.4875,23.9,29.6,25.1583,92.5,0.2771,0.4292,27.9231,19.1988,9.2153,10.2,3.85,1.6921,-0.1076,1.6111,100.6067,86.875,27.05,27.0,27.325,27.1,0.4499,0.4658,0.3608,0.418,0.3891
2021-04-26,26.7208,24.1,30.5,24.75,89.4583,0.4042,0.6423,28.2462,19.6128,9.4141,5.8,4.07,1.5371,-0.2379,1.3877,100.5879,91.0,27.3792,27.2458,27.3,27.1,0.4767,0.4607,0.3623,0.4175,0.391
2021-04-27,26.0375,24.3,29.4,24.9708,93.7917,0.215,0.31,27.0615,14.9904,7.1956,19.9,3.1,1.1029,-0.4948,0.7368,100.7292,98.0417,26.7583,27.1167,27.3,27.1,0.485,0.4751,0.3645,0.417,0.3961
2021-04-28,26.175,23.4,29.9,24.4,90.5,0.3604,0.5792,27.5769,15.4368,7.4096,5.5,3.28,1.0833,-0.5292,-0.0587,100.8162,98.5,26.8458,26.9042,27.2292,27.1,0.4848,0.4828,0.3699,0.417,0.4016
2021-04-29,26.0167,24.3,28.1,24.6542,92.4167,0.2671,0.3669,26.8462,12.4128,5.958,15.3,2.58,0.6788,-0.2672,0.0117,100.8238,96.5,26.6083,26.8583,27.2,27.1,0.4714,0.4828,0.3772,0.417,0.406
2021-04-30,25.9042,23.4,30.9,24.0417,90.0417,0.3821,0.6531,27.5154,19.0692,9.1533,18.3,4.03,0.9675,-0.3413,-0.0251,100.7746,94.75,26.8,26.8042,27.1333,27.1,0.4648,0.4839,0.3885,0.417,0.4139
2021-05-01,26.5208,23.6,29.4,24.7875,90.5417,0.3596,0.5877,28.1154,16.1676,7.7607,7.6,3.37,0.7212,-0.2413,-0.2497,100.8054,93.375,27.225,26.9917,27.1,27.1,0.4668,0.4901,0.3967,0.417,0.4212
2021-05-02,27.0875,24.2,31.4,24.8958,88.625,0.4692,0.8115,28.8846,18.6732,8.9633,4.2,3.94,0.7967,-0.3332,-0.3378,100.7579,91.2083,27.6625,27.3917,27.1042,27.1,0.4582,0.4746,0.404,0.417,0.4226
2021-05-03,27.5292,24.0,32.2,24.8167,86.375,0.5875,0.9885,29.5077,22.32,10.7137,3.8,4.74,0.7012,-0.2702,0.1291,100.5846,70.625,28.1125,27.6958,27.2,27.1,0.4648,0.4645,0.405,0.417,0.4217
2021-05-04,28.2292,24.4,32.8,25.2917,85.0833,0.6479,0.9721,29.8214,22.8492,10.9675,5.4,4.94,0.8762,-0.1257,0.2428,100.5325,70.375,28.6042,28.05,27.2333,27.1,0.4635,0.4565,0.4051,0.417,0.42
2021-05-05,28.2667,24.6,32.7,25.5375,85.9583,0.6046,0.915,29.8,22.1688,10.6411,2.2,4.77,0.7992,-0.161,0.2448,100.5333,89.0833,28.875,28.4042,27.3417,27.1,0.4788,0.4569,0.405,0.4165,0.4211
2021-05-06,26.8792,24.8,31.5,25.3917,92.0417,0.3204,0.52,28.0231,15.3252,7.3562,14.9,3.0,1.6375,-0.8535,-0.5131,100.7921,98.25,27.9917,28.1917,27.4625,27.1,0.4803,0.4688,0.4058,0.416,0.4242
2021-05-07,28.0333,24.5,32.0,25.1875,85.6667,0.6167,1.0046,29.8308,19.134,9.1845,2.5,4.11,1.6796,-0.7956,-0.4396,100.7854,82.3333,28.2208,27.9542,27.5,27.1,0.4786,0.4832,0.4087,0.416,0.4292
2021-05-08,27.9875,25.2,32.7,24.9917,84.9583,0.6471,0.9814,29.4714,22.2516,10.6806,6.4,4.79,0.8808,0.33,0.563,100.6604,75.0833,28.5625,28.2208,27.5417,27.1,0.4712,0.4705,0.41,0.416,0.427
2021-05-09,27.2,24.2,31.5,25.0,88.2917,0.4667,0.6836,28.4643,19.1124,9.174,4.6,4.09,0.8017,0.3677,0.4999,100.6167,97.2083,28.2458,28.2083,27.6,27.1,0.4817,0.4752,0.4109,0.416,0.4294
2021-05-10,27.9042,24.4,32.2,25.3417,86.75,0.5529,0.7829,29.1214,22.3884,10.7464,5.5,4.76,0.9812,0.263,0.7031,100.5554,77.25,28.2875,28.1083,27.6583,27.1,0.4804,0.4708,0.412,0.416,0.4291
2021-05-11,28.2208,25.0,32.1,25.725,86.8333,0.5504,0.785,29.4786,22.2084,10.6599,1.8,4.64,1.1342,0.4055,0.9707,100.4896,75.5417,28.4958,28.225,27.7,27.1,0.4736,0.4685,0.4126,0.416,0.4286
2021-05-12,28.7167,25.4,32.4,25.4083,83.0833,0.7221,1.0207,29.9357,23.9436,11.493,1.2,5.07,1.225,0.2656,1.1361,100.4346,78.8333,28.775,28.4042,27.725,27.1,0.4579,0.4598,0.4126,0.4156,0.4257
2021-05-13,28.4708,25.1,32.0,25.6375,85.2083,0.6204,0.88,29.6643,22.5468,10.8225,3.4,4.8,1.4129,0.2108,1.3035,100.3788,59.6667,28.7833,28.5458,27.8,27.1375,0.4492,0.4505,0.4122,0.415,0.4229
2021-05-14,28.3083,25.5,31.4,25.6167,85.9167,0.585,0.8479,29.6214,20.8944,10.0291,8.2,4.38,1.5462,0.0458,1.3957,100.3837,76.4167,28.75,28.5542,27.8708,27.2,0.4669,0.4482,0.4116,0.415,0.4232
2021-05-15,27.6583,25.5,30.7,25.8042,89.9167,0.4013,0.5657,28.7429,18.0216,8.6503,18.1,3.78,1.0983,-0.1653,0.746,100.4679,83.2083,28.35,28.4333,27.9,27.2,0.4686,0.4605,0.4117,0.415,0.4259
2021-05-16,28.1667,24.3,32.5,24.9042,83.75,0.7062,1.0714,29.6857,22.5612,10.8292,1.2,4.81,1.0312,0.2502,0.7168,100.4733,72.2917,28.6083,28.3083,27.9,27.2,0.4533,0.4695,0.4127,0.415,0.4274
2021-05-17,28.2333,25.2,32.0,25.8292,87.2917,0.5275,0.7636,29.5214,21.5136,10.3267,5.1,4.6,1.16,0.1408,0.9192,100.4888,46.75,28.75,28.5292,27.95,27.2,0.458,0.4578,0.4127,0.415,0.4253
2021-05-18,27.4542,25.7,31.2,25.5333,89.625,0.4025,0.5757,28.4286,17.496,8.398,7.0,3.65,1.0942,-0.1339,0.973,100.575,95.1667,28.1708,28.3917,28.0,27.2,0.4824,0.4595,0.413,0.415,0.4276
2021-05-19,27.5417,25.4,30.7,25.7833,90.375,0.3742,0.5057,28.4714,19.062,9.1497,17.3,3.95,1.2558,0.1494,1.1034,100.4892,95.9167,28.0542,28.0917,28.0,27.2,0.4862,0.4762,0.4135,0.415,0.4317
2021-05-20,27.5333,24.5,31.8,24.975,86.7083,0.5421,0.7957,28.7286,20.664,9.9188,3.7,4.28,1.5692,-0.0113,1.3176,100.5267,99.4167,28.35,28.1458,28.0,27.2,0.479,0.4855,0.4172,0.415,0.4359
2021-05-21,27.2625,25.1,31.5,25.425,90.0833,0.3883,0.5636,28.3143,20.448,9.8151,17.1,4.23,1.7938,0.4522,1.6471,100.5025,94.2917,28.2042,28.1917,28.0,27.2042,0.485,0.487,0.4197,0.4145,0.4384
2021-05-22,26.8667,25.1,29.8,25.3083,91.5417,0.3221,0.4964,27.8429,18.162,8.7176,20.1,3.75,2.1675,1.1947,1.6498,100.4354,89.1667,27.7167,27.9667,27.9458,27.3,0.4745,0.4924,0.4351,0.414,0.4499
2021-05-23,27.7,24.6,31.0,25.0417,86.2083,0.5671,0.8329,29.1071,20.4228,9.803,7.1,4.38,2.0792,1.2777,1.5142,100.4096,87.2917,28.1917,27.9292,27.9,27.3,0.4943,0.4899,0.4437,0.414,0.4569
2021-05-24,27.75,24.9,31.1,25.0792,86.0,0.5625,0.7993,28.8429,17.6472,8.4705,7.0,3.63,1.6954,0.9173,1.2511,100.4917,99.0,28.4167,28.2375,27.9,27.3,0.4956,0.4899,0.446,0.414,0.4587
2021-05-25,26.4,24.8,29.0,25.0792,92.7917,0.2625,0.345,26.9071,13.5684,6.5128,17.2,2.86,2.1292,1.0586,1.73,100.4913,99.75,27.45,27.9583,27.9,27.3,0.4798,0.4904,0.453,0.4143,0.4627
2021-05-26,26.9875,24.8,30.7,25.4042,91.5417,0.3333,0.5329,28.0643,16.3152,7.8311,14.5,3.4,1.8371,0.9278,1.3895,100.4475,98.9167,27.6208,27.6125,27.8917,27.3,0.4752,0.4908,0.4684,0.415,0.4736
2021-05-27,26.0042,24.8,29.8,25.5167,97.25,0.1025,0.1638,26.7846,9.7236,4.6673,25.6,1.94,1.4688,0.3396,1.3353,100.4946,99.2917,27.0333,27.475,27.8,27.3,0.4828,0.4955,0.4832,0.4152,0.4858
2021-05-28,25.6083,24.5,27.2,25.05,96.75,0.1112,0.1392,26.2154,8.9064,4.2752,18.3,1.9,1.5462,-0.179,1.4239,100.6446,98.75,26.4125,26.9625,27.7292,27.3,0.4717,0.498,0.5023,0.4172,0.4993
2021-05-29,26.3708,24.0,29.2,24.8875,91.9583,0.3038,0.47,27.55,20.2824,9.7355,12.5,4.19,2.1538,0.2589,2.1046,100.64,79.6667,27.0583,26.9458,27.6083,27.3,0.4657,0.4795,0.5065,0.422,0.498
2021-05-30,27.5083,24.5,30.6,24.9875,86.75,0.53,0.7557,28.7714,21.078,10.1176,1.8,4.41,2.4933,1.0379,2.1845,100.5454,43.2083,27.7792,27.4292,27.525,27.3,0.4575,0.458,0.5032,0.4272,0.4905
2021-05-31,27.6208,24.9,31.3,24.9417,85.75,0.5617,0.7757,28.7071,20.9448,10.0535,2.8,4.45,2.0625,1.1594,1.6821,100.445,39.4583,27.7792,27.6708,27.5042,27.3,0.4575,0.4531,0.4974,0.4289,0.4853
2021-06-01,28.0042,25.0,31.9,24.9625,84.4583,0.6504,0.9786,29.4929,23.3532,11.2097,0.4,5.02,1.93,0.9783,1.6085,100.4671,37.5,28.2708,27.9042,27.5625,27.3,0.4513,0.4491,0.4928,0.43,0.4807
2021-06-02,28.2583,25.8,31.8,25.7625,86.9583,0.5433,0.7779,29.6,21.8556,10.4905,1.8,4.61,2.0117,0.7262,1.7917,100.4812,67.7083,28.4042,28.15,27.6,27.3,0.4403,0.4435,0.4886,0.431,0.4758
2021-06-03,28.2167,25.6,31.7,25.6667,86.625,0.5538,0.8057,29.5571,22.6044,10.8501,4.3,4.66,2.1767,0.5398,2.0176,100.5625,80.3333,28.5875,28.3042,27.6875,27.3,0.4376,0.4386,0.4852,0.4314,0.4721
2021-06-04,28.5417,26.0,32.0,25.9458,86.25,0.5771,0.815,29.8929,22.536,10.8172,3.2,4.64,2.1583,0.7025,1.9791,100.5387,84.5417,28.7958,28.4542,27.725,27.3333,0.4356,0.4348,0.4818,0.432,0.4687
2021-06-05,27.3042,25.6,29.7,25.6458,90.9583,0.3425,0.4414,28.0357,17.4888,8.3946,12.1,3.6,2.1621,0.6236,1.9989,100.5542,94.6667,27.9792,28.2667,27.8,27.4,0.4715,0.439,0.4792,0.432,0.4702
2021-06-06,27.225,24.6,30.6,25.4875,90.5417,0.3667,0.5171,28.2929,18.9828,9.1119,18.6,3.9,2.2383,1.0718,1.9146,100.4846,99.0417,27.9083,27.9458,27.8,27.4,0.4777,0.4773,0.478,0.433,0.4778
2021-06-07,26.0792,24.7,28.7,25.2167,95.0833,0.1771,0.2279,26.5786,10.9764,5.2686,20.5,2.23,2.7171,1.3491,2.2808,100.5058,99.875,26.9417,27.5042,27.8,27.4,0.4806,0.493,0.4858,0.4331,0.4869
2021-06-08,25.0958,24.1,26.4,24.7583,98.1667,0.0638,0.0814,25.4286,8.316,3.9917,21.0,1.76,2.5733,1.188,2.2503,100.5558,99.9583,26.1333,26.8583,27.7,27.4,0.4902,0.494,0.4998,0.4344,0.4979
2021-06-09,25.625,24.1,27.9,24.3958,93.1667,0.2392,0.3286,26.2571,9.666,4.6397,15.4,2.02,2.4662,1.3667,1.9918,100.545,100.0,26.1167,26.4875,27.55,27.4,0.4975,0.5049,0.5128,0.4389,0.51
2021-06-10,24.9167,24.1,25.8,24.6625,98.5833,0.0492,0.0523,25.3154,5.6052,2.6906,19.9,1.32,2.265,1.0449,1.8845,100.4679,100.0,25.6958,26.2958,27.4167,27.4,0.4858,0.482,0.5123,0.4483,0.5041
2021-06-11,25.8,23.9,28.9,24.8583,94.5833,0.1904,0.2854,26.8615,11.3868,5.4656,9.9,2.48,1.9008,0.9263,1.5251,100.3592,99.375,26.2708,26.3,27.2583,27.4,0.481,0.4863,0.51,0.4545,0.503
2021-06-12,25.9458,24.2,29.0,24.7417,93.25,0.24,0.3492,26.7923,7.7832,3.7359,6.1,1.8,2.1954,1.1367,1.759,100.43,100.0,26.2333,26.4667,27.1833,27.4,0.4848,0.4711,0.5068,0.4602,0.4978
2021-06-13,25.6667,24.3,27.1,24.8375,95.1667,0.1617,0.195,26.15,10.0764,4.8367,19.7,2.09,2.3071,1.178,1.8719,100.4967,100.0,26.0708,26.3875,27.1,27.4,0.4944,0.4895,0.5055,0.4625,0.5013
2021-06-14,25.7708,23.5,28.8,24.6,93.5417,0.235,0.375,26.8,16.8732,8.099,9.6,3.37,2.3763,1.089,2.0477,100.5346,96.5,26.5042,26.475,27.0125,27.4,0.4789,0.4968,0.5096,0.4654,0.5048
2021-06-15,26.1083,24.1,29.5,24.5625,91.625,0.3079,0.4221,27.0143,13.7556,6.6025,12.6,2.89,1.9825,1.1864,1.563,100.5171,94.8333,26.4292,26.5292,27.0,27.4,0.4799,0.485,0.5108,0.4705,0.5032
2021-06-16,26.3375,23.7,29.4,24.7125,91.0833,0.3283,0.4543,27.2357,17.5464,8.4224,11.3,3.41,2.2521,0.9267,1.9616,100.6283,78.625,26.6625,26.6708,26.9417,27.4,0.4728,0.4752,0.509,0.4752,0.4994
2021-06-17,26.8542,24.1,30.4,24.7625,88.625,0.4262,0.5864,27.9643,20.3328,9.7595,6.5,4.13,1.7262,0.5789,1.4969,100.7496,66.2917,26.9875,26.8292,26.9125,27.325,0.4468,0.4552,0.5061,0.4804,0.4913
2021-06-18,26.9583,23.8,30.6,24.6958,87.875,0.4717,0.6871,28.2429,21.204,10.1779,2.2,4.28,1.6346,0.4545,1.5035,100.8062,75.5,27.4417,27.1292,26.9833,27.3,0.4641,0.4527,0.5007,0.4818,0.4881
2021-06-19,27.3125,24.7,30.7,24.9583,87.4167,0.4888,0.6693,28.5714,21.6864,10.4094,6.4,4.38,1.6504,0.6435,1.3154,100.7062,61.2917,27.6375,27.4042,27.0083,27.3,0.4631,0.4507,0.4965,0.482,0.4846
2021-06-20,27.0083,23.9,31.7,24.4958,86.9167,0.5217,0.7714,28.2857,22.0428,10.5807,12.6,4.56,1.9062,1.133,1.2487,100.5625,64.2083,27.6708,27.4792,27.1,27.3,0.4818,0.4671,0.4935,0.483,0.4871
2021-06-21,26.5625,23.7,29.6,24.8333,90.4583,0.355,0.4714,27.6429,19.3752,9.3,19.3,3.81,1.9196,0.4507,1.7486,100.5175,74.25,27.3083,27.4167,27.125,27.3,0.4757,0.4905,0.5009,0.4832,0.497
2021-06-22,26.1667,23.8,28.5,24.4667,90.6667,0.3371,0.4621,27.1357,18.018,8.6485,17.7,3.58,1.9375,0.5727,1.8032,100.5779,80.2917,26.9125,27.1417,27.2,27.3,0.496,0.4983,0.504,0.4844,0.5022
2021-06-23,25.9958,24.1,28.5,24.7208,92.9583,0.2542,0.375,27.0357,16.74,8.0351,16.1,3.32,2.2904,1.1533,1.9295,100.6771,94.0,26.7958,26.9583,27.1708,27.3,0.487,0.4883,0.5093,0.4877,0.5033
2021-06-24,26.7458,24.1,30.3,24.2458,86.875,0.5054,0.7593,28.1071,19.5516,9.3848,5.8,4.0,1.9183,1.1092,1.1937,100.5425,90.4583,27.1917,27.0125,27.1042,27.3,0.4814,0.4674,0.5077,0.492,0.4974
2021-06-25,26.9083,24.2,30.0,24.0958,85.125,0.5658,0.7986,28.1214,21.3084,10.228,5.5,4.34,2.1608,0.87,1.8359,100.4579,98.5833,27.3625,27.2125,27.1208,27.3,0.4829,0.4669,0.503,0.493,0.494
2021-06-26,26.8375,24.7,30.1,25.075,90.4167,0.3638,0.5,27.9357,18.1548,8.7141,4.7,3.52,2.4925,0.6723,2.3605,100.5717,81.3333,27.4208,27.3542,27.2,27.3,0.4884,0.4732,0.5,0.493,0.4936
2021-06-27,26.975,24.5,30.4,24.8333,88.375,0.4388,0.6071,28.1714,21.3912,10.2678,6.6,4.34,2.3383,0.9011,2.1022,100.7175,72.4583,27.3958,27.3083,27.2,27.3,0.4825,0.4729,0.4973,0.4939,0.4911
2021-06-28,27.2917,24.5,30.2,24.8917,87.125,0.4988,0.6914,28.4643,21.4056,10.2746,2.6,4.19,2.4325,1.2766,2.0111,100.6592,83.0833,27.6583,27.4667,27.2,27.3,0.475,0.4708,0.4946,0.494,0.4883
2021-06-29,27.1292,24.4,30.3,24.7208,87.1667,0.4954,0.7029,28.3,19.8504,9.5281,4.5,3.99,2.4075,0.9475,2.0558,100.5538,95.0417,27.6167,27.5542,27.3,27.3,0.4694,0.4653,0.4917,0.494,0.4846
2021-06-30,26.5542,24.5,30.0,24.6083,89.375,0.395,0.5643,27.7071,19.6344,9.4244,18.6,3.91,2.2946,1.021,1.9412,100.5683,78.5833,27.3958,27.5042,27.3,27.3,0.4872,0.4845,0.4894,0.494,0.4882
2021-07-01,27.225,23.9,30.7,24.5875,86.3333,0.5492,0.8236,28.6643,22.446,10.7742,1.9,4.6,2.2546,0.8051,2.0178,100.5567,66.0417,27.775,27.4875,27.3,27.3,0.4792,0.493,0.4917,0.494,0.4911
2021-07-02,26.8542,24.5,30.5,24.8583,89.0,0.4083,0.5769,28.1077,20.2212,9.7061,8.5,4.15,2.0162,0.9333,1.7306,100.65,62.625,27.5833,27.6042,27.3292,27.3,0.4912,0.4875,0.4905,0.494,0.4899
2021-07-03,27.8417,24.8,32.0,24.9583,85.1667,0.6179,0.91,29.2857,24.0012,11.5206,4.3,4.99,1.3067,0.5189,0.8119,100.5117,32.125,28.0417,27.6792,27.4,27.3,0.4858,0.4856,0.4891,0.494,0.4881
2021-07-04,28.2792,25.3,31.6,25.6583,86.3333,0.5721,0.8969,29.8538,22.4028,10.7534,4.5,4.62,1.7588,0.512,1.5408,100.3954,56.3333,28.3417,27.9583,27.4167,27.3,0.4809,0.4804,0.4871,0.4937,0.4852
2021-07-05,27.4708,25.1,31.3,25.8042,90.8333,0.3604,0.5562,28.8692,20.376,9.7805,13.2,4.14,1.5096,0.1235,1.3456,100.3275,90.3333,28.1667,28.1167,27.5,27.3,0.4792,0.4821,0.4852,0.493,0.4841
2021-07-06,26.1958,24.5,30.2,25.15,94.2083,0.215,0.3346,27.2385,14.7096,7.0607,19.0,2.82,1.9433,0.3587,1.849,100.2996,99.7083,27.275,27.7042,27.5,27.3,0.4815,0.4936,0.4905,0.493,0.4905
2021-07-07,25.5208,24.4,27.8,24.9042,96.5,0.1212,0.1977,26.3769,12.9204,6.202,23.8,2.57,2.0025,0.6708,1.8318,100.3967,97.6667,26.6167,27.1125,27.5,27.3,0.4735,0.4851,0.5077,0.4953,0.5006
2021-07-08,25.5667,24.1,28.5,24.6792,95.0417,0.1783,0.3031,26.5846,14.2272,6.8291,26.3,2.81,1.8283,0.4168,1.6393,100.3912,99.4167,26.5208,26.8,27.4333,27.3,0.4953,0.482,0.5106,0.5001,0.5036
2021-07-09,25.3458,23.9,28.4,24.5958,95.8333,0.1475,0.25,26.3308,13.572,6.5146,35.7,2.78,1.4008,-0.0336,1.1911,100.3233,99.5833,26.4792,26.7208,27.3417,27.3,0.465,0.4695,0.5143,0.5079,0.5014
2021-07-10,24.7417,23.7,27.4,24.375,97.75,0.07,0.1108,25.2923,10.314,4.9508,31.1,2.0,2.0646,-0.788,1.821,100.3425,99.9583,25.7958,26.3875,27.2583,27.3,0.4809,0.4759,0.5042,0.5147,0.4966
2021-07-11,26.2458,24.1,29.7,24.475,90.375,0.3554,0.5662,27.6154,18.1656,8.7196,8.7,3.67,1.8683,-0.0901,1.8115,100.5804,98.375,26.75,26.525,27.1417,27.3,0.5003,0.4899,0.4742,0.5155,0.4793
2021-07-12,26.5208,24.4,29.7,24.4667,88.8333,0.4125,0.6131,27.7923,18.702,8.9768,11.7,3.93,1.1479,0.0254,0.7567,100.6379,82.8333,27.0042,26.8833,27.1,27.3,0.4885,0.4954,0.4682,0.5142,0.4754
2021-07-13,26.9,23.7,31.7,24.3875,87.2917,0.5233,0.8846,28.6769,19.8144,9.5109,4.8,4.21,0.795,0.0288,0.0443,100.5129,98.7083,27.4,27.15,27.1,27.3,0.4888,0.4926,0.4649,0.5128,0.4724
2021-07-14,26.225,24.5,30.1,24.3208,89.6667,0.3792,0.5931,27.3615,16.9056,8.1147,11.4,3.52,0.9667,-0.078,0.65,100.4492,98.2917,27.0667,27.2208,27.1,27.3,0.4813,0.4931,0.4627,0.5118,0.4704
2021-07-15,25.0583,23.6,27.2,24.3083,95.75,0.1421,0.2085,25.8462,10.2312,4.911,17.7,2.14,1.3104,0.1208,1.182,100.555,99.5833,26.0542,26.7,27.1,27.3,0.4758,0.492,0.4688,0.511,0.4742
2021-07-16,25.7333,23.8,29.0,23.8875,90.125,0.3617,0.5738,26.8615,12.798,6.143,6.0,2.78,1.8146,0.8077,1.3837,100.7113,98.5833,26.225,26.3667,27.0458,27.3,0.4896,0.4938,0.474,0.5102,0.4793
2021-07-17,26.5917,24.4,30.4,24.8292,90.4167,0.3633,0.5592,28.2,21.3264,10.2366,8.9,4.32,2.5013,1.7322,1.7607,100.5425,70.4167,27.0792,26.7542,27.0,27.3,0.4809,0.4883,0.4726,0.5098,0.4765
2021-07-18,25.7042,23.9,28.3,24.475,93.1667,0.2425,0.3869,26.8615,12.24,5.8754,15.5,2.52,2.5088,1.7945,1.6904,100.4117,91.4583,26.35,26.7542,27.0,27.3,0.4722,0.4911,0.4784,0.509,0.4806
2021-07-19,25.8792,24.1,27.7,24.3042,91.375,0.3083,0.4069,26.6,10.0872,4.8421,16.2,2.55,2.7704,2.0458,1.7826,100.4588,92.4167,26.1542,26.4292,26.9625,27.3,0.4793,0.4924,0.4876,0.509,0.488
2021-07-20,26.4333,24.5,29.4,24.325,88.6667,0.4192,0.6531,27.5923,17.46,8.3808,10.2,3.85,3.3062,2.4712,2.1105,100.5367,90.8333,26.75,26.6083,26.9,27.3,0.4966,0.4909,0.4902,0.5087,0.4908
2021-07-21,26.1458,24.5,29.0,24.5958,91.5417,0.3062,0.4569,27.0846,13.7664,6.6079,19.0,2.9,3.1946,1.9988,2.476,100.5046,99.375,26.5292,26.6625,26.9,27.3,0.4822,0.4965,0.4952,0.5087,0.4946
2021-07-22,26.6958,24.7,30.1,24.7917,89.8333,0.3938,0.6431,28.1385,17.4852,8.3928,8.4,3.8,3.1829,2.0462,2.419,100.4746,98.6667,27.0333,26.825,26.9,27.3,0.4905,0.4831,0.4987,0.5093,0.4949
2021-07-23,26.1167,24.5,28.2,24.8667,92.875,0.2479,0.3246,26.8462,11.9412,5.7318,16.7,2.49,2.7554,2.0602,1.7598,100.4617,99.0833,26.5042,26.8,26.9,27.3,0.4776,0.4898,0.5025,0.509,0.4981
2021-07-24,25.4542,24.3,27.5,25.0458,97.5417,0.0821,0.1123,26.0308,6.6024,3.1692,19.6,1.39,2.9375,2.1169,1.987,100.4292,100.0,26.0292,26.475,26.9,27.3,0.4869,0.4983,0.5051,0.5093,0.5024
2021-07-25,25.6292,24.6,28.0,25.175,97.375,0.0925,0.1446,26.2846,7.3872,3.5459,11.7,1.54,3.0208,2.3779,1.8322,100.4667,100.0,26.0125,26.2292,26.8292,27.2458,0.501,0.4962,0.5081,0.5115,0.5051
2021-07-26,26.6292,24.7,29.4,24.8458,90.25,0.3612,0.5508,27.7769,17.1936,8.253,8.0,3.55,2.9096,2.0774,1.9957,100.4012,78.0417,26.8667,26.5417,26.8,27.2,0.5058,0.5031,0.5039,0.512,0.5039
2021-07-27,26.7042,24.8,29.7,24.6417,88.6667,0.4121,0.5569,27.6538,17.6004,8.4483,9.5,3.63,3.1229,2.3801,1.974,100.3504,88.7083,26.875,26.8042,26.8,27.2,0.5025,0.4997,0.5001,0.512,0.5002
2021-07-28,26.5333,24.8,29.3,24.775,90.2917,0.3533,0.5077,27.5154,16.74,8.0353,21.3,3.42,2.7708,2.0292,1.8345,100.3479,94.7917,26.9292,26.9,26.8,27.2,0.489,0.4965,0.4995,0.5122,0.4982
2021-07-29,26.5083,24.8,29.9,25.0083,91.7917,0.3079,0.4923,27.6538,19.098,9.1671,20.8,3.84,2.8012,1.9658,1.8988,100.3967,95.6667,27.1042,26.9833,26.8667,27.2,0.4653,0.4879,0.5059,0.5152,0.4993
2021-07-30,26.2625,24.4,29.6,24.85,92.0833,0.2825,0.4123,27.2462,16.8408,8.0837,17.1,3.38,2.7825,1.808,2.078,100.5171,95.4583,26.7708,26.9083,26.9,27.2,0.4704,0.4799,0.4751,0.5162,0.4758
2021-07-31,26.125,24.2,29.3,24.8375,92.875,0.2608,0.4277,27.3385,15.8976,7.631,22.0,3.31,2.4142,1.5268,1.8146,100.5246,98.375,26.6125,26.725,26.9,27.2,0.4757,0.4875,0.4755,0.5154,0.478
2021-08-01,26.8292,23.9,30.2,24.625,88.25,0.4525,0.6962,28.3769,19.3392,9.2827,4.3,4.08,2.8767,1.908,2.0552,100.4279,95.2083,27.1208,26.8458,26.9,27.2,0.4924,0.484,0.472,0.5146,0.476
2021-08-02,26.8208,25.1,29.6,24.625,87.9583,0.4388,0.5577,27.8077,15.9804,7.6706,7.5,3.41,2.6479,1.8282,1.8117,100.4579,99.7917,27.0417,27.0583,26.9,27.2,0.4912,0.4825,0.4645,0.5134,0.4702
2021-08-03,26.7708,25.2,29.1,24.4417,87.3333,0.4621,0.6038,27.6462,15.1344,7.2645,7.0,3.25,3.0238,2.1109,2.113,100.5262,99.9583,26.8667,26.9458,26.9,27.2,0.4941,0.4848,0.459,0.5122,0.4668
2021-08-04,26.8583,24.5,30.5,24.7,88.2083,0.4404,0.6115,27.9462,19.1736,9.2033,10.3,3.91,2.7508,1.7189,2.1335,100.57,82.7917,27.1833,27.0375,26.9333,27.2,0.4802,0.4888,0.4581,0.5112,0.4661
2021-08-05,26.4625,25.2,29.3,24.9333,91.4167,0.3058,0.4323,27.3769,17.982,8.6313,16.2,3.57,3.0458,2.0822,2.1862,100.5288,97.9167,26.9917,27.0458,27.0,27.2,0.472,0.4927,0.4651,0.5102,0.4714
2021-08-06,26.5792,24.8,29.5,24.9333,90.875,0.3338,0.4877,27.6,18.5832,8.92,10.6,3.65,2.7246,1.6612,2.0927,100.5708,99.5,26.9958,26.9875,27.0,27.2,0.465,0.4805,0.4757,0.5096,0.476
2021-08-07,26.85,24.0,30.0,24.5958,88.125,0.46,0.7308,28.3231,19.3176,9.2724,6.1,4.05,2.4458,1.643,1.6784,100.6554,99.25,27.175,27.0375,27.0,27.2,0.4882,0.4925,0.4729,0.509,0.4781
2021-08-08,27.25,25.0,30.5,24.825,87.25,0.5008,0.7746,28.6538,19.512,9.3656,6.8,4.08,1.8933,1.259,1.1669,100.6258,98.7917,27.5333,27.2917,27.0042,27.2,0.49,0.4875,0.47,0.5082,0.475
2021-08-09,27.6292,24.8,31.1,25.4083,88.1667,0.4762,0.7238,29.2462,21.294,10.2213,4.0,4.44,2.0025,0.7703,1.7542,100.4879,93.125,27.8667,27.5042,27.1,27.2,0.4858,0.4858,0.4668,0.5077,0.4721
2021-08-10,27.0917,25.2,29.8,25.2333,89.8333,0.385,0.5769,28.2692,19.4976,9.3588,5.5,3.93,2.3525,0.3551,2.2505,100.3629,97.6667,27.6667,27.6333,27.1292,27.2,0.4898,0.4819,0.4634,0.507,0.4691
2021-08-11,26.1917,24.3,30.0,24.7708,92.125,0.2833,0.4138,27.0846,18.2124,8.7418,13.9,3.43,3.0196,0.7785,2.8999,100.56,99.875,27.15,27.3667,27.2,27.2,0.4932,0.4984,0.4625,0.5064,0.4722
2021-08-12,26.2625,24.3,29.4,24.65,91.0833,0.3204,0.4638,27.1846,17.5284,8.4137,15.6,3.46,2.4625,0.8682,2.2734,100.7729,97.9167,26.9125,27.0583,27.2,27.2,0.4482,0.4899,0.4768,0.506,0.4775
2021-08-13,26.2875,24.6,28.9,24.2458,88.8333,0.3992,0.5685,27.2538,17.3016,8.3047,13.8,3.55,2.7888,1.7315,2.1722,100.6296,98.7083,26.8083,26.9583,27.2,27.2,0.4828,0.4941,0.4835,0.5056,0.4857
2021-08-14,26.1042,24.2,29.9,24.3292,90.3333,0.3517,0.5431,27.1615,16.056,7.707,8.8,3.32,2.3729,1.2291,1.9632,100.5162,99.1667,26.6583,26.8458,27.1167,27.2,0.4971,0.4893,0.4874,0.505,0.4885
2021-08-15,24.775,24.0,26.6,24.4583,98.1667,0.06,0.0838,25.2077,6.9984,3.3592,20.7,1.47,1.9321,0.58,1.7788,100.7104,100.0,25.7375,26.4417,27.0917,27.2,0.4774,0.4973,0.4987,0.505,0.4969
2021-08-16,25.7833,23.7,29.6,24.3667,92.0833,0.2862,0.4554,26.9077,15.3432,7.3647,16.2,3.25,1.2742,0.3641,1.0384,100.9658,79.5,26.1917,26.2042,26.9958,27.2,0.4716,0.4905,0.5115,0.5068,0.5043
2021-08-17,27.1542,23.1,32.4,24.4583,86.375,0.5783,0.9731,29.1615,23.6484,11.3513,4.4,5.0,0.7646,0.2122,0.2299,100.8492,84.0417,27.3,26.7292,26.9,27.2,0.4625,0.4775,0.5088,0.508,0.499
2021-08-18,27.7583,24.4,31.8,24.7083,84.5417,0.6467,1.0469,29.5,23.9148,11.4792,3.5,4.94,0.9021,0.1291,0.6131,100.6387,58.625,27.9083,27.4458,26.9417,27.2,0.4725,0.4674,0.5031,0.508,0.4935
2021-08-19,27.0417,24.9,29.9,24.9375,88.7083,0.4325,0.6662,28.3462,20.9736,10.0673,18.7,4.26,1.2262,-0.1232,1.029,100.5625,85.25,27.5958,27.5708,27.0292,27.2,0.4821,0.4825,0.4981,0.5079,0.4937
2021-08-20,26.7833,24.1,31.2,24.6667,88.7917,0.4392,0.6962,28.2231,19.71,9.4609,12.3,4.11,1.0792,-0.2791,0.9041,100.6358,87.625,27.4417,27.4208,27.1,27.2,0.4697,0.495,0.4995,0.507,0.4965
2021-08-21,26.4167,24.3,30.0,24.7708,90.8333,0.3333,0.5054,27.5769,18.6516,8.9526,13.0,3.76,1.2925,0.0761,1.0868,100.6946,80.2917,27.1083,27.2667,27.1,27.2,0.4637,0.4856,0.5052,0.5078,0.4982
2021-08-22,26.2333,23.6,29.7,24.4542,90.2083,0.3583,0.5569,27.6462,18.7668,9.008,9.0,3.73,1.6979,0.1351,1.4865,100.6312,97.2917,26.9,27.0125,27.1,27.2,0.4732,0.4911,0.5031,0.507,0.4985
2021-08-23,26.5125,24.3,29.8,24.7375,90.2083,0.3608,0.5285,27.8692,20.052,9.6251,9.4,4.0,1.7058,0.406,1.5485,100.5162,89.6667,27.1917,27.1333,27.1,27.2,0.4838,0.4933,0.5034,0.507,0.4999
2021-08-24,26.1417,23.9,29.9,24.7042,92.0,0.2871,0.4031,27.3154,17.9244,8.6039,18.0,3.62,1.8029,0.3145,1.6288,100.4154,92.0833,26.8167,27.0,27.1,27.2,0.4687,0.4885,0.5077,0.508,0.5009
2021-08-25,25.5042,24.0,27.8,24.6292,95.125,0.1704,0.2754,26.3846,13.7124,6.5819,24.9,2.76,1.7825,0.2001,1.7119,100.4,99.6667,26.4958,26.8083,27.1,27.2,0.4668,0.4814,0.5123,0.5123,0.5026
2021-08-26,24.7417,23.7,26.6,24.4208,98.0417,0.0625,0.0785,25.4077,7.8588,3.7721,21.0,1.61,1.5083,0.1597,1.4113,100.4621,100.0,25.7417,26.3542,27.0375,27.1958,0.4825,0.4751,0.4961,0.516,0.4907
2021-08-27,24.1042,22.9,26.0,23.7,97.5,0.0775,0.1223,24.7462,6.1524,2.9532,26.1,1.24,1.485,-0.0083,1.4328,100.5229,99.9167,25.0708,25.7958,26.9375,27.1083,0.495,0.4913,0.4828,0.517,0.4855
2021-08-28,25.225,23.0,29.3,24.1167,93.625,0.2221,0.3708,26.7,15.7068,7.5394,15.7,3.15,1.4279,0.0472,1.2026,100.53,99.125,25.9042,25.8083,26.8083,27.1,0.4721,0.4922,0.4927,0.516,0.4911
2021-08-29,25.4583,22.8,29.8,23.9208,91.6667,0.3029,0.5038,26.8385,15.4548,7.4181,12.6,3.25,1.0175,0.2332,0.4427,100.5346,93.2917,26.1333,26.1458,26.7042,27.1,0.4769,0.4948,0.4885,0.5153,0.489
2021-08-30,25.8875,23.4,30.0,24.4208,92.0417,0.2979,0.5038,27.3692,16.0344,7.6964,11.4,3.34,0.8296,0.0912,0.4957,100.5954,97.2917,26.4625,26.3917,26.7,27.1,0.4834,0.4973,0.4889,0.5145,0.4903
2021-08-31,25.6417,24.0,28.2,24.6792,94.5417,0.1879,0.28,26.5538,13.8852,6.6649,12.4,2.84,0.9146,0.031,0.6697,100.6592,99.4167,26.2792,26.4458,26.7,27.1,0.4673,0.4921,0.4899,0.514,0.4888
2021-09-01,25.2583,23.5,28.7,24.3083,94.7917,0.1871,0.3023,26.2846,12.204,5.8579,11.7,2.57,0.9175,-0.0238,0.4651,100.6288,99.5417,26.1542,26.3167,26.6875,27.1,0.4757,0.494,0.4899,0.5132,0.4897
2021-09-02,25.2875,23.3,27.7,24.375,94.7083,0.1808,0.2946,26.6231,15.426,7.4045,19.6,3.11,1.5704,0.3245,1.4826,100.5717,98.75,26.0708,26.2458,26.6083,27.1,0.4845,0.4983,0.4926,0.513,0.4932
2021-09-03,25.1708,23.7,27.0,24.1792,94.2917,0.19,0.2508,25.9385,10.8144,5.1908,17.1,2.25,1.8046,1.0545,1.3076,100.5512,99.3333,25.65,26.0542,26.6,27.1,0.4671,0.4923,0.5072,0.513,0.5013
2021-09-04,25.8292,23.3,29.6,23.7125,88.5417,0.41,0.5969,27.0846,14.9796,7.1902,2.4,3.18,1.6912,0.898,1.3602,100.5788,99.5,25.9917,25.9625,26.5292,27.1,0.4855,0.4915,0.504,0.512,0.5001
2021-09-05,25.7375,23.9,29.6,24.5167,93.375,0.245,0.3823,26.9462,14.7888,7.0986,6.2,2.94,1.3138,0.5916,0.9249,100.6446,95.5833,26.2958,26.2708,26.5,27.1,0.4927,0.4866,0.4975,0.512,0.4949
2021-09-06,25.6917,23.6,30.5,24.6292,94.375,0.22,0.3777,27.0308,17.6544,8.4743,26.8,3.56,0.8383,0.3745,0.2745,100.6758,94.3333,26.4833,26.4083,26.5,27.1,0.4764,0.4887,0.499,0.5126,0.4952
2021-09-07,24.9333,23.7,27.0,24.3333,96.375,0.1179,0.1885,25.6692,9.45,4.5359,52.3,1.99,0.8571,0.6332,0.0247,100.5629,100.0,25.8333,26.225,26.5,27.1,0.4758,0.4786,0.4955,0.5172,0.4906
2021-09-08,24.2958,23.6,25.5,24.1083,99.0,0.0338,0.0423,24.7077,4.5792,2.1979,30.4,1.06,0.7788,0.0761,-0.1324,100.3392,100.0,25.1042,25.7333,26.4958,27.0208,0.4677,0.4934,0.4796,0.5175,0.4817
2021-09-09,24.8042,23.6,27.4,24.3542,97.4167,0.0846,0.1331,25.5,10.0296,4.8142,19.7,2.06,1.5029,-0.017,1.2832,100.3871,99.7083,25.3917,25.5417,26.4,27.0,0.4805,0.4964,0.4857,0.5162,0.4876
2021-09-10,24.8208,23.8,27.5,24.3375,97.0833,0.0942,0.1546,25.5385,7.9236,3.8033,23.8,1.69,2.1988,1.3053,1.7315,100.5567,99.2917,25.3292,25.6042,26.325,27.0,0.4888,0.5019,0.4931,0.5153,0.4946
2021-09-11,25.5792,23.5,28.2,24.425,93.5,0.2258,0.3008,26.5692,10.926,5.2445,15.0,2.41,1.7871,1.4928,0.8638,100.5567,100.0,25.8042,25.7125,26.3,27.0,0.4601,0.4803,0.4979,0.5161,0.4916
2021-09-12,25.6167,23.8,28.2,24.3375,92.875,0.2513,0.3323,26.3846,6.3036,3.0258,16.9,1.55,1.6579,1.3875,0.5316,100.3696,99.9583,25.5625,25.7792,26.2458,27.0,0.4731,0.4797,0.4706,0.5161,0.4727
2021-09-13,27.3,24.6,31.2,24.4292,84.875,0.5933,0.8977,28.8462,20.5272,9.8531,2.1,4.25,2.0508,1.743,0.6039,100.3625,97.0417,27.0667,26.3125,26.225,27.0,0.4704,0.4805,0.4655,0.5145,0.469
2021-09-14,25.3833,24.1,27.2,24.75,96.375,0.1238,0.1531,25.9692,7.3188,3.5131,15.0,1.58,1.4742,0.4408,1.3026,100.515,97.4167,26.0667,26.4958,26.3,27.0,0.4895,0.4867,0.4599,0.5133,0.4676
2021-09-15,24.7583,23.5,27.4,24.2333,96.875,0.1008,0.1523,25.4538,9.0,4.3199,12.4,1.87,1.3721,-0.2189,1.2451,100.6358,99.75,25.5792,25.9417,26.3,27.0,0.4776,0.4999,0.4666,0.5122,0.4743
2021-09-16,25.2167,23.5,28.7,24.2417,94.5417,0.1921,0.3177,26.4462,15.8436,7.6048,11.4,3.23,1.8392,-0.005,1.7357,100.6846,99.0,25.8042,25.8417,26.3,26.9667,0.4608,0.4864,0.4728,0.5115,0.4748
2021-09-17,26.3458,23.5,30.9,24.2167,88.7083,0.4371,0.7208,28.1462,21.2472,10.1987,5.1,4.39,1.2304,0.1115,0.85,100.6858,80.4167,26.5958,26.1708,26.3,26.9,0.4769,0.4872,0.4686,0.5107,0.4731
2021-09-18,26.7625,22.9,31.4,24.1125,86.5833,0.545,0.9542,28.7333,19.656,9.4346,5.5,4.19,0.8433,-0.1499,-0.2911,100.6417,77.25,26.9792,26.6333,26.3208,26.9,0.4847,0.4809,0.4635,0.5099,0.4686
2021-09-19,26.3667,24.6,30.1,24.8458,91.75,0.3112,0.4667,27.4167,11.376,5.4605,9.0,2.3,0.7779,-0.0244,-0.1255,100.6558,99.625,26.5667,26.7375,26.4,26.9,0.5004,0.4901,0.4598,0.509,0.469
2021-09-20,24.7292,23.6,27.5,24.1333,96.4583,0.1158,0.195,25.4,8.0064,3.8432,29.0,1.75,0.9779,0.0166,0.8291,100.5442,99.9583,25.8375,26.2958,26.4,26.9,0.4779,0.4983,0.471,0.5082,0.4772
2021-09-21,24.8042,23.8,27.8,23.9625,95.0417,0.1621,0.2767,25.5667,10.3104,4.9489,25.3,2.16,2.0967,0.1417,2.0212,100.4538,99.625,25.4458,25.8083,26.4,26.9,0.4649,0.4899,0.5027,0.5087,0.4974
2021-09-22,24.5542,23.7,26.2,24.2333,98.0,0.0633,0.1008,25.225,7.2864,3.4974,25.7,1.52,2.1975,0.5621,2.0533,100.4721,99.9583,25.2083,25.6042,26.3417,26.9,0.4901,0.4895,0.5106,0.5106,0.5047
2021-09-23,25.5792,23.6,28.7,24.1417,91.875,0.2825,0.465,26.8083,12.4668,5.9841,15.2,2.64,1.7012,0.8574,1.2088,100.6062,99.1667,25.7375,25.6625,26.3,26.9,0.4684,0.4766,0.5096,0.5154,0.4998
2021-09-24,25.05,23.7,27.7,24.4583,96.4167,0.1146,0.1217,25.7333,7.2288,3.4699,26.5,1.58,1.2529,0.7851,0.7475,100.5688,100.0,25.3042,25.65,26.225,26.9,0.4855,0.4904,0.4973,0.5157,0.495
2021-09-25,24.7708,23.7,27.0,24.3833,97.7917,0.0742,0.1133,25.6083,7.794,3.7412,38.8,1.6,1.6942,0.4866,1.4286,100.4721,99.9167,25.3167,25.5708,26.2,26.9,0.4949,0.4956,0.4782,0.5175,0.483
2021-09-26,24.5375,23.4,26.5,24.2417,98.25,0.0592,0.1033,25.3667,8.7876,4.2177,26.8,1.82,1.1333,-0.1583,0.9235,100.5225,99.4583,25.225,25.4833,26.125,26.8417,0.4819,0.4949,0.4776,0.5163,0.4816
2021-09-27,25.7583,23.0,30.4,24.0542,91.2083,0.3492,0.6825,27.6417,16.6284,7.9815,9.1,3.47,0.8733,-0.5163,-0.2449,100.5833,96.5,26.2417,25.8292,26.1,26.8,0.5,0.498,0.4785,0.5151,0.4841
2021-09-28,26.4125,23.0,32.2,24.1917,88.9167,0.47,0.8883,28.675,19.6272,9.421,6.2,4.11,0.6975,-0.3882,-0.3778,100.6254,85.875,27.0333,26.475,26.1292,26.8,0.4996,0.4983,0.4724,0.5139,0.4798
2021-09-29,27.4042,23.4,32.2,24.425,85.0417,0.6321,1.1042,29.625,22.4496,10.7757,0.4,4.75,0.7183,-0.1587,0.016,100.5333,60.6667,27.6292,26.975,26.2333,26.8,0.4825,0.4905,0.4672,0.5127,0.4731
2021-09-30,26.3958,24.4,29.9,24.8833,91.75,0.3042,0.5017,27.6,14.5332,6.9761,12.7,3.05,1.0096,-0.0818,0.8236,100.6,96.0833,27.0458,27.1917,26.3667,26.8,0.4811,0.4912,0.4619,0.5117,0.4694
2021-10-01,26.5625,24.0,30.6,24.9083,90.9583,0.3396,0.5325,28.0583,19.206,9.219,18.0,4.03,0.9096,-0.0577,0.5912,100.6375,81.3333,27.0083,26.8625,26.4458,26.8,0.4677,0.4938,0.4656,0.5109,0.4716
2021-10-02,26.0,23.8,29.2,24.725,92.7917,0.2563,0.3875,27.3083,16.1136,7.7345,15.6,3.24,1.2462,0.073,1.2111,100.7217,99.5,26.7417,26.8042,26.5042,26.8,0.4763,0.4892,0.4741,0.51,0.4774
2021-10-03,26.5292,23.5,31.5,24.3792,89.0833,0.4504,0.8167,28.6333,20.2104,9.7009,13.5,4.26,0.5088,-0.087,0.3955,100.6163,86.6667,27.2875,26.9333,26.6,26.8,0.4699,0.488,0.4769,0.5095,0.4787
2021-10-04,27.0708,22.9,32.3,24.625,87.625,0.525,0.9367,29.325,21.3876,10.2661,0.6,4.48,0.9658,-0.3119,-0.6784,100.4996,71.1667,27.4667,27.1208,26.6208,26.8,0.4838,0.4942,0.4768,0.509,0.481
2021-10-05,27.3042,25.1,31.7,25.3083,89.6667,0.4221,0.7583,28.95,18.4464,8.8544,8.2,3.91,0.8038,0.1148,-0.5789,100.3946,90.75,27.65,27.3792,26.7125,26.8,0.4792,0.49,0.4731,0.5081,0.4771
2021-10-06,25.9667,23.6,30.3,24.525,92.3333,0.3054,0.5958,27.6167,16.5744,7.9558,28.4,3.41,0.6842,-0.1049,-0.3793,100.2883,99.375,27.0833,27.2167,26.8,26.8,0.4459,0.4915,0.4852,0.508,0.4837
2021-10-07,25.7042,24.1,29.3,24.8792,95.3333,0.17,0.325,26.8917,10.8936,5.2288,17.6,2.32,0.8196,0.2457,-0.3078,100.2029,99.0417,26.6833,26.8708,26.8,26.8,0.4771,0.4931,0.5015,0.5076,0.498
2021-10-08,26.0625,23.9,28.1,24.375,90.7917,0.3304,0.5017,27.1667,9.8424,4.7244,2.7,2.08,1.3442,0.0304,1.2998,100.285,99.375,26.5,26.6708,26.8,26.8,0.4764,0.4839,0.5077,0.508,0.5005
2021-10-09,25.4333,24.3,27.2,24.9458,97.0833,0.0971,0.1275,26.2167,10.0332,4.816,22.8,2.02,1.7638,0.5906,1.4517,100.3583,99.625,26.1125,26.4458,26.8,26.8,0.4869,0.488,0.5105,0.5089,0.5041
2021-10-10,26.425,24.2,29.2,24.475,89.4167,0.3979,0.65,27.9,16.938,8.1304,7.8,3.51,2.8354,1.9245,1.9397,100.3004,87.7083,26.5917,26.4208,26.7167,26.8,0.4927,0.4837,0.5108,0.511,0.5039
2021-10-11,25.45,24.3,27.3,24.7875,96.1667,0.1292,0.2058,26.3167,10.8288,5.198,29.9,2.21,2.2533,1.2308,1.8209,100.2617,99.0833,26.1833,26.4958,26.7,26.8,0.4762,0.4834,0.5099,0.515,0.502
2021-10-12,25.2708,23.9,27.4,24.6333,96.25,0.1254,0.2017,26.2833,11.5452,5.5415,35.7,2.3,1.8592,1.0269,1.5283,100.2846,97.1667,25.9542,26.225,26.6958,26.8,0.4775,0.4836,0.476,0.5175,0.4777
2021-10-13,25.5583,24.1,28.7,24.7917,95.625,0.1554,0.2758,26.8083,11.232,5.3914,27.8,2.38,1.8733,1.3202,1.231,100.2154,100.0,26.0833,26.1792,26.6,26.8,0.482,0.4988,0.4769,0.5165,0.4818
2021-10-14,25.2833,24.1,27.1,24.5625,95.8333,0.1396,0.2508,26.1333,10.674,5.1234,25.8,2.18,2.4721,1.6092,1.7983,100.2108,99.7083,25.8417,26.0958,26.5958,26.8,0.4655,0.4945,0.4949,0.5155,0.4928
2021-10-15,24.5792,24.0,25.6,24.4667,99.25,0.0225,0.0258,24.9417,3.3624,1.6138,40.4,0.82,2.3258,0.9586,2.0498,100.3479,100.0,25.2667,25.7958,26.5,26.8,0.4805,0.49,0.4974,0.5162,0.4947
2021-10-16,25.5792,23.2,29.8,24.325,93.1667,0.2525,0.4383,26.925,11.2608,5.4051,7.0,2.42,1.0667,0.292,0.5415,100.5363,98.625,25.9375,25.7625,26.4167,26.8,0.4744,0.4815,0.4648,0.5168,0.469
2021-10-17,22.4917,21.2,24.1,22.2208,98.25,0.0463,0.0617,22.375,2.862,1.3737,36.8,0.68,2.2383,-0.3889,-2.0589,100.7242,100.0,24.0542,25.4083,26.3667,26.8,0.4795,0.4918,0.4688,0.5155,0.4744
2021-10-18,24.2708,21.2,27.9,22.2417,89.1667,0.3708,0.6492,25.6583,12.5208,6.01,10.3,2.53,1.1617,-0.5706,-0.7666,100.7458,99.125,24.6167,24.6417,26.1875,26.7458,0.4592,0.4899,0.4766,0.5146,0.4782
2021-10-19,26.625,22.4,30.5,23.6375,84.7083,0.6017,0.9875,28.5,17.5752,8.4361,0.2,3.71,1.1646,-0.2758,0.0873,100.9833,92.2917,26.3417,25.6833,26.1,26.7,0.45,0.473,0.4713,0.5135,0.4702
2021-10-20,26.2,23.5,30.8,24.5875,91.5,0.3292,0.5858,27.775,13.9176,6.6806,5.4,2.89,0.8471,-0.3288,-0.6369,101.0158,97.2083,26.5625,26.3708,26.1167,26.7,0.469,0.4662,0.4636,0.5124,0.4645
2021-10-21,26.0833,23.9,29.7,24.4667,91.2083,0.3304,0.5708,27.7333,16.974,8.1475,10.5,3.55,0.6479,-0.0991,0.157,100.9233,98.7083,26.7125,26.4958,26.2,26.7,0.4847,0.4821,0.4586,0.5114,0.4653
2021-10-22,25.6083,23.4,27.9,24.4167,93.375,0.2338,0.3592,26.8917,11.52,5.5296,15.0,2.39,1.0904,-0.8044,-0.5871,100.9267,96.9167,26.0583,26.3083,26.2167,26.7,0.473,0.4938,0.464,0.5104,0.4709
2021-10-23,24.3708,23.1,26.0,23.2,93.2917,0.2088,0.2792,24.925,8.766,4.2077,11.0,1.7,2.3071,-1.5224,-1.7151,101.0087,99.3333,25.175,25.8167,26.2292,26.7,0.4766,0.4915,0.4685,0.5099,0.4739
2021-10-24,25.4833,22.3,29.0,21.9208,81.3333,0.6533,0.9108,26.95,16.9704,8.1457,0.0,3.71,3.1029,-2.0573,-2.2868,100.9346,72.0833,25.5292,25.4583,26.2,26.7,0.4786,0.4895,0.4663,0.509,0.472
2021-10-25,25.9708,23.3,29.7,21.4375,76.4167,0.8208,1.02,27.2,15.5736,7.4754,0.0,3.73,2.9833,-1.9737,-2.1732,100.8079,77.0,26.0542,25.9167,26.1167,26.7,0.4619,0.4765,0.462,0.5082,0.4651
2021-10-26,26.375,23.3,30.5,21.5917,75.4167,0.8858,1.1775,27.975,21.3336,10.2401,0.0,4.73,2.5546,-1.4298,-2.1044,100.7279,80.375,26.525,26.2542,26.1667,26.7,0.4459,0.4646,0.4571,0.5074,0.4579
2021-10-27,26.2333,22.2,30.4,21.55,76.125,0.8696,1.2158,28.0,22.0716,10.5942,2.2,4.94,2.7617,-1.4685,-2.3267,100.7046,77.125,26.3667,26.2667,26.2,26.7,0.4314,0.4529,0.4521,0.5065,0.4508
2021-10-28,25.1375,23.0,28.4,22.9458,88.2083,0.4062,0.6567,26.3917,12.3444,5.9253,15.4,2.61,1.9275,-1.0917,-1.5781,100.725,92.6667,25.9958,26.2958,26.2,26.7,0.4915,0.4778,0.4485,0.5057,0.4577
2021-10-29,26.475,22.3,31.1,23.7667,86.0417,0.5571,0.995,28.8417,18.6948,8.9733,0.7,3.96,1.0075,-0.7457,-0.4195,100.8929,77.0417,26.7375,26.3125,26.2208,26.6333,0.4702,0.4772,0.4462,0.5049,0.4544
2021-10-30,26.5167,23.7,30.5,24.3583,88.5417,0.4438,0.7742,28.3333,16.4016,7.8728,7.2,3.43,1.5346,-0.9262,-0.8492,100.9346,79.3333,26.875,26.725,26.3,26.6,0.4761,0.4698,0.4436,0.504,0.4514
2021-10-31,25.8333,23.0,29.6,24.0958,90.8333,0.3483,0.645,27.4,13.698,6.5749,5.2,2.9,1.4617,-1.0059,-0.6028,100.9425,98.4167,26.3667,26.55,26.35,26.6,0.4887,0.476,0.4415,0.5033,0.4521
2021-11-01,26.3833,23.8,30.8,24.6292,90.7083,0.3646,0.6508,28.0833,17.0604,8.189,8.9,3.58,1.6146,-1.0097,-1.0821,100.9017,81.75,26.7292,26.5042,26.4,26.6,0.4732,0.4855,0.4406,0.5026,0.4523
2021-11-02,26.6458,23.2,31.1,23.975,86.25,0.5475,0.9433,28.7167,18.6156,8.9356,1.1,3.98,1.8467,-1.3178,-1.1582,100.8721,72.6667,26.95,26.7333,26.4042,26.6,0.4597,0.4818,0.4405,0.502,0.4505
2021-11-03,26.4417,21.7,31.2,23.2583,84.0833,0.6462,1.1125,28.9083,19.6056,9.4106,0.2,4.17,1.8392,-1.2666,-1.2539,100.8071,77.2917,26.7292,26.6625,26.4708,26.6,0.4535,0.468,0.4387,0.5011,0.4459
2021-11-04,26.9917,23.2,31.0,24.3417,86.375,0.5538,0.9867,29.1833,18.2844,8.7764,1.2,3.9,1.585,-1.1556,-0.9703,100.7558,80.5417,27.0958,26.8583,26.5,26.6,0.445,0.4575,0.4361,0.5005,0.4412
2021-11-05,27.3958,24.6,31.6,24.5792,85.9167,0.5846,1.0375,29.2667,18.5904,8.9235,0.9,3.98,1.1279,-0.4924,-0.1664,100.65,83.4167,27.5542,27.1833,26.5542,26.6,0.4409,0.4493,0.4336,0.4997,0.4374
2021-11-06,26.6458,24.4,31.0,24.8583,90.5417,0.3708,0.6475,28.1167,16.902,8.1129,9.9,3.5,0.6408,-0.0755,0.0329,100.4921,94.5,27.3292,27.275,26.6375,26.6,0.4578,0.4508,0.4312,0.499,0.4372
2021-11-07,26.7542,23.9,31.6,24.7042,89.375,0.4371,0.7992,28.7,18.6336,8.9441,3.3,3.95,0.7538,-0.4332,-0.167,100.4667,83.1667,27.4875,27.2292,26.7,26.6,0.4761,0.4644,0.4296,0.4984,0.4401
2021-11-08,26.1792,24.3,30.1,24.025,88.2083,0.4288,0.6783,27.5667,14.3136,6.8706,2.4,2.95,2.2529,-1.5062,-1.6517,100.6196,93.5417,26.7875,27.0417,26.8,26.6,0.4722,0.4644,0.4285,0.4978,0.4391
2021-11-09,26.05,24.1,29.4,22.3417,80.625,0.6825,0.9042,26.9333,15.6492,7.5114,0.4,3.46,3.2633,-2.316,-2.2356,100.7946,74.375,26.5542,26.6833,26.8,26.6,0.4583,0.4589,0.427,0.497,0.4359
2021-11-10,23.7208,21.4,25.1,20.1583,80.6667,0.575,0.5225,23.575,8.1324,3.9033,5.3,2.25,3.3075,-2.0043,-2.6194,100.8308,95.125,24.6917,25.9333,26.725,26.6,0.471,0.4557,0.4256,0.4965,0.4351
2021-11-11,24.8375,22.0,28.8,20.1375,75.4167,0.7929,0.9783,25.9583,16.2468,7.7985,0.7,3.77,3.2692,-2.2332,-2.326,100.7875,73.3333,25.1,25.2625,26.5583,26.6,0.4595,0.455,0.4245,0.496,0.4334
2021-11-12,25.1083,23.1,28.5,21.5458,81.0417,0.6288,0.765,26.1417,15.03,7.2143,1.5,3.56,3.135,-1.9372,-2.4358,100.7738,83.375,25.4583,25.6,26.4417,26.6,0.4522,0.4489,0.4226,0.495,0.4302
2021-11-13,25.6417,23.7,28.3,21.3833,77.3333,0.7575,0.8992,26.6417,13.4496,6.456,0.0,3.28,3.7871,-2.4962,-2.8127,100.7554,93.4583,25.75,25.7792,26.3792,26.6,0.4381,0.4425,0.4211,0.4946,0.4268
2021-11-14,24.8292,21.8,27.8,21.7667,83.5417,0.5425,0.5675,25.325,10.4904,5.0354,5.4,2.68,3.1017,-2.4438,-1.7871,100.7825,88.4167,25.2625,25.6583,26.3,26.6,0.4574,0.4396,0.4196,0.494,0.4264
2021-11-15,25.5,22.8,29.5,22.3458,83.1667,0.5825,0.725,26.475,11.7792,5.654,2.4,2.96,2.5771,-1.9277,-1.605,100.6613,79.75,25.5583,25.6333,26.2375,26.6,0.4612,0.4412,0.4185,0.4934,0.4263
2021-11-16,25.8625,23.8,29.1,22.8417,83.875,0.5667,0.795,27.2583,13.6656,6.5593,3.6,2.99,2.7658,-2.2568,-1.5104,100.6654,86.5833,25.8792,25.8583,26.2,26.6,0.4562,0.4395,0.4173,0.493,0.4247
2021-11-17,26.8958,23.8,31.0,23.4,82.0417,0.6971,1.0408,28.6917,17.2764,8.2927,0.3,3.86,2.4179,-1.7109,-1.6317,100.6958,63.8333,26.7042,26.2292,26.2,26.6,0.4467,0.4368,0.4155,0.4921,0.4222
2021-11-18,26.6625,24.5,30.3,23.3958,82.8333,0.6379,0.9308,28.1333,15.3756,7.3804,0.5,3.37,2.4092,-1.8658,-1.3908,100.6167,81.5417,26.8,26.6083,26.2333,26.6,0.4289,0.4304,0.414,0.4916,0.4185
2021-11-19,26.6708,23.6,31.0,23.7208,84.75,0.5979,0.9892,28.5667,17.6544,8.4742,0.4,3.79,1.5821,-1.3482,-0.7398,100.5204,60.5833,26.9625,26.7417,26.3,26.6,0.4184,0.4242,0.4122,0.491,0.4151
2021-11-20,26.8083,23.5,31.2,23.8125,84.75,0.6104,1.0433,28.8417,17.316,8.3118,0.9,3.71,0.8912,-0.5377,-0.3412,100.5046,37.9167,27.05,26.8125,26.3958,26.6,0.4096,0.4181,0.4105,0.4904,0.4121
2021-11-21,27.5833,23.8,31.9,24.3458,83.8333,0.6842,1.1625,29.7333,17.55,8.4241,0.4,3.75,0.9221,-0.7336,-0.4705,100.5938,63.5417,27.4542,27.0292,26.425,26.6,0.4021,0.4121,0.409,0.4898,0.4092
2021-11-22,27.2792,23.8,31.7,24.1375,84.25,0.6575,1.1467,29.4667,17.4204,8.3616,2.5,3.8,1.5638,-1.1834,-0.818,100.6379,81.0,27.5792,27.3042,26.525,26.6,0.3934,0.406,0.4071,0.489,0.4059
2021-11-23,25.0583,24.0,27.1,22.8375,87.75,0.3967,0.4408,25.5583,7.6248,3.6599,4.8,1.84,2.8929,-1.848,-2.1395,100.7212,92.1667,25.7833,26.7,26.6,26.6,0.4271,0.4036,0.406,0.4887,0.407
2021-11-24,25.3292,22.3,28.7,19.7042,71.25,0.9492,1.1383,26.3833,16.8732,8.099,0.0,3.94,3.6129,-2.4775,-2.4946,100.8471,85.125,25.7875,25.9792,26.5417,26.6,0.4212,0.4033,0.4047,0.488,0.4056
2021-11-25,25.3417,22.0,29.4,19.9208,72.2917,0.9288,1.1708,26.5167,17.6364,8.4654,0.1,4.11,3.3329,-2.1967,-2.3587,100.8579,93.8333,25.8417,25.9708,26.5,26.6,0.4003,0.3982,0.403,0.4874,0.4018
2021-11-26,25.5792,22.4,29.4,19.4042,68.9583,1.0471,1.2892,26.8917,19.4472,9.3347,0.0,4.48,3.2133,-1.9329,-2.5349,100.8483,53.2917,25.9792,26.0333,26.4292,26.6,0.3816,0.392,0.4011,0.4868,0.3978
2021-11-27,24.8875,21.3,28.7,18.2625,66.9583,1.0708,1.2808,26.1417,20.304,9.7459,0.0,4.69,3.5483,-2.0948,-2.8092,100.8742,71.125,25.6417,25.9375,26.4,26.6,0.3647,0.3852,0.3991,0.486,0.3938
2021-11-28,24.725,21.6,28.2,18.35,67.75,1.0183,1.1525,25.7833,14.2848,6.8566,0.0,3.79,3.8558,-2.0661,-3.2265,100.82,77.125,25.2417,25.6708,26.3375,26.6,0.3511,0.3795,0.3975,0.4855,0.3905
2021-11-29,23.4125,21.9,26.4,19.2458,77.75,0.6517,0.645,23.575,8.424,4.0435,7.0,2.63,4.0267,-2.2698,-3.311,100.7363,97.875,24.1917,25.2875,26.2667,26.6,0.386,0.3762,0.3963,0.485,0.3914
2021-11-30,22.8833,21.7,25.9,20.3458,85.75,0.4013,0.4925,23.525,7.722,3.7066,8.1,2.18,4.6162,-3.0949,-3.3963,100.7225,99.375,23.4333,24.3417,26.1125,26.6,0.4368,0.3788,0.3958,0.4844,0.3951
2021-12-01,23.2167,21.1,26.0,18.0,72.9167,0.7938,1.0083,24.1917,14.6916,7.0518,0.0,3.93,4.9433,-3.6211,-3.3404,100.8954,75.7083,23.7875,24.1583,25.925,26.5417,0.4388,0.3862,0.3946,0.484,0.3959
2021-12-02,23.5542,20.6,26.8,17.0542,67.125,0.9721,1.1442,24.675,17.2008,8.2564,0.0,4.12,4.1313,-2.8828,-2.9374,101.0017,43.2083,24.1458,24.3875,25.7583,26.5,0.4081,0.3842,0.3935,0.4834,0.3926
2021-12-03,22.8333,19.8,26.7,16.3958,67.4167,0.9354,1.1708,24.1667,19.7424,9.4763,0.0,4.39,3.6883,-2.4788,-2.696,101.1817,41.2083,23.8125,24.3542,25.6458,26.5,0.386,0.3796,0.3919,0.4828,0.3889
2021-12-04,21.8417,18.6,25.9,15.0625,65.75,0.9267,1.1292,23.3667,20.4156,9.7995,0.0,4.3,3.4075,-2.291,-2.4829,101.1842,91.4583,22.85,23.8125,25.525,26.5,0.3683,0.3746,0.3905,0.482,0.3856
2021-12-05,21.8333,18.0,26.7,14.8792,65.375,0.9562,1.2575,23.7333,19.8,9.5039,0.0,4.31,3.0525,-1.8657,-2.3892,101.1542,39.2917,22.7125,23.425,25.3458,26.5,0.3533,0.3692,0.3888,0.4815,0.3822
2021-12-06,22.7625,18.2,28.1,16.3875,68.375,0.9608,1.3425,25.1333,20.4084,9.7959,0.0,4.5,3.14,-1.9498,-2.4227,101.0512,9.9583,23.0333,23.3583,25.1708,26.5,0.3402,0.3638,0.3872,0.481,0.379
2021-12-07,23.7417,19.8,28.5,16.4375,64.2083,1.1038,1.43,25.6167,20.25,9.7199,0.0,4.54,3.0271,-2.0125,-2.2365,101.0729,12.6667,24.0875,24.0125,25.1,26.4458,0.3278,0.3586,0.3855,0.4801,0.3758
2021-12-08,23.9875,19.8,29.0,16.5875,64.2917,1.1375,1.5033,25.9917,20.5524,9.8652,0.0,4.6,3.0192,-1.9379,-2.2996,101.0896,11.875,24.1708,24.2333,25.0208,26.4,0.317,0.3534,0.384,0.4796,0.3729
2021-12-09,25.5875,21.7,30.4,18.4625,65.5417,1.1992,1.5467,27.6,18.9,9.072,0.0,4.35,3.1146,-2.2047,-2.1115,101.0992,43.3333,25.3292,24.7958,25.0083,26.4,0.307,0.3481,0.3822,0.479,0.3698
2021-12-10,26.125,22.8,31.0,19.6917,68.75,1.1367,1.5942,28.1833,17.3844,8.3446,0.0,4.06,2.9242,-1.8644,-2.1945,101.0367,41.1667,25.9458,25.4583,25.1042,26.4,0.299,0.3436,0.3805,0.4784,0.3671
2021-12-11,25.2875,21.0,30.5,18.3375,67.1667,1.1696,1.6992,27.7,19.4616,9.3415,0.0,4.36,2.74,-1.87,-1.9634,101.065,33.2083,25.5875,25.5208,25.2,26.4,0.2923,0.3392,0.3791,0.4777,0.3647
2021-12-12,24.7458,20.0,30.2,17.8458,67.2083,1.1421,1.67,27.225,19.638,9.4261,0.0,4.35,2.8625,-1.8269,-2.1186,101.0438,8.0417,25.2,25.3292,25.2917,26.3042,0.2863,0.335,0.3775,0.477,0.3622
2021-12-13,25.6333,22.9,30.1,17.875,62.7917,1.2717,1.6,27.2667,17.5896,8.443,0.0,4.49,3.8867,-2.5232,-2.9047,100.9896,21.6667,25.6375,25.4625,25.3042,26.3,0.2812,0.331,0.376,0.4764,0.3599
2021-12-14,25.525,21.5,30.3,17.175,60.625,1.3487,1.6692,27.2583,19.512,9.3659,0.0,4.64,3.1721,-2.0598,-2.3678,100.8671,35.4583,26.075,25.7375,25.4,26.3,0.2771,0.3272,0.3745,0.4758,0.3577
2021-12-15,26.2083,22.0,31.3,18.2542,62.6667,1.3575,1.8467,28.475,19.7172,9.4641,0.0,4.56,2.5833,-1.6411,-1.96,100.78,44.0,26.3542,25.9333,25.4792,26.3,0.2735,0.3236,0.3727,0.475,0.3554
2021-12-16,26.9708,21.7,33.0,19.8292,66.9167,1.3329,1.9933,29.8667,19.0332,9.1359,0.0,4.49,2.2504,-1.551,-1.5574,100.7608,48.2917,27.0208,26.3042,25.5542,26.3,0.2705,0.3202,0.3711,0.4745,0.3534
2021-12-17,27.3625,22.7,32.7,20.5542,68.0417,1.29,1.885,29.8917,17.1432,8.2288,0.0,4.21,2.7287,-1.8345,-1.9573,100.7688,49.125,27.3583,26.7583,25.7042,26.3,0.2681,0.317,0.3695,0.474,0.3514
2021-12-18,26.8708,23.5,31.0,18.1292,59.2917,1.4817,1.77,28.125,18.6804,8.9665,0.0,4.97,4.0342,-2.6294,-2.9992,100.8412,47.1667,27.3917,27.0167,25.8417,26.3,0.2662,0.3145,0.3681,0.473,0.3497
2021-12-19,24.6125,21.0,28.2,15.3667,56.7917,1.3746,1.5842,25.6333,18.0612,8.6694,0.0,4.7,4.2117,-2.5584,-3.3275,100.9662,80.1667,26.0375,26.5542,25.9792,26.3,0.2646,0.3118,0.3665,0.4725,0.3479
2021-12-20,23.8833,19.5,28.9,14.425,56.4167,1.3646,1.7567,25.825,20.1096,9.6527,0.0,4.6,2.8888,-1.789,-2.2642,101.0121,37.5,25.3375,25.8167,26.0,26.2958,0.2635,0.3091,0.3652,0.472,0.3463
2021-12-21,24.9292,18.9,31.0,16.6917,62.375,1.3421,1.9558,27.7667,18.6696,8.9615,0.0,4.09,1.6183,-1.013,-1.1923,100.9492,36.375,25.6042,25.5417,25.9625,26.2083,0.2625,0.307,0.3636,0.4712,0.3446
2021-12-22,26.4875,22.2,31.1,19.2708,66.4167,1.27,1.835,28.6417,13.68,6.5664,0.0,3.01,0.8338,-0.4998,-0.4501,100.9004,84.4583,26.6708,26.1375,25.9875,26.2,0.2616,0.3051,0.3625,0.4706,0.3434
2021-12-23,26.5042,23.5,31.7,20.875,73.125,1.0363,1.6375,28.7417,14.5548,6.9863,2.2,3.29,1.1792,-0.4876,-0.3355,100.8625,88.2083,27.1625,26.6667,26.0167,26.2,0.2648,0.3035,0.3615,0.47,0.3425
2021-12-24,25.1208,21.6,30.8,22.3667,86.75,0.5212,0.9908,27.225,14.4864,6.9534,13.0,3.04,1.0163,-0.6166,-0.271,100.8663,83.4583,26.2542,26.5375,26.1,26.2,0.3258,0.3026,0.3605,0.4695,0.3459
2021-12-25,24.4083,22.3,29.9,23.0167,92.7083,0.2712,0.5192,26.0333,12.6864,6.0894,14.9,2.69,1.1717,-0.7912,-0.6098,100.9458,70.5,25.5458,26.0375,26.1,26.2,0.4339,0.3116,0.36,0.469,0.355
2021-12-26,25.0208,21.5,29.7,21.9417,84.125,0.5792,0.9208,26.975,17.2728,8.291,2.9,3.51,2.0767,-1.3875,-1.3681,101.0883,48.4167,25.5625,25.6458,26.1,26.2,0.4506,0.3438,0.3596,0.469,0.3626
2021-12-27,25.7875,22.5,30.4,20.725,74.5833,0.9117,1.2958,27.5083,16.9812,8.151,0.0,3.91,2.8121,-1.7866,-2.1055,101.1154,26.9167,25.6792,25.6583,26.0375,26.2,0.4144,0.349,0.359,0.468,0.3608
2021-12-28,25.525,22.3,29.3,18.375,64.9167,1.1721,1.3758,26.6,19.314,9.2707,0.0,4.74,3.7375,-2.6616,-2.53,101.0838,18.3333,25.9292,25.9125,26.0,26.2,0.3861,0.3472,0.3584,0.4677,0.358
2021-12-29,26.1792,22.8,30.4,18.8208,64.25,1.2504,1.49,27.6,17.6256,8.4603,0.0,4.57,3.6783,-2.7796,-2.1957,101.0542,38.0417,26.2333,26.0333,26.0,26.2,0.364,0.3436,0.3574,0.467,0.355
2021-12-30,26.2,23.4,29.7,18.825,64.2917,1.2512,1.5017,27.5,16.7508,8.0404,0.0,4.23,3.4267,-2.332,-2.4595,101.145,64.3333,26.3708,26.2542,26.0542,26.2,0.3468,0.3399,0.3565,0.4666,0.3523
2021-12-31,25.5,22.1,30.0,17.7625,62.9583,1.2638,1.5633,27.0417,19.4904,9.3555,0.0,4.55,3.4971,-2.4081,-2.4467,101.1712,57.9583,26.0333,26.1167,26.1,26.2,0.3319,0.3361,0.3555,0.466,0.3498
2022-01-01,25.1125,21.5,29.7,16.9,61.0417,1.2996,1.645,26.9083,20.4264,9.8048,0.0,4.79,3.3892,-2.2632,-2.4587,101.1546,40.75,25.8125,25.9708,26.1,26.2,0.3182,0.332,0.3545,0.4655,0.3472
2022-01-02,25.3333,21.3,30.3,17.575,63.0,1.2683,1.6108,27.2417,18.7776,9.0133,0.0,4.39,3.3054,-2.1941,-2.3911,101.0808,25.9583,25.6917,25.775,26.0667,26.2,0.3066,0.328,0.3535,0.465,0.3448
2022-01-03,26.0667,22.7,30.7,18.0125,61.9167,1.3483,1.7167,27.9083,19.2168,9.2241,0.0,4.5,3.1233,-2.1877,-2.0979,100.9571,44.25,26.4375,26.1167,26.0625,26.2,0.2971,0.3242,0.3525,0.4641,0.3426
2022-01-04,26.4083,22.2,32.1,18.8375,64.625,1.3354,1.8642,28.85,20.1456,9.6699,0.0,4.56,2.39,-1.5985,-1.7047,100.9696,18.875,26.6458,26.2875,26.1,26.2,0.2888,0.3206,0.3511,0.4637,0.3404
2022-01-05,26.0958,21.2,32.0,19.075,67.25,1.2479,1.8817,28.8583,19.0008,9.1202,0.0,4.24,2.0262,-1.3429,-1.489,100.9408,52.25,26.6875,26.5,26.1,26.2,0.2824,0.3175,0.35,0.463,0.3384
2022-01-06,26.1083,19.7,32.6,18.4833,66.2083,1.3642,2.095,29.275,20.8188,9.9929,0.0,4.64,1.9638,-1.4443,-1.2671,100.9529,14.4583,26.6625,26.4542,26.15,26.2,0.2773,0.3145,0.3487,0.4625,0.3365
2022-01-07,26.2833,20.0,33.0,18.9125,67.0417,1.3483,2.1258,29.65,18.9792,9.11,0.0,4.21,1.49,-1.1244,-0.9542,101.0233,13.9167,26.9333,26.6375,26.2,26.2,0.2732,0.3114,0.3476,0.462,0.3348
2022-01-08,26.1667,20.0,32.7,17.8667,63.7083,1.4562,2.2317,29.425,21.0132,10.0863,0.0,4.78,2.1708,-1.4887,-1.5564,101.0008,0.4167,26.775,26.6417,26.2208,26.2,0.2697,0.3086,0.3466,0.4614,0.3332
2022-01-09,25.9375,18.9,32.9,16.525,60.1667,1.5892,2.4367,29.3833,21.2904,10.2193,0.0,4.72,1.7125,-1.2674,-1.138,100.8829,0.1667,26.8125,26.6542,26.3,26.2,0.267,0.3058,0.3455,0.4607,0.3317
2022-01-10,26.4542,19.1,33.3,17.45,60.6667,1.59,2.3208,29.7583,20.8008,9.9843,0.0,4.52,1.3308,-0.9311,-0.6824,100.9204,38.7917,26.8833,26.6833,26.3,26.2,0.265,0.3031,0.3445,0.46,0.3302
2022-01-11,27.2875,20.4,33.8,19.3917,65.875,1.4771,2.2975,30.3333,20.3616,9.7736,0.0,4.6,1.4158,-0.8777,0.1165,100.9863,80.625,27.3083,26.8792,26.3625,26.2,0.2632,0.3011,0.3434,0.4595,0.3289
2022-01-12,26.875,22.3,32.7,20.4042,71.2083,1.1937,1.9192,29.175,18.6984,8.9751,0.1,4.07,1.2992,-0.7188,-0.2358,101.0471,51.7917,27.4292,27.1583,26.4125,26.2,0.2624,0.2991,0.3424,0.459,0.3277
2022-01-13,26.5792,20.4,32.7,18.5958,65.5417,1.42,2.2025,29.4833,20.5848,9.8809,0.0,4.65,1.7754,-1.3885,-0.8548,101.0629,6.75,27.2375,27.1042,26.5,26.2,0.2615,0.2972,0.3411,0.4584,0.3263
2022-01-14,26.5875,20.7,32.6,17.5,60.125,1.5621,2.2358,29.325,20.8836,10.0243,0.0,4.61,1.4942,-1.3245,-0.4612,101.0596,4.3333,27.1083,27.0125,26.5083,26.2,0.2606,0.2956,0.3398,0.4577,0.325
2022-01-15,26.3958,19.9,32.8,16.9083,58.9583,1.6108,2.34,29.4083,21.2796,10.2142,0.0,4.58,1.1558,-0.9422,-0.5243,101.0038,2.125,26.9125,26.8667,26.5667,26.2,0.2598,0.2941,0.3386,0.457,0.3238
2022-01-16,26.6,20.4,32.7,18.0,62.3333,1.5075,2.2267,29.4667,20.3868,9.786,0.0,4.22,0.6871,-0.4895,-0.257,101.0079,22.8333,27.1,26.9042,26.6,26.2,0.2595,0.2926,0.3376,0.4565,0.3227
2022-01-17,27.0625,20.4,32.9,18.0833,61.5833,1.5783,2.23,29.6083,18.2988,8.7836,0.0,4.32,1.5925,-1.0848,-0.959,100.9962,42.9167,27.2875,27.0458,26.6,26.2,0.2587,0.2915,0.3366,0.456,0.3217
2022-01-18,26.4,20.2,32.6,17.0917,59.25,1.5888,2.2142,29.25,20.088,9.6423,0.0,4.65,2.1317,-1.701,-1.2063,100.9396,34.25,27.225,27.0833,26.6125,26.2,0.258,0.2905,0.3356,0.4554,0.3207
2022-01-19,26.1208,21.7,31.7,16.9417,58.7917,1.5229,2.05,28.4167,20.0808,9.6386,0.0,4.73,2.5429,-2.0125,-1.4573,100.8467,10.7083,27.0458,27.0708,26.7,26.2583,0.2576,0.2895,0.3346,0.4548,0.3198
2022-01-20,26.0375,21.1,32.4,18.9542,67.0417,1.245,1.8783,28.6417,19.3644,9.2949,0.4,4.19,1.3975,-0.5484,0.0126,100.7662,32.75,27.1542,27.025,26.7,26.3,0.2581,0.2885,0.3336,0.454,0.3189
2022-01-21,25.4542,22.3,29.4,22.1583,82.875,0.61,0.9058,27.025,15.4872,7.4339,3.0,3.12,1.18,0.3514,0.7938,100.8283,51.6667,26.6083,26.9667,26.7,26.3,0.2731,0.2877,0.333,0.4539,0.3193
2022-01-22,25.2333,22.1,29.8,21.8708,82.7917,0.6183,0.9625,26.9083,17.1288,8.2218,2.3,3.52,1.8642,0.7092,1.6139,100.715,37.0,26.1417,26.5042,26.7,26.3,0.2937,0.287,0.333,0.453,0.3206
2022-01-23,25.425,22.3,29.9,22.1667,83.1667,0.6129,0.9917,27.3833,16.938,8.1301,0.7,3.56,1.5738,0.4491,1.2328,100.725,44.25,26.0833,26.275,26.6292,26.3,0.2965,0.287,0.3325,0.453,0.3204
2022-01-24,26.1458,21.3,32.6,21.0958,77.6667,0.9538,1.68,28.775,18.666,8.9597,0.2,3.99,0.8633,0.0257,0.2576,100.7071,39.0,26.5667,26.3125,26.6,26.3,0.2939,0.2866,0.3317,0.4524,0.3196
2022-01-25,27.0458,21.4,33.2,21.0,73.75,1.1608,2.0108,29.8333,19.4652,9.3432,0.0,4.16,0.7829,-0.067,0.2472,100.7125,31.875,27.2042,26.7208,26.5958,26.3,0.2865,0.286,0.3311,0.452,0.3185
2022-01-26,27.0333,22.3,32.8,21.9542,76.9167,0.9892,1.745,29.55,19.0368,9.1377,0.0,4.12,0.9667,0.0681,0.7538,100.7608,32.8333,27.6083,27.1708,26.6,26.3,0.2802,0.2855,0.3305,0.4512,0.3175
2022-01-27,27.4583,23.5,32.7,22.55,77.375,0.9725,1.6492,29.6583,17.6184,8.457,0.3,3.8,0.6688,0.2099,0.2514,100.7508,53.1667,27.9958,27.5042,26.6458,26.3,0.2781,0.285,0.3295,0.451,0.3166
2022-01-28,27.3125,23.7,32.5,23.075,79.6667,0.8467,1.415,29.275,18.3528,8.8093,1.2,3.95,1.0238,0.6172,0.6521,100.7817,38.5417,27.8958,27.6542,26.7292,26.3,0.2808,0.2846,0.329,0.4501,0.3163
2022-01-29,27.2958,24.4,32.0,23.1708,79.8333,0.8225,1.3115,29.0385,18.2592,8.7646,0.8,4.01,1.5767,0.9535,1.1073,100.725,53.5417,27.6792,27.525,26.8,26.3,0.2873,0.2842,0.3285,0.45,0.3163
2022-01-30,27.0792,23.7,31.9,23.3583,81.4167,0.7562,1.2162,29.0615,18.486,8.8734,1.2,4.08,1.8392,0.4512,1.612,100.6929,47.7917,27.6208,27.4583,26.8333,26.3,0.2888,0.284,0.3279,0.4494,0.3159
2022-01-31,26.3333,23.1,31.0,22.8,82.5,0.6908,1.1323,28.2154,17.0496,8.1837,1.6,3.74,2.0875,0.0697,1.9275,100.715,47.2917,27.0917,27.2833,26.9,26.3,0.2935,0.284,0.3275,0.449,0.316
2022-02-01,26.8667,22.7,31.8,22.1042,77.25,0.9271,1.4754,28.9692,18.3528,8.8094,0.5,4.11,1.5275,-0.1305,1.286,100.7454,38.8333,27.4458,27.1792,26.9,26.3,0.2961,0.284,0.327,0.4485,0.3158
2022-02-02,26.2417,23.5,30.6,23.075,83.375,0.6154,0.9346,27.6846,16.2216,7.7864,7.0,3.43,1.3612,0.115,1.1041,100.8683,48.6667,26.8542,27.175,26.9,26.3,0.3108,0.2838,0.3265,0.448,0.3164
2022-02-03,26.9917,22.1,32.2,21.6958,75.3333,1.0317,1.6062,29.3231,17.4816,8.391,0.6,3.77,0.8954,-0.3272,-0.0951,100.8262,32.0417,27.2417,26.9625,26.9,26.3917,0.3322,0.284,0.326,0.4477,0.3176
2022-02-04,27.0042,23.5,32.9,22.5708,78.2917,0.8742,1.32,29.0077,19.1988,9.2153,5.7,4.06,1.3312,-0.7922,-0.8793,100.8042,36.5,27.425,27.2458,26.9,26.4,0.3381,0.284,0.3256,0.447,0.3177
2022-02-05,26.8542,22.7,31.9,19.0875,64.1667,1.3717,1.8815,28.7385,17.8524,8.5693,0.0,4.23,2.8712,-2.1514,-1.629,100.8613,42.8333,26.9417,27.0417,26.9,26.4,0.3523,0.285,0.3251,0.447,0.3186
2022-02-06,27.2333,22.9,32.9,18.1333,58.5833,1.5983,2.0815,29.3154,22.1616,10.6377,0.0,5.15,2.5579,-1.8751,-1.6292,100.8967,38.7083,27.5042,27.1292,26.9,26.4,0.3316,0.2854,0.3245,0.446,0.3168
2022-02-07,27.7208,21.6,34.0,19.9292,65.0417,1.4858,2.2162,30.5231,21.7476,10.4388,0.0,4.75,1.3121,-0.4682,-0.4186,100.8196,48.375,28.0542,27.4708,26.9,26.4,0.3143,0.285,0.3236,0.4457,0.3149
2022-02-08,27.9333,23.3,32.8,22.9625,76.5417,1.0108,1.5808,29.9538,19.5336,9.3761,0.9,4.13,0.7246,0.1882,0.5556,100.7867,33.5417,28.3583,27.9167,26.9958,26.4,0.3046,0.285,0.323,0.445,0.3137
2022-02-09,26.8542,24.0,31.5,23.9875,85.25,0.5842,0.9131,28.4,17.5932,8.4446,10.5,3.64,1.1304,0.2204,0.8085,100.8167,76.875,27.7167,27.875,27.0375,26.4,0.3487,0.2855,0.323,0.445,0.3169
2022-02-10,26.0917,24.4,29.8,24.1167,89.3333,0.3913,0.5531,27.0538,15.0588,7.228,21.4,3.11,0.9488,0.3423,0.1868,100.7675,68.5833,27.0125,27.4083,27.1,26.4,0.4412,0.3224,0.323,0.4445,0.3311
2022-02-11,25.7833,23.5,31.0,23.9417,90.3333,0.3721,0.6238,27.2538,15.1092,7.2524,11.2,3.11,0.8933,0.5628,0.1751,100.6975,94.0833,26.6167,26.875,27.05,26.4,0.4596,0.3813,0.323,0.444,0.3448
2022-02-12,25.8458,23.4,29.8,24.0208,90.2917,0.3683,0.6154,27.4385,14.5368,6.9777,8.2,2.93,0.7617,0.2308,-0.0325,100.6283,86.75,26.6792,26.7333,27.0,26.4,0.4762,0.4131,0.323,0.444,0.3526
2022-02-13,25.6875,22.9,30.6,24.125,91.5833,0.32,0.5292,27.2923,16.6896,8.0112,12.7,3.43,0.7371,-0.0775,0.5,100.4808,67.625,26.6125,26.6875,26.9417,26.4,0.475,0.4363,0.324,0.444,0.3582
2022-02-14,25.6917,23.2,28.9,24.5,93.5833,0.24,0.3969,27.0538,13.0068,6.2433,14.3,2.71,0.5412,-0.2812,-0.144,100.57,88.2083,26.6083,26.7125,26.9,26.4625,0.4862,0.475,0.3268,0.4436,0.3691
2022-02-15,24.5042,23.3,26.2,23.5792,94.625,0.17,0.2177,25.0923,7.506,3.6029,8.3,1.51,1.9117,-1.3968,-1.2579,100.6292,93.7083,25.3583,26.2208,26.8542,26.5,0.4978,0.4884,0.3343,0.443,0.3781
2022-02-16,25.1625,22.5,29.0,23.2333,89.5417,0.3708,0.6046,26.7,13.086,6.2814,2.8,2.62,0.9933,-0.5378,-0.534,100.5392,71.875,25.65,25.7375,26.7292,26.5,0.4862,0.4821,0.341,0.443,0.3808
2022-02-17,25.7958,22.7,30.6,23.1917,86.625,0.5092,0.8231,27.4,18.4608,8.8611,4.1,3.81,1.1383,-0.2122,0.2911,100.4967,58.5417,26.2042,26.0875,26.6208,26.5,0.4786,0.4697,0.3447,0.443,0.3804
2022-02-18,26.0917,22.8,30.5,23.6417,87.3333,0.4954,0.8138,27.9077,18.738,8.9943,2.1,3.97,0.9779,-0.1532,0.3263,100.6004,54.9583,26.6833,26.4458,26.6,26.5,0.4735,0.4619,0.347,0.443,0.3799
2022-02-19,26.325,23.5,30.2,24.2,88.3333,0.4246,0.62,27.5615,17.46,8.3808,5.6,3.65,1.7225,0.4315,1.6062,100.7354,51.125,26.5125,26.6042,26.6,26.5,0.4741,0.4565,0.3486,0.4422,0.3801
2022-02-20,26.7917,24.2,30.7,23.9625,85.1667,0.5712,0.8908,28.4385,19.8072,9.5075,0.9,4.03,2.1592,0.7142,1.932,100.6667,40.0417,26.7125,26.55,26.6,26.5,0.464,0.4528,0.3499,0.442,0.3795
2022-02-21,25.2,22.6,28.8,22.6333,86.25,0.4596,0.5831,26.3615,13.23,6.3504,3.7,2.85,1.5583,-0.7548,0.0761,100.8162,96.1667,26.1125,26.55,26.6,26.5,0.4628,0.4468,0.3509,0.442,0.3789
2022-02-22,22.9083,20.2,25.7,18.1917,75.0,0.715,0.8231,23.6692,16.4736,7.9076,0.7,3.35,2.9438,-1.9865,-2.1461,101.0275,73.1667,24.4708,25.4875,26.5208,26.5,0.4538,0.4433,0.3519,0.442,0.3782
2022-02-23,24.5417,21.3,29.0,17.3542,64.6667,1.1275,1.3492,25.7538,23.1624,11.118,0.0,5.23,3.3167,-2.1452,-2.5079,101.0871,23.3333,25.0375,25.1583,26.3542,26.5,0.4285,0.434,0.352,0.4412,0.3746
2022-02-24,24.2042,19.8,28.6,15.3792,58.0,1.2967,1.4185,25.1385,22.9464,11.0143,0.0,5.71,3.9375,-2.6298,-2.8745,101.1633,46.9583,24.9667,25.2625,26.2458,26.5,0.4044,0.4225,0.3516,0.441,0.3702
2022-02-25,24.8958,20.8,29.3,15.6167,56.5,1.4,1.5646,26.1231,20.9988,10.0795,0.0,5.51,3.7167,-2.4226,-2.7791,101.1012,91.2083,25.3667,25.4333,26.15,26.5,0.3838,0.4115,0.351,0.4406,0.366
2022-02-26,25.7833,21.8,30.7,16.7667,57.875,1.4367,1.6746,27.3923,20.718,9.9446,0.0,5.34,3.2146,-2.2285,-2.2423,101.0338,82.8333,25.8917,25.6875,26.1,26.5,0.3667,0.4011,0.3505,0.44,0.3623
2022-02-27,27.1708,23.0,32.5,18.925,61.6667,1.4625,1.8692,29.1385,23.742,11.3961,0.0,5.6,2.5629,-1.7576,-1.1776,100.9296,62.0833,26.8792,26.2583,26.1,26.5,0.3508,0.3912,0.3496,0.44,0.3584
2022-02-28,27.3625,22.4,33.4,21.8583,74.7917,1.0896,1.7654,30.0154,22.3992,10.7515,0.0,4.85,1.1413,-0.1727,-0.1358,100.8792,69.1667,27.55,26.8708,26.15,26.4375,0.3377,0.3822,0.3486,0.4394,0.3549
2022-03-01,27.1792,23.2,32.2,23.1958,80.5417,0.8021,1.3146,29.1615,19.368,9.2967,0.7,4.18,0.8092,0.1901,0.3999,100.8554,37.3333,27.5292,27.2292,26.2792,26.4,0.3315,0.3747,0.348,0.439,0.3525
2022-03-02,26.9375,24.2,32.3,23.9625,84.6667,0.6067,0.9592,28.5462,18.936,9.0893,4.1,4.04,1.1379,0.5106,0.8605,100.8625,73.4583,27.4875,27.2833,26.3917,26.4,0.345,0.369,0.3475,0.439,0.3518
2022-03-03,26.3125,22.7,31.8,24.2792,89.125,0.42,0.6677,27.9615,17.6472,8.4707,10.0,3.69,0.985,0.4991,0.5695,100.8271,73.0,27.0333,27.075,26.4958,26.4,0.4048,0.3668,0.347,0.4383,0.3552
2022-03-04,27.2417,23.8,31.7,24.5625,86.125,0.5621,0.9092,28.9692,19.7568,9.4833,4.0,4.2,0.9817,0.5731,0.6121,100.7275,45.9167,27.2917,26.9792,26.5083,26.4,0.4486,0.3729,0.347,0.438,0.3596
2022-03-05,27.05,24.8,30.9,24.6083,87.0417,0.5012,0.7838,28.5,18.4248,8.8439,1.9,3.84,1.6117,0.6797,1.397,100.6704,77.1667,27.4875,27.2583,26.6,26.4,0.4384,0.3798,0.3465,0.438,0.3599
2022-03-06,26.7792,24.1,31.2,24.3583,87.2083,0.4946,0.7785,28.2385,18.5004,8.8802,5.0,3.88,1.4033,0.0973,1.3354,100.6925,75.7083,27.3458,27.2375,26.6375,26.4667,0.4279,0.3798,0.346,0.438,0.3588
2022-03-07,26.7708,23.9,32.2,24.4292,87.8333,0.4921,0.7977,28.4231,18.5832,8.9197,15.9,3.88,0.6888,0.0526,0.2125,100.735,69.625,27.375,27.2083,26.7,26.5,0.4255,0.394,0.346,0.4372,0.3616
2022-03-08,26.0042,23.8,31.0,22.9958,84.6667,0.575,0.9308,27.3154,16.2684,7.8088,2.4,3.48,1.7683,-0.7797,-1.0837,100.7738,96.125,26.6667,26.975,26.7,26.5,0.4638,0.4259,0.346,0.437,0.371
2022-03-09,27.35,22.5,32.3,22.8667,78.75,0.9054,1.4777,29.5462,21.9348,10.5289,0.0,4.69,1.1867,-0.2694,-0.4317,100.6654,50.9167,27.2458,26.8083,26.7,26.5,0.4323,0.4221,0.346,0.437,0.368
2022-03-10,26.875,24.6,30.8,24.225,86.0417,0.5375,0.8069,28.1769,20.394,9.7891,5.8,4.24,1.2221,0.2745,1.077,100.6062,66.9583,27.2583,27.2125,26.7875,26.5,0.4345,0.4155,0.346,0.4366,0.3668
2022-03-11,26.5958,24.1,30.9,24.4,88.375,0.4471,0.6985,27.9692,18.2232,8.7471,3.6,3.81,1.1321,0.348,0.8765,100.5192,59.2083,27.0,27.0375,26.8,26.5,0.454,0.4172,0.346,0.436,0.3685
2022-03-12,27.5625,24.1,31.7,24.5625,84.6667,0.6312,1.0131,29.2615,20.628,9.9015,1.7,4.37,1.0887,0.3265,0.8506,100.4583,60.6667,27.5875,27.1625,26.8,26.5,0.4456,0.4163,0.346,0.436,0.3677
2022-03-13,27.7042,24.4,32.6,24.4708,84.0417,0.6725,1.0931,29.2769,19.8504,9.528,1.7,4.36,1.0504,0.0999,0.8274,100.4704,93.75,27.8583,27.5042,26.8375,26.5,0.438,0.4131,0.346,0.436,0.3665
2022-03-14,27.6875,24.7,30.9,25.0542,86.0833,0.5542,0.8346,29.0769,17.964,8.6227,1.3,3.85,1.5879,0.4012,1.3729,100.5579,88.5417,27.8875,27.6458,26.9083,26.5,0.4285,0.4094,0.346,0.4356,0.3651
2022-03-15,27.8583,24.3,32.0,24.6417,83.6667,0.6817,1.0669,29.5769,21.8808,10.5028,0.8,4.71,1.7788,0.539,1.545,100.4529,67.7083,28.0958,27.7125,27.0,26.5,0.4135,0.4042,0.3456,0.435,0.3627
2022-03-16,27.275,24.6,30.5,24.7958,86.7083,0.5121,0.7477,28.5462,18.6228,8.9389,4.3,3.81,1.6275,0.4556,1.4854,100.4858,88.2917,27.8,27.7833,27.0333,26.5,0.4062,0.3988,0.3451,0.435,0.3606
2022-03-17,27.1958,24.3,31.7,24.2542,84.5417,0.6029,0.9046,28.6462,21.2688,10.2088,7.0,4.41,1.2438,0.3753,0.8483,100.4779,64.9167,27.6458,27.575,27.1,26.5,0.4284,0.3954,0.345,0.435,0.3614
2022-03-18,26.3333,24.5,29.6,24.8125,91.5,0.3021,0.3854,27.0231,13.2336,6.3522,13.5,2.58,1.295,0.0151,0.4999,100.5217,79.9167,26.9125,27.2792,27.1,26.5,0.4483,0.4149,0.345,0.4345,0.3669
2022-03-19,27.1333,23.3,32.2,23.6208,82.6667,0.7313,1.21,29.2462,23.1336,11.1042,0.5,4.93,1.5671,-0.0188,0.4055,100.4046,68.9167,27.6292,27.1917,27.1,26.5,0.421,0.4344,0.3458,0.434,0.3696
2022-03-20,27.2667,23.9,31.8,23.975,83.3333,0.6746,1.0723,29.0615,20.6064,9.8911,2.0,4.32,1.3225,-0.5949,0.5874,100.485,96.6667,27.8417,27.6042,27.1,26.5,0.4092,0.4237,0.346,0.434,0.3667
2022-03-21,26.4542,24.5,29.8,24.5292,89.3333,0.3883,0.5469,27.5615,14.5116,6.9656,13.8,3.04,1.6404,-0.1782,1.5205,100.6358,91.875,27.1,27.4208,27.1,26.5458,0.4465,0.4192,0.346,0.434,0.3684
2022-03-22,26.4292,24.1,30.1,24.3583,88.7917,0.4188,0.6577,27.7615,15.6924,7.5322,5.1,3.27,1.1017,-0.1657,0.6323,100.7033,91.25,27.0583,27.1375,27.1,26.6,0.4728,0.4282,0.346,0.434,0.3721
2022-03-23,26.0208,24.2,29.6,24.3208,90.4583,0.34,0.5008,27.1615,15.7752,7.572,13.3,3.26,1.0379,-0.0884,0.8621,100.7092,93.5,26.8125,26.975,27.1,26.6,0.4672,0.4487,0.347,0.433,0.3768
2022-03-24,26.5333,23.6,30.6,24.2792,87.9167,0.4629,0.7223,28.1692,18.918,9.0805,5.4,3.91,1.5296,0.0032,1.2711,100.6692,96.75,26.9667,26.8958,27.0375,26.6,0.4532,0.4653,0.3495,0.433,0.3811
2022-03-25,26.9375,23.7,31.5,24.3208,86.2083,0.54,0.82,28.6231,21.582,10.3594,5.2,4.57,1.4396,0.0576,1.2498,100.7242,76.2083,27.25,27.0958,27.0,26.6,0.4663,0.4574,0.3512,0.433,0.3816
2022-03-26,27.875,23.9,31.7,24.2958,81.9583,0.7554,1.1731,29.6923,22.3164,10.712,0.8,4.82,1.5212,0.3421,1.3178,100.8067,38.0833,27.7875,27.3333,27.0042,26.6,0.4573,0.4526,0.3528,0.433,0.3811
2022-03-27,28.2917,25.8,32.6,25.1625,83.9167,0.6729,1.0177,29.8077,22.0464,10.5822,2.3,4.72,1.58,0.5096,1.3672,100.7471,37.8333,28.1458,27.775,27.1,26.6,0.4398,0.4417,0.353,0.4325,0.3777
2022-03-28,27.2,24.5,32.1,24.7667,87.25,0.5125,0.8177,28.7385,18.3672,8.8161,13.4,3.96,1.05,-0.6415,0.0397,100.7221,73.25,27.8167,27.8333,27.1292,26.6,0.4533,0.4349,0.3535,0.432,0.3776
2022-03-29,26.7,23.7,31.5,24.4125,87.9583,0.4712,0.7392,28.2538,18.3456,8.8058,19.5,3.9,1.0546,-0.2834,0.1842,100.6933,88.9583,27.3375,27.4625,27.2,26.6,0.464,0.4535,0.3542,0.432,0.3827
2022-03-30,26.8667,23.9,30.2,24.9583,89.7917,0.3946,0.6085,28.2154,17.8776,8.5813,20.0,3.8,0.7433,-0.0392,-0.1131,100.6575,76.7917,27.3542,27.3208,27.2,26.6,0.4614,0.4763,0.3567,0.432,0.3891
2022-03-31,27.4875,24.2,33.5,24.7,86.5,0.6108,1.0715,29.5846,22.3596,10.7326,11.9,4.81,1.0258,0.0378,-0.3699,100.5971,86.1667,28.0,27.5625,27.2,26.6,0.4761,0.4776,0.3609,0.432,0.3935
2022-04-01,26.7833,24.3,30.7,23.45,82.875,0.6492,0.9062,28.1385,15.6492,7.5116,3.1,3.74,1.9942,-0.7704,-1.6872,100.6704,99.0417,27.275,27.4917,27.2,26.6,0.4899,0.481,0.3643,0.4315,0.3976
2022-04-02,21.5958,18.5,24.7,18.4917,82.6667,0.4596,0.4585,21.2231,8.406,4.0349,5.9,2.13,4.4108,-2.441,-3.6624,100.9479,99.375,24.1375,26.2375,27.1708,26.6458,0.4798,0.4715,0.3672,0.431,0.397
2022-04-03,21.4458,17.9,26.6,16.2458,72.9167,0.7446,0.9077,22.8692,16.2324,7.7914,1.8,3.63,4.8158,-3.2777,-3.4762,100.9946,96.9583,22.8083,24.0042,26.8875,26.7,0.478,0.4681,0.3695,0.431,0.3978
2022-04-04,24.1875,19.9,28.9,17.1792,65.2917,1.0971,1.3292,26.0769,23.6736,11.3633,0.0,5.58,3.9133,-2.6813,-2.8014,101.0346,74.375,24.5625,24.4542,26.575,26.7,0.4495,0.4562,0.3702,0.431,0.3939
2022-04-05,26.3583,22.6,30.6,20.6292,71.5,1.0296,1.3431,28.3462,18.7092,8.9803,0.0,4.49,2.6554,-1.8972,-1.7398,100.98,74.75,26.0167,25.5667,26.4125,26.7,0.4262,0.4426,0.3703,0.4306,0.3894
2022-04-06,27.65,23.0,33.1,22.8292,76.6667,0.9883,1.5438,30.1846,23.6736,11.3634,1.7,5.3,1.6612,-1.0559,-1.2044,100.8729,68.75,27.4333,26.5208,26.4,26.6375,0.4103,0.4307,0.37,0.43,0.3856
2022-04-07,27.7167,23.9,32.4,22.9958,77.2917,0.9462,1.5054,29.6077,23.3064,11.187,1.0,5.07,1.53,-0.9736,-0.9949,100.7904,92.875,27.8958,27.35,26.4458,26.6,0.3986,0.4197,0.3695,0.43,0.3821
2022-04-08,27.4,22.6,32.5,20.8458,69.7083,1.2179,1.8177,29.4615,25.7148,12.3431,0.0,5.56,1.8404,-0.9645,-1.4655,100.77,53.875,27.6458,27.3958,26.5833,26.6,0.3861,0.4095,0.3685,0.43,0.3783
2022-04-09,27.7625,21.7,33.9,20.8958,70.1667,1.3325,2.1954,30.7462,25.6104,12.2929,0.0,5.49,1.2433,-0.1523,-0.6268,100.6471,50.375,28.0167,27.5167,26.65,26.6,0.3673,0.3993,0.3672,0.429,0.3739
2022-04-10,27.8125,23.0,33.0,23.0625,77.4583,0.9675,1.56,30.0923,24.3396,11.683,0.4,5.23,1.2371,0.1855,0.693,100.6,40.2917,28.2917,27.8333,26.7708,26.6,0.3527,0.3898,0.366,0.429,0.3701
2022-04-11,27.4917,24.2,32.5,23.825,81.6667,0.7604,1.2138,29.4923,23.1696,11.1214,4.2,4.85,1.6571,0.1288,1.4172,100.5638,78.125,28.1583,27.9458,26.9,26.6083,0.3497,0.3821,0.3646,0.429,0.3672
2022-04-12,27.6,24.1,32.1,24.2708,83.1667,0.6975,1.1162,29.5692,22.5432,10.8206,1.2,4.85,2.0646,0.4408,1.8664,100.4925,81.3333,28.2458,27.8917,27.0,26.6833,0.3542,0.376,0.3637,0.4284,0.3656
2022-04-13,27.5458,24.4,31.5,24.8708,85.9583,0.5671,0.91,29.3462,20.8008,9.9844,5.3,4.35,1.9175,0.2335,1.7002,100.3896,62.625,28.2458,27.9917,27.0917,26.7,0.3534,0.3707,0.363,0.428,0.3639
2022-04-14,28.3792,24.5,32.9,24.95,83.1667,0.7575,1.26,30.6692,23.1732,11.1232,1.1,4.93,1.9062,0.1454,1.7325,100.3804,45.1667,28.7667,28.1292,27.15,26.7,0.3543,0.3658,0.3625,0.428,0.3626
2022-04-15,28.65,25.2,33.2,24.6458,80.625,0.8692,1.4377,30.7846,22.8348,10.9606,0.7,4.96,1.7412,0.0769,1.639,100.405,51.5,28.9833,28.45,27.25,26.7,0.3441,0.3603,0.3614,0.4276,0.36
2022-04-16,28.3208,25.2,32.7,24.6958,81.9583,0.7729,1.2315,30.1692,18.7236,8.9872,2.4,4.06,1.7462,-0.1153,1.6749,100.4088,84.5,28.7875,28.5125,27.3792,26.7,0.3389,0.3552,0.3604,0.427,0.3578
2022-04-17,27.4125,25.2,32.0,24.65,85.625,0.5717,0.8708,28.8231,17.0568,8.1872,13.7,3.54,1.1604,-0.5535,0.7458,100.5208,80.3333,28.2542,28.375,27.4583,26.7,0.3897,0.3532,0.3594,0.427,0.3602
2022-04-18,26.9375,24.0,31.5,24.2583,86.4583,0.5488,0.8985,28.5308,16.8444,8.0855,12.7,3.52,0.8108,-0.3633,-0.2132,100.6675,96.9167,27.6875,27.875,27.5,26.7,0.4527,0.3622,0.359,0.427,0.3662
2022-04-19,27.025,23.9,31.3,23.6,82.7917,0.6867,1.0931,28.7077,17.7516,8.5208,0.7,3.71,1.4188,-0.5753,-0.8146,100.7867,94.0417,27.4125,27.5167,27.5,26.7,0.4442,0.3784,0.3585,0.427,0.3687
2022-04-20,27.6708,23.8,32.6,23.0542,78.0,0.9362,1.5177,29.8385,21.5352,10.3368,0.2,4.67,1.3933,-0.8228,-0.312,100.6921,76.4167,27.9125,27.5625,27.4667,26.7,0.4159,0.378,0.3575,0.4264,0.3659
2022-04-21,27.3167,24.7,30.4,24.7292,86.2083,0.5354,0.7685,28.6538,19.116,9.1756,12.1,3.97,1.2021,0.0558,1.0393,100.6533,61.625,27.9583,27.8708,27.5,26.7042,0.4367,0.3775,0.357,0.426,0.3669
2022-04-22,27.2125,24.1,31.5,24.65,86.375,0.5329,0.7962,28.6538,19.5696,9.3935,10.8,4.12,1.0608,-0.0771,0.85,100.6867,61.9583,27.75,27.7583,27.5,26.7958,0.4574,0.3865,0.3566,0.426,0.3699
2022-04-23,27.3208,23.7,31.7,24.5458,85.625,0.5821,0.9315,29.1,20.6424,9.9083,5.2,4.42,1.1725,0.112,0.8128,100.61,82.8333,27.9333,27.7625,27.5,26.8,0.463,0.4023,0.3564,0.426,0.3735
2022-04-24,28.1083,24.5,32.4,25.0917,84.6667,0.6537,1.0408,29.9538,22.338,10.7222,3.7,4.73,1.2258,0.3086,0.981,100.49,71.75,28.2708,27.9167,27.5,26.8,0.4499,0.4083,0.356,0.4257,0.3736
2022-04-25,27.85,25.0,31.5,25.1958,86.0833,0.5675,0.8677,29.4308,21.816,10.4715,7.4,4.57,1.4675,0.0254,1.3122,100.4588,96.5417,28.3125,28.1042,27.5,26.8,0.453,0.4081,0.3556,0.425,0.3734
2022-04-26,27.7708,25.2,31.7,25.1708,86.25,0.5529,0.8662,29.2385,20.9196,10.0413,4.7,4.36,1.8962,0.4059,1.7301,100.4975,96.125,28.2708,28.1583,27.5708,26.8,0.4536,0.4124,0.3553,0.425,0.3742
2022-04-27,28.6458,25.3,32.6,25.2417,82.875,0.7475,1.19,30.6077,21.9564,10.5391,1.1,4.73,1.4188,0.3512,1.194,100.4279,85.75,28.8125,28.2917,27.6,26.8,0.4362,0.4107,0.355,0.425,0.3724
2022-04-28,28.2083,25.4,33.3,25.8792,88.25,0.5287,0.8762,30.1231,19.8072,9.5075,17.4,4.3,1.5283,0.1691,1.3588,100.4262,96.375,28.8083,28.5833,27.65,26.8,0.434,0.4158,0.3547,0.425,0.3731
2022-04-29,28.3375,25.0,34.0,25.3417,85.2083,0.6725,1.1169,30.3308,23.6664,11.3599,7.9,4.98,1.0121,-0.0765,0.015,100.5071,96.0417,28.9208,28.5333,27.7125,26.8,0.4361,0.444,0.355,0.4245,0.3794
2022-04-30,28.3042,24.9,33.2,24.5875,81.7917,0.7912,1.2108,29.9615,21.654,10.3939,1.6,4.69,0.9787,-0.2281,0.0477,100.3846,72.125,28.9083,28.6833,27.8,26.8792,0.4634,0.4386,0.355,0.424,0.3802
2022-05-01,26.3792,24.6,28.9,24.725,90.7083,0.3271,0.4008,27.0462,12.15,5.8321,28.2,2.5,0.9696,0.1601,0.7391,100.3288,99.0,27.5667,28.2042,27.8,26.9,0.4649,0.464,0.3618,0.424,0.3905
2022-05-02,24.2,22.4,25.8,22.4417,90.25,0.2946,0.3885,24.5308,8.208,3.9399,8.8,1.77,2.4571,-1.354,-2.0203,100.4679,99.9167,25.75,26.9792,27.7667,26.9,0.4885,0.4829,0.3789,0.424,0.4084
2022-05-03,22.4,20.0,25.2,19.2958,83.125,0.4783,0.5731,23.3692,12.5856,6.041,21.4,2.62,3.845,-2.4803,-2.9271,100.71,98.5833,24.225,25.6042,27.5625,26.9,0.4825,0.4837,0.3834,0.424,0.4114
2022-05-04,22.7625,19.9,27.8,20.6167,88.5,0.3554,0.5785,24.3385,16.038,7.6983,12.9,3.24,2.9929,-1.8479,-2.329,100.7221,93.625,23.8917,24.7292,27.2458,26.9,0.4721,0.4799,0.4038,0.424,0.4246
2022-05-05,24.4167,21.2,28.0,23.3,93.6667,0.2083,0.3136,25.3714,12.0924,5.8043,10.2,2.5,1.5862,-0.9644,-1.1522,100.5104,97.25,24.975,25.0625,26.9667,26.9,0.5043,0.4893,0.4069,0.424,0.431
2022-05-06,26.2167,23.1,31.0,24.7208,92.3333,0.32,0.5436,27.6571,16.5348,7.9366,24.8,3.5,1.2467,-0.7538,-0.4865,100.4329,98.8333,26.6375,26.1083,26.8083,26.9,0.4912,0.4952,0.417,0.424,0.4386
2022-05-07,26.5875,24.3,32.2,24.8333,90.875,0.3708,0.6577,28.1231,17.4096,8.3566,3.7,3.66,1.4017,-1.0027,-0.7929,100.4458,97.6667,27.075,26.8,26.8,26.9,0.483,0.4852,0.4319,0.424,0.4467
2022-05-08,26.8875,23.9,31.3,24.7625,88.7083,0.445,0.6971,28.2071,17.4276,8.3651,1.4,3.62,1.3712,-0.7952,-0.5549,100.4696,99.3333,27.225,27.0083,26.8,26.9,0.473,0.4761,0.433,0.4235,0.4449
2022-05-09,26.975,24.0,31.1,24.7708,88.3333,0.4625,0.6886,28.2214,18.2484,8.7592,11.5,3.94,1.3525,-0.3722,0.5543,100.5137,94.4583,27.4042,27.2167,26.8292,26.9,0.4746,0.4816,0.4342,0.423,0.447
2022-05-10,26.3875,24.3,28.5,24.9833,92.0833,0.2833,0.38,27.1143,13.7304,6.5906,6.8,2.94,0.9946,-0.0258,0.2579,100.5558,95.4167,26.95,27.1,26.9,26.9,0.4855,0.486,0.437,0.423,0.4507
2022-05-11,26.125,24.0,28.9,25.0833,94.0833,0.2125,0.2786,26.95,15.48,7.4305,18.1,3.17,1.35,0.3106,1.139,100.5562,92.6667,26.9833,26.9833,26.9,26.9,0.4705,0.4898,0.4466,0.423,0.4574
2022-05-12,26.4625,24.2,28.9,25.5083,94.5417,0.1979,0.2586,27.3714,16.9092,8.1166,12.9,3.39,1.6946,0.4426,1.5468,100.5183,99.4583,26.9792,26.9583,26.9,26.9,0.4718,0.4898,0.4583,0.4238,0.4659
2022-05-13,27.475,25.2,30.9,24.9125,86.625,0.5387,0.7993,28.7429,19.7316,9.4712,5.5,4.23,2.1246,0.8206,1.8093,100.4454,92.8333,27.5417,27.1625,26.9,26.9,0.4823,0.4894,0.4625,0.424,0.4696
2022-05-14,27.7833,24.9,31.4,25.6292,88.4583,0.4638,0.6714,29.0929,20.322,9.7545,4.3,4.26,1.6946,0.3283,1.4918,100.5288,96.0,27.8917,27.525,26.9958,26.9,0.4794,0.4815,0.463,0.424,0.468
2022-05-15,27.1583,25.3,30.1,25.5583,91.1667,0.3338,0.4736,28.0357,15.894,7.6291,12.1,3.34,1.685,0.2388,1.4871,100.615,98.0417,27.5167,27.5583,27.0333,26.9,0.4744,0.4865,0.4633,0.424,0.469
2022-05-16,26.45,24.8,28.9,25.3292,93.6667,0.2267,0.3129,27.1214,13.824,6.6352,27.4,2.84,1.3892,-0.073,0.9339,100.5904,99.2083,27.0833,27.275,27.1,26.9,0.4681,0.4955,0.4758,0.424,0.4794
2022-05-17,26.3833,24.3,30.5,25.3,94.0417,0.2262,0.3564,27.4714,14.6916,7.0518,17.9,3.13,1.0912,-0.2641,0.9294,100.6012,98.375,27.1167,27.1125,27.1,26.9,0.4674,0.4885,0.4924,0.4251,0.4898
2022-05-18,26.25,24.3,29.5,24.875,92.4167,0.2804,0.4014,27.1286,13.7088,6.5802,18.7,2.9,1.045,-0.2824,0.721,100.6771,99.125,26.9292,27.0042,27.1,26.9,0.4895,0.5,0.5017,0.4267,0.5005
2022-05-19,25.85,24.4,27.7,24.8667,94.4167,0.1954,0.2436,26.5,7.0524,3.3851,13.6,1.63,1.4679,0.3606,1.3593,100.7312,99.75,26.4042,26.7792,27.0458,26.9,0.4807,0.4879,0.511,0.4314,0.504
2022-05-20,25.8958,24.3,29.2,25.0708,95.2917,0.1675,0.2707,26.7286,14.2848,6.8569,15.1,2.9,2.7012,1.0413,2.4521,100.5554,99.8333,26.6167,26.6625,27.0,26.9,0.4942,0.4862,0.508,0.4361,0.5024
2022-05-21,25.9,24.7,28.1,25.2167,96.0833,0.1388,0.2071,26.6286,13.7772,6.6131,26.2,2.92,2.5779,1.2302,2.2108,100.3204,99.9583,26.5375,26.7083,26.9917,26.9,0.4668,0.4832,0.5129,0.4427,0.5034
2022-05-22,25.3125,24.4,26.6,25.0167,98.25,0.0571,0.0729,25.8143,11.2284,5.3897,35.3,2.4,2.7238,1.7428,1.952,100.1258,98.0417,26.1208,26.4625,26.9,26.9,0.4883,0.4737,0.5125,0.454,0.5027
2022-05-23,26.5042,24.1,29.4,24.5083,89.25,0.4025,0.5814,27.6071,16.452,7.8966,9.8,3.55,2.3633,1.6013,1.5738,100.2425,93.0833,26.7417,26.5083,26.8417,26.9,0.4765,0.466,0.511,0.4654,0.4992
2022-05-24,26.45,24.8,28.7,24.5708,89.625,0.3717,0.4943,27.2071,17.9316,8.6074,10.3,3.76,2.3825,1.0604,1.9959,100.5433,79.9167,26.8083,26.8208,26.8,26.9,0.4866,0.4735,0.5047,0.4682,0.4969
2022-05-25,27.125,24.3,30.0,24.75,87.25,0.4875,0.6871,28.2929,19.5984,9.4073,11.9,4.23,1.9196,1.233,1.3381,100.6375,97.2083,27.2417,26.9417,26.8208,26.9,0.4807,0.4916,0.5032,0.47,0.4992
2022-05-26,27.0083,24.0,30.4,24.8208,88.1667,0.4533,0.6186,28.0786,18.2448,8.7578,8.9,3.84,2.1754,1.4051,1.5398,100.4288,91.4167,27.2667,27.1792,26.9,26.9,0.4648,0.4895,0.5046,0.4718,0.4987
2022-05-27,26.8917,24.8,30.7,25.0292,89.9167,0.3821,0.5464,28.0,16.8408,8.0836,12.8,3.59,2.2008,1.4761,1.4445,100.2908,96.625,27.225,27.1667,26.9,26.9,0.4626,0.4817,0.5064,0.4741,0.4982
2022-05-28,25.8542,24.3,28.3,24.475,92.375,0.2738,0.4171,26.7143,14.166,6.7997,7.8,3.02,2.3925,1.26,1.9884,100.2608,98.4583,26.55,26.9167,26.9,26.9,0.4963,0.4918,0.5038,0.4757,0.5007
2022-05-29,26.8583,24.3,30.1,24.8583,89.2083,0.4142,0.5843,28.0714,19.1412,9.1878,4.1,4.07,2.3288,0.8511,2.095,100.3079,94.0417,27.2,26.875,26.9,26.9,0.5017,0.5038,0.5029,0.4772,0.503
2022-05-30,27.2,25.2,30.6,24.2208,84.4167,0.6017,0.8543,28.35,20.0052,9.6026,4.6,4.31,1.7921,0.874,1.3809,100.2988,76.0833,27.45,27.2375,26.9208,26.9,0.4909,0.4945,0.5013,0.4785,0.4992
2022-05-31,26.9,24.9,29.4,25.1,89.9583,0.3687,0.5207,27.9857,18.1548,8.7143,13.9,3.72,1.8029,0.4877,1.5836,100.2833,78.25,27.3625,27.2958,27.0,26.9,0.4906,0.4958,0.5002,0.4794,0.4986
2022-06-01,26.9208,24.1,30.5,25.1375,90.3333,0.3696,0.5264,28.1571,19.5156,9.3676,7.3,4.04,1.69,0.167,1.5367,100.3729,94.7917,27.3375,27.2125,27.0,26.9,0.4924,0.4972,0.5,0.4804,0.4989
2022-06-02,26.6833,25.0,28.9,24.725,89.2917,0.3946,0.5471,27.6,17.406,8.3549,9.4,3.65,2.1167,0.422,2.0315,100.4312,98.7917,27.1083,27.2,27.0,26.9,0.466,0.4925,0.5023,0.4814,0.4977
2022-06-03,26.525,24.7,29.2,24.6958,89.9583,0.3658,0.4836,27.45,15.804,7.5859,5.3,3.2,2.5217,0.882,2.2922,100.5238,99.125,27.0292,27.0875,27.0,26.9,0.4694,0.4778,0.5035,0.4832,0.4957
2022-06-04,26.0583,24.0,28.7,24.3375,90.5833,0.3392,0.4664,26.7643,15.0156,7.2075,6.9,3.16,2.5079,0.8924,2.2753,100.6212,99.3333,26.6375,26.8792,27.0,26.9,0.4861,0.4832,0.5029,0.4845,0.4976
2022-06-05,26.4042,24.1,30.2,24.5292,90.0417,0.3783,0.5107,27.1929,13.6656,6.5595,6.3,2.96,2.0712,1.2712,1.5225,100.5275,85.9583,26.6,26.6875,27.0,26.9,0.495,0.4861,0.5012,0.4856,0.4976
2022-06-06,27.0125,24.1,30.7,24.3417,85.9167,0.5496,0.8121,28.3357,22.4784,10.7897,2.8,4.62,1.6962,0.959,1.0899,100.4762,88.6667,27.35,27.0042,26.9958,26.9,0.4916,0.4893,0.4993,0.486,0.4967
2022-06-07,26.4375,23.8,29.9,24.1417,87.75,0.4588,0.6636,27.6286,18.2196,8.7454,16.0,3.83,1.9475,1.2697,1.2895,100.5288,99.7083,27.0667,27.1292,27.0,26.9,0.4777,0.4914,0.5068,0.4875,0.5015
2022-06-08,26.7375,23.8,30.1,24.2583,87.0417,0.5046,0.765,28.0643,20.0592,9.6284,4.2,4.21,1.625,0.8414,1.1472,100.5446,94.875,27.3625,27.2042,27.0,26.9,0.492,0.4842,0.505,0.489,0.4997
2022-06-09,27.575,24.7,31.1,24.375,83.7917,0.6683,1.0064,29.1143,23.5548,11.3063,0.4,4.97,1.855,0.7859,1.436,100.5038,96.7083,27.8583,27.425,27.0167,26.9,0.4755,0.479,0.5018,0.49,0.4951
2022-06-10,27.2833,24.3,31.2,24.7625,86.7917,0.5271,0.7757,28.6643,22.464,10.7826,5.3,4.65,2.0212,0.8242,1.7102,100.5167,97.875,27.7625,27.5958,27.1,26.9,0.4697,0.4692,0.4985,0.4906,0.4904
2022-06-11,26.7708,24.4,30.2,25.05,90.5833,0.3562,0.5036,27.8643,19.0908,9.1634,11.2,3.92,1.285,0.3783,1.0427,100.5633,99.5833,27.5875,27.6167,27.1333,26.9,0.4657,0.4744,0.4959,0.491,0.4892
2022-06-12,27.075,24.4,30.9,24.8,87.7917,0.47,0.6993,28.3429,21.186,10.1694,4.8,4.32,1.645,0.337,1.3983,100.5696,94.6667,27.5125,27.4125,27.2,26.9,0.4658,0.481,0.4945,0.491,0.4897
2022-06-13,26.9333,24.4,30.4,25.0917,89.875,0.3829,0.5486,27.9,18.7956,9.022,15.3,3.85,1.4567,0.234,1.36,100.5492,96.0,27.35,27.3833,27.2,26.9,0.4822,0.4865,0.493,0.491,0.4909
2022-06-14,27.0125,24.4,30.4,25.0375,89.25,0.4129,0.6057,28.3071,20.3616,9.7737,5.0,4.06,1.8696,0.0357,1.6748,100.5267,97.9167,27.4083,27.3208,27.2,26.9,0.4891,0.4947,0.4931,0.491,0.4931
2022-06-15,26.8292,24.5,29.8,24.8792,89.2917,0.3975,0.5464,27.9,20.1348,9.6647,3.3,4.0,1.8292,0.2286,1.7694,100.6296,99.6667,27.2667,27.3208,27.2,26.9667,0.489,0.4893,0.4924,0.491,0.4915
2022-06-16,26.3917,24.6,29.7,24.525,89.875,0.3721,0.5421,27.4143,17.262,8.2858,12.8,3.54,1.3954,-0.0953,1.1182,100.6896,99.125,27.0542,27.2,27.2,27.0,0.4637,0.4933,0.4954,0.491,0.4927
2022-06-17,27.4458,24.3,31.4,24.6625,85.5,0.5842,0.8571,28.8214,22.788,10.9383,3.9,4.67,1.4346,0.3843,1.0635,100.6517,77.875,27.6417,27.3083,27.2,27.0,0.4302,0.4704,0.5038,0.4918,0.4917
2022-06-18,27.5,25.4,31.4,24.925,86.5,0.5383,0.7657,28.6,20.9952,10.0778,7.3,4.35,1.4229,0.5172,1.0737,100.6175,82.5833,27.6708,27.5333,27.2,27.0,0.4588,0.4591,0.4998,0.492,0.4884
2022-06-19,27.2417,25.1,29.9,25.2542,89.25,0.4133,0.5743,28.3071,20.3868,9.7856,11.0,4.11,1.4737,0.3417,1.1975,100.5283,78.4583,27.7167,27.6083,27.225,27.0,0.4706,0.4728,0.4968,0.4927,0.4899
2022-06-20,27.025,24.2,31.1,24.9667,89.1667,0.4304,0.6457,28.2357,20.7972,9.9825,12.5,4.19,1.4867,0.1138,1.231,100.3442,75.7083,27.7,27.6125,27.3,27.0,0.4687,0.4916,0.4958,0.493,0.493
2022-06-21,27.1917,25.0,30.7,25.0125,88.4167,0.4521,0.6657,28.3786,19.566,9.3915,12.0,3.98,1.7121,0.2474,1.5302,100.3229,87.0417,27.725,27.6375,27.3,27.0,0.47,0.4965,0.4992,0.493,0.4966
2022-06-22,25.9917,24.2,29.5,24.8875,93.8333,0.2225,0.345,26.9071,16.2972,7.8225,15.7,3.21,1.5621,0.1739,1.4389,100.5417,95.5833,27.0333,27.3583,27.3,27.0,0.475,0.49,0.5053,0.4938,0.5
2022-06-23,26.0042,23.9,29.3,25.0042,94.5417,0.2033,0.3257,27.0643,15.8256,7.5962,26.3,3.08,1.395,-0.0307,1.1282,100.5946,98.0,26.9333,27.0958,27.3,27.0,0.4948,0.4885,0.5103,0.4968,0.5047
2022-06-24,25.6292,23.8,28.3,24.7208,94.875,0.1788,0.2593,26.45,13.4928,6.4765,12.3,2.72,1.2567,-0.176,1.0884,100.5196,99.75,26.5292,26.8625,27.2333,27.0,0.4843,0.4821,0.5115,0.5027,0.5035
2022-06-25,25.7542,23.6,28.3,24.3875,92.4583,0.2679,0.3671,26.6286,15.2784,7.3337,19.2,3.14,1.4837,-0.1485,1.3297,100.4038,97.5833,26.3333,26.575,27.1583,27.0,0.4768,0.4758,0.5117,0.5072,0.5017
2022-06-26,26.0625,24.1,29.9,24.4292,91.0417,0.3229,0.4977,27.0692,15.246,7.3181,9.1,3.16,1.7771,0.2542,1.6022,100.5458,98.0833,26.5583,26.6792,27.1,27.0,0.4662,0.4739,0.5085,0.51,0.4982
2022-06-27,25.7167,23.7,28.9,24.4833,93.1667,0.2454,0.3671,26.75,15.8148,7.5912,19.9,3.18,1.3838,0.1216,0.9585,100.59,87.9583,26.4708,26.6208,27.025,27.0,0.4584,0.4892,0.5061,0.51,0.4992
2022-06-28,26.7167,23.7,30.2,24.5708,88.4583,0.4383,0.6436,27.9643,19.7136,9.4627,11.3,3.95,1.6983,0.6418,1.319,100.4721,80.25,27.0917,26.8375,27.0,27.0,0.457,0.475,0.5115,0.5109,0.5001
2022-06-29,27.8625,24.9,31.3,24.6208,83.375,0.6783,0.9879,29.1571,21.8448,10.4855,0.8,4.62,2.2312,1.3514,1.5612,100.2225,94.5417,27.6917,27.2125,27.0,27.0,0.4727,0.4712,0.5051,0.511,0.4957
2022-06-30,26.8583,24.9,30.1,25.25,90.9583,0.3288,0.4562,27.9077,17.3016,8.3048,23.0,3.5,2.1096,1.1923,1.6474,100.1567,95.0,27.3292,27.45,27.0375,27.0,0.4697,0.478,0.5007,0.5104,0.4938
2022-07-01,26.4458,24.6,30.1,25.1625,92.75,0.2675,0.4431,27.7615,14.8644,7.1349,17.6,3.09,2.0833,1.009,1.7435,100.1692,99.9583,27.1458,27.2167,27.1,27.0,0.4709,0.4872,0.5057,0.51,0.4994
2022-07-02,25.5292,24.4,27.1,24.9625,96.7083,0.11,0.1569,26.0846,10.2456,4.9179,26.0,2.1,3.0788,2.0039,2.3089,100.1788,100.0,26.3458,26.8125,27.1,27.0,0.4725,0.4801,0.5141,0.5132,0.5041
2022-07-03,25.7333,24.3,28.9,24.7792,94.7083,0.1883,0.2885,26.3923,12.3696,5.9373,18.5,2.41,2.8458,1.8688,2.087,100.2983,96.7917,26.3167,26.5208,27.0042,27.0,0.4796,0.4792,0.5068,0.5165,0.4991
2022-07-04,25.8042,24.3,29.0,24.8083,94.3333,0.2025,0.3069,26.7308,14.76,7.0849,17.3,3.0,2.8433,1.4932,2.3677,100.3096,100.0,26.3792,26.5167,26.9458,27.0,0.4735,0.4852,0.5014,0.5172,0.4961
2022-07-05,26.0625,24.2,29.4,24.8375,93.2083,0.2462,0.3877,27.1231,17.2044,8.258,16.5,3.38,2.5079,1.1703,2.1734,100.34,100.0,26.6042,26.5625,26.9,27.0,0.4874,0.4956,0.4971,0.5164,0.4961
2022-07-06,27.0417,24.4,30.8,24.575,87.125,0.5129,0.8323,28.6462,17.9892,8.6346,3.3,3.75,1.8308,0.7405,1.5197,100.4367,99.8333,27.3542,26.9708,26.9,27.0,0.4886,0.4854,0.492,0.5158,0.4904
2022-07-07,26.4333,24.8,28.5,25.2875,93.5,0.2292,0.2946,27.4,15.66,7.5169,14.9,3.06,1.805,0.5507,1.6325,100.4688,99.9583,26.8917,27.0375,26.9,27.0,0.4794,0.4941,0.4854,0.515,0.4868
2022-07-08,25.7292,24.4,28.4,24.7333,94.3333,0.2017,0.3354,26.6615,12.78,6.1344,18.6,2.64,1.9717,0.9678,1.5911,100.4325,99.9583,26.5,26.8042,26.9,27.0,0.4783,0.4946,0.49,0.514,0.4902
2022-07-09,25.2333,24.1,28.2,24.6667,96.7917,0.1096,0.1662,25.9538,12.1428,5.8285,26.7,2.48,1.8804,1.0347,1.4902,100.3304,99.9167,26.1792,26.475,26.9,27.0,0.4909,0.5049,0.4945,0.5137,0.4964
2022-07-10,25.4625,24.1,27.7,24.55,94.875,0.1771,0.2638,26.1385,9.1656,4.3994,18.8,2.02,2.4596,2.0292,1.2925,100.3608,96.125,25.9042,26.2208,26.825,27.0,0.4748,0.487,0.5123,0.5149,0.5044
2022-07-11,25.6083,24.1,27.5,24.9708,96.3333,0.1275,0.2092,26.5,9.8064,4.7072,28.8,2.09,1.8688,1.6347,0.7788,100.3438,99.3333,26.1,26.2167,26.7667,27.0,0.4822,0.48,0.5028,0.517,0.4966
2022-07-12,25.0,23.9,26.6,24.6375,97.9583,0.0708,0.1,25.6308,7.6428,3.6685,28.6,1.64,2.075,1.7863,0.8577,100.2396,99.7083,25.6958,26.0833,26.7,27.0,0.4835,0.491,0.5035,0.5179,0.4995
2022-07-13,25.3208,23.9,27.5,23.9958,92.5833,0.2521,0.3354,26.0385,8.0892,3.8828,12.7,1.73,2.1567,1.9622,0.6794,100.1829,99.7083,25.6,25.8792,26.6208,27.0,0.4839,0.4933,0.5071,0.517,0.5026
2022-07-14,26.1542,23.8,29.7,24.275,89.7917,0.3721,0.5515,27.5154,16.8552,8.0905,20.3,3.47,1.9142,1.0452,1.487,100.1579,89.125,26.3625,26.1208,26.5625,27.0,0.4745,0.4914,0.5005,0.5168,0.4968
2022-07-15,26.1625,23.7,28.7,24.4958,90.9167,0.3329,0.5069,27.5538,16.3692,7.8573,7.2,3.34,1.685,0.3951,1.5171,100.3363,89.2917,26.5667,26.425,26.5375,27.0,0.4898,0.487,0.4955,0.516,0.4933
2022-07-16,26.0792,24.5,28.5,24.6125,91.75,0.2904,0.4246,27.0385,16.1496,7.7518,11.6,3.23,2.0467,0.1913,1.958,100.4292,91.5,26.5625,26.5875,26.6,27.0,0.4733,0.4895,0.488,0.5152,0.4873
2022-07-17,26.3292,24.4,29.1,25.075,93.125,0.2537,0.3838,27.4538,16.6428,7.9886,13.8,3.36,1.655,0.3946,1.4683,100.5621,97.25,26.7792,26.6458,26.6,27.0,0.4771,0.492,0.4902,0.5145,0.4897
2022-07-18,27.3208,24.5,30.9,25.0042,87.8333,0.4883,0.7885,29.0462,20.664,9.9188,5.2,4.24,1.9138,0.706,1.6167,100.4338,84.3333,27.3625,26.9292,26.6125,26.9083,0.4895,0.4923,0.4835,0.5138,0.4858
2022-07-19,26.8417,25.0,30.0,25.2083,91.1667,0.3329,0.4923,28.0923,18.3528,8.8094,19.1,3.69,1.8863,0.6257,1.6928,100.3079,86.5833,27.2917,27.1792,26.7,26.9,0.4885,0.4939,0.4832,0.513,0.4859
2022-07-20,26.1833,24.1,29.5,24.8958,92.8333,0.2575,0.3792,27.1462,13.8168,6.6322,30.7,2.86,1.4404,0.2235,1.2948,100.2988,97.5,26.8667,27.0208,26.75,26.9,0.476,0.4965,0.4984,0.5126,0.4965
2022-07-21,24.5167,23.9,25.2,24.3167,98.9583,0.0379,0.0531,24.7615,4.9896,2.3949,45.5,1.11,2.2008,1.0096,1.6892,100.5129,99.9167,25.5375,26.3583,26.775,26.9,0.4832,0.486,0.5085,0.516,0.502
2022-07-22,26.0167,23.6,30.3,24.0917,89.9167,0.3833,0.6562,27.4692,18.648,8.951,12.2,3.89,1.55,0.1622,1.3025,100.6988,87.7083,26.3333,26.1458,26.7,26.9,0.5034,0.4878,0.4715,0.5176,0.4772
2022-07-23,26.475,24.0,30.5,24.8333,91.1667,0.3371,0.5123,27.7923,19.3392,9.2829,10.0,3.99,1.2742,0.3968,0.8758,100.6396,97.3333,26.7125,26.4875,26.6625,26.9,0.4751,0.4929,0.4631,0.5157,0.4702
2022-07-24,26.6083,23.8,31.3,24.6083,89.875,0.4238,0.7615,28.4077,21.2076,10.1796,11.3,4.42,0.5483,-0.0995,-0.0208,100.5038,88.25,27.4333,26.9792,26.7,26.9,0.4651,0.4885,0.4599,0.5144,0.4663
2022-07-25,27.3,23.6,32.4,24.4833,85.9167,0.6008,0.9962,29.2615,21.618,10.3768,0.6,4.63,0.8667,-0.2321,-0.0585,100.4975,71.2917,27.9125,27.4042,26.7333,26.9,0.4808,0.4912,0.4555,0.5129,0.4648
2022-07-26,27.4208,24.7,31.4,24.8583,86.5,0.5333,0.7977,28.7154,18.54,8.8993,12.2,3.92,0.7542,0.0143,0.4454,100.5188,81.5833,27.6208,27.5625,26.8375,26.9,0.4667,0.4864,0.4506,0.5116,0.4593
2022-07-27,27.2458,24.6,31.3,24.7583,87.0417,0.5121,0.7915,28.6308,19.0404,9.1394,11.2,3.98,0.85,-0.2241,0.4973,100.4842,93.2917,27.6292,27.45,26.9167,26.9,0.4623,0.4921,0.4482,0.5105,0.4584
2022-07-28,26.7917,24.3,28.9,25.0583,90.375,0.3521,0.4738,27.9,18.324,8.7954,12.1,3.73,1.2012,0.2398,0.9878,100.4992,85.9167,27.2917,27.3333,27.0,26.9,0.4703,0.4928,0.4496,0.5094,0.4601
2022-07-29,27.2208,24.4,30.7,24.7875,87.0,0.5104,0.7738,28.9385,21.5424,10.3403,3.1,4.46,1.6908,0.3317,1.3312,100.4362,74.2917,27.6167,27.3417,27.0,26.9,0.4628,0.4819,0.4518,0.5085,0.4588
2022-07-30,27.5292,25.5,30.4,24.875,85.875,0.5458,0.7569,28.7462,20.3148,9.7511,12.2,4.16,1.9138,0.5979,1.6456,100.3837,95.5,27.7083,27.5375,27.0625,26.9,0.4636,0.4818,0.4487,0.5076,0.4567
2022-07-31,26.425,24.5,28.7,25.1417,92.5833,0.26,0.3354,27.3154,15.4476,7.4148,17.2,3.08,1.7221,0.4552,1.5539,100.305,99.3333,27.1125,27.3458,27.1,26.9,0.4615,0.4917,0.4543,0.507,0.4627
2022-08-01,25.4208,24.3,26.9,24.7833,96.2083,0.1242,0.1838,25.9385,11.1672,5.3603,33.2,2.15,1.7425,0.393,1.6355,100.3613,99.0,26.3417,26.8625,27.1,26.9,0.497,0.4981,0.4707,0.506,0.4783
2022-08-02,25.1958,24.3,27.2,24.4833,95.9167,0.1392,0.2131,25.8077,9.864,4.7347,12.4,2.06,1.8588,0.4012,1.742,100.4371,96.7917,25.9375,26.3708,27.0333,26.9,0.474,0.4953,0.4857,0.506,0.4869
2022-08-03,25.475,24.2,27.8,24.7792,95.9167,0.1367,0.2269,26.4692,13.7448,6.5974,20.5,2.78,1.9133,0.3396,1.7909,100.6083,98.875,26.1333,26.2708,26.9333,26.9,0.4852,0.4933,0.4957,0.506,0.4945
2022-08-04,26.4083,23.6,30.1,24.2083,88.25,0.4454,0.7231,27.9,18.6588,8.9564,13.4,3.96,1.9817,1.4036,1.1938,100.5754,89.7083,26.725,26.4875,26.9,26.9,0.473,0.4913,0.5076,0.506,0.5018
2022-08-05,25.2417,24.1,26.5,25.0542,98.8333,0.0375,0.0392,25.8,4.3668,2.0961,25.3,1.09,1.7596,1.2003,1.2228,100.5242,99.9167,25.9667,26.4958,26.8333,26.9,0.4872,0.4883,0.5121,0.5083,0.5053
2022-08-06,25.5583,23.9,28.5,24.725,95.2917,0.1667,0.2831,26.7154,11.9052,5.7146,23.4,2.44,2.0492,1.0015,1.7338,100.4096,99.6667,26.1417,26.2375,26.8,26.9,0.4839,0.4851,0.5074,0.5138,0.5011
2022-08-07,25.175,23.9,27.2,24.5708,96.5833,0.1212,0.1931,25.9462,11.9592,5.7404,30.7,2.43,2.3575,1.4033,1.7428,100.3954,99.7917,25.8917,26.1833,26.7042,26.9,0.4775,0.4744,0.4948,0.5175,0.4893
2022-08-08,24.8667,23.8,28.2,24.3708,97.2083,0.0958,0.1523,25.5462,8.0856,3.8813,17.1,1.7,1.9304,1.4732,1.1482,100.475,100.0,25.6125,25.9958,26.6542,26.9,0.4833,0.4873,0.4616,0.5169,0.4685
2022-08-09,24.8292,23.6,26.0,24.2333,96.625,0.1121,0.1031,25.2154,3.8484,1.8473,20.2,0.95,1.49,0.8205,1.1487,100.4175,100.0,25.1417,25.6375,26.5667,26.9,0.4905,0.494,0.4726,0.5153,0.4784
2022-08-10,26.0958,24.1,29.4,24.1583,89.4583,0.3817,0.5692,27.4154,17.1288,8.222,15.7,3.53,2.2871,1.4343,1.7317,100.2988,96.25,26.1375,25.8375,26.5,26.9,0.4782,0.4929,0.4745,0.5142,0.4786
2022-08-11,25.2792,24.0,27.3,24.4583,95.2917,0.1604,0.27,26.1462,13.0608,6.2692,31.0,2.63,2.6062,1.5225,2.0997,100.3846,98.4583,25.8833,26.1125,26.4292,26.9,0.4725,0.4973,0.4888,0.5134,0.4894
2022-08-12,26.2458,24.0,29.2,24.35,89.7083,0.3808,0.6008,27.6385,18.0504,8.6642,4.9,3.71,2.2233,0.8871,1.9837,100.5104,99.9583,26.5,26.2375,26.4,26.9,0.4915,0.484,0.4982,0.514,0.4947
2022-08-13,26.625,23.5,30.0,24.1917,86.9167,0.4954,0.7723,28.3692,21.276,10.2124,1.1,4.37,1.915,0.398,1.7612,100.5954,71.3333,27.0,26.6333,26.425,26.9,0.4785,0.4814,0.4891,0.513,0.4867
2022-08-14,27.2333,23.7,31.0,23.85,82.8333,0.6892,1.1046,29.1154,22.9752,11.0283,0.6,4.83,1.7254,0.8435,1.2369,100.5967,44.0,27.35,26.9625,26.5042,26.9,0.462,0.4729,0.4806,0.5124,0.4777
2022-08-15,26.4417,24.4,30.6,24.6708,90.375,0.3654,0.5508,27.6846,17.7588,8.5244,24.0,3.56,1.5442,0.5369,1.2312,100.5383,95.7917,27.0,27.0792,26.6,26.9,0.455,0.4781,0.4756,0.5115,0.4747
2022-08-16,25.7458,24.1,28.6,24.4042,92.625,0.2654,0.4346,26.7769,15.7752,7.572,16.6,3.07,1.9875,0.5805,1.7288,100.4396,98.25,26.5875,26.7917,26.625,26.9,0.4613,0.4905,0.4816,0.511,0.4821
2022-08-17,25.9167,24.3,28.9,24.825,93.8333,0.2196,0.3292,26.8308,16.3152,7.8312,22.3,3.17,2.4633,0.7784,2.2373,100.4796,94.375,26.525,26.5792,26.6792,26.9,0.4703,0.4946,0.4919,0.5102,0.4909
2022-08-18,26.35,23.8,30.0,24.5958,90.625,0.3567,0.5508,27.7769,19.0188,9.1292,23.4,3.89,2.0967,1.0368,1.7434,100.49,79.125,26.7417,26.5958,26.6542,26.9,0.4903,0.4851,0.5048,0.5118,0.4996
2022-08-19,26.9875,24.3,29.8,24.4458,86.4583,0.5125,0.7692,28.3231,18.6012,8.9285,7.2,3.97,2.16,1.397,1.4526,100.4454,80.6667,27.15,26.8792,26.7,26.9,0.4842,0.4746,0.5023,0.5135,0.4952
2022-08-20,25.9458,24.2,28.7,25.1125,95.2083,0.1696,0.2531,26.9462,11.1852,5.3687,18.3,2.29,1.7133,0.8737,1.2253,100.3692,98.875,26.6375,26.8792,26.7,26.8792,0.4867,0.49,0.4982,0.513,0.4957
2022-08-21,26.0708,23.9,29.2,24.675,92.25,0.2804,0.4677,27.4769,16.8192,8.073,15.9,3.39,2.3542,0.9497,2.0992,100.3079,99.9583,26.7167,26.6917,26.7,26.8042,0.4739,0.4925,0.5053,0.513,0.5004
2022-08-22,25.9042,24.1,30.2,24.7417,93.5417,0.2325,0.3392,26.8077,13.2408,6.3555,20.4,2.77,2.0596,0.5645,1.8793,100.4488,99.0,26.3833,26.5833,26.7,26.8,0.4664,0.4862,0.5093,0.5135,0.5015
2022-08-23,26.8167,24.1,31.0,24.4042,87.3333,0.4929,0.7962,28.4846,21.5208,10.33,6.1,4.46,1.5012,0.6387,1.1212,100.5096,70.5417,27.1333,26.7583,26.7,26.8,0.455,0.4663,0.5092,0.514,0.4964
2022-08-24,26.825,24.6,30.3,24.6792,88.4583,0.4371,0.66,28.1,16.4196,7.8814,10.6,3.47,1.5475,0.3837,1.2752,100.4008,95.1667,27.1125,27.0167,26.725,26.8,0.4778,0.4698,0.4992,0.5139,0.4915
2022-08-25,25.8917,24.4,29.0,25.0208,95.0417,0.1758,0.2908,26.8538,12.8952,6.1899,19.8,2.51,2.0062,0.2501,1.9243,100.2988,100.0,26.6417,26.8708,26.8,26.8,0.4855,0.4944,0.4962,0.513,0.4951
2022-08-26,25.4208,24.0,27.0,24.3542,94.0,0.2083,0.3331,26.2,15.7464,7.5585,16.2,2.92,2.8942,0.9283,2.7233,100.4842,99.9583,26.2042,26.5083,26.8,26.8,0.478,0.4882,0.5078,0.5135,0.5016
2022-08-27,25.8708,24.0,30.0,24.6375,93.1667,0.2504,0.4215,27.0308,13.9176,6.6804,10.5,2.95,1.38,0.137,1.1439,100.6054,87.5417,26.3875,26.4083,26.7042,26.8,0.4832,0.4866,0.5075,0.514,0.5014
2022-08-28,26.7333,24.2,30.6,24.9458,90.3333,0.3696,0.5838,28.0615,20.736,9.9531,16.3,4.32,0.6425,0.2948,0.3798,100.5012,72.9167,26.975,26.6792,26.7,26.8,0.4593,0.4836,0.5061,0.514,0.4981
2022-08-29,26.1292,24.0,30.7,24.75,92.5833,0.285,0.4869,27.2846,14.4432,6.9329,19.3,3.04,1.0338,-0.6255,-0.2348,100.5596,95.7083,26.6833,26.8167,26.7,26.8,0.4693,0.4946,0.5041,0.514,0.4997
2022-08-30,26.7,22.9,31.4,24.125,86.9583,0.5417,0.9246,28.7385,21.9924,10.5562,2.5,4.62,0.8388,-0.1202,0.34,100.6021,67.4167,27.2292,26.8542,26.7083,26.8,0.4532,0.4795,0.5052,0.5138,0.4961
2022-08-31,26.4542,23.9,31.2,24.9167,91.75,0.325,0.48,27.4923,15.624,7.4996,8.3,3.19,0.8462,-0.3893,-0.1593,100.5538,99.5417,26.975,27.0792,26.8,26.8,0.4687,0.4722,0.4961,0.513,0.4892
2022-09-01,27.0917,23.0,32.2,23.5667,82.7083,0.7317,1.2077,29.2077,24.5844,11.8005,0.7,5.23,0.915,0.1601,0.3916,100.5217,64.9583,27.6,27.0792,26.8,26.8,0.4695,0.4747,0.4882,0.5126,0.484
2022-09-02,27.45,24.8,31.6,24.8792,86.4583,0.535,0.7931,28.8385,19.908,9.5557,8.0,4.14,1.1138,0.3492,0.7642,100.5438,88.9167,27.6542,27.4708,26.8542,26.8,0.4589,0.4751,0.48,0.512,0.4775
2022-09-03,26.3542,24.4,30.1,24.9042,91.875,0.2971,0.4608,27.5923,16.2828,7.8155,6.8,3.35,1.5671,0.0295,1.326,100.4817,98.5,27.2167,27.3792,26.9208,26.8,0.4749,0.4802,0.4738,0.511,0.4752
2022-09-04,25.7875,24.1,28.5,24.65,93.5417,0.2246,0.3315,26.7231,13.9356,6.689,13.8,2.78,1.8267,0.4212,1.6246,100.5604,99.0,26.6292,26.9042,26.9417,26.8,0.4699,0.4878,0.475,0.5104,0.4774
2022-09-05,25.6333,24.0,29.0,24.6958,94.75,0.1888,0.3108,26.7077,12.942,6.2121,34.6,2.57,1.5212,0.2347,1.3194,100.6167,98.3333,26.4417,26.6708,26.9,26.8,0.4727,0.4954,0.4961,0.51,0.4943
2022-09-06,25.5333,23.9,28.2,24.9333,96.5417,0.1212,0.2023,26.6538,13.4532,6.4577,25.8,2.72,1.5583,0.2385,1.4747,100.5642,99.7083,26.3708,26.5208,26.9,26.8,0.4884,0.4935,0.508,0.5106,0.5036
2022-09-07,25.5458,23.7,28.8,24.3333,93.375,0.2408,0.3685,26.6538,13.4532,6.4576,20.6,2.69,1.1042,0.8652,0.265,100.6,99.875,26.25,26.4583,26.8208,26.8,0.472,0.4807,0.511,0.5152,0.5019
2022-09-08,24.4625,23.3,25.8,24.2833,98.9167,0.0338,0.0362,25.0462,5.274,2.5315,79.3,1.17,1.3633,1.1278,0.4985,100.645,99.875,25.4042,26.025,26.7708,26.8,0.4867,0.4982,0.488,0.518,0.49
2022-09-09,25.7833,22.9,29.3,23.7417,89.125,0.4033,0.6715,27.4692,18.6336,8.944,8.5,3.91,1.3342,0.7229,0.8763,100.7171,92.4583,26.1125,25.9583,26.6542,26.8,0.4849,0.4939,0.463,0.5168,0.471
2022-09-10,25.65,22.9,29.7,24.2,92.0417,0.2888,0.4677,27.1692,16.8696,8.0974,20.5,3.43,1.0558,-0.0249,0.8326,100.7292,96.4167,26.325,26.3,26.6,26.8,0.4731,0.4907,0.4625,0.5151,0.4691
2022-09-11,26.1167,22.8,30.1,24.2417,90.0417,0.3875,0.6692,27.9308,19.1232,9.179,15.4,4.01,0.8512,-0.1154,0.1147,100.6596,84.25,26.8542,26.5583,26.6,26.8,0.4773,0.4894,0.4678,0.5137,0.473
2022-09-12,25.4958,23.5,29.1,24.3083,93.25,0.2346,0.3654,26.6538,16.0848,7.7207,17.3,3.32,0.9133,0.0938,0.7204,100.6212,92.4167,26.45,26.6583,26.6,26.8,0.4804,0.4911,0.4708,0.5128,0.4757
2022-09-13,25.6167,23.5,30.7,24.2458,92.6667,0.2792,0.4877,27.0231,16.9272,8.125,14.7,3.48,0.9883,0.0228,0.4862,100.6667,88.8333,26.4667,26.5208,26.6,26.8,0.4784,0.4963,0.4743,0.512,0.4792
2022-09-14,25.2917,22.8,27.9,24.3292,94.625,0.1858,0.2669,26.3692,14.7924,7.1004,21.5,2.89,1.7054,-0.0582,1.5601,100.7421,95.3333,26.0333,26.3333,26.6,26.8,0.4875,0.4945,0.4833,0.5111,0.486
2022-09-15,25.6833,23.6,29.1,24.2833,92.2917,0.2779,0.4531,26.9923,15.4296,7.4062,12.5,3.12,1.7271,0.5171,1.3852,100.6517,91.7917,26.2042,26.2333,26.6,26.8,0.48,0.4975,0.4932,0.511,0.4932
2022-09-16,26.2958,23.7,29.7,24.2792,89.2083,0.4038,0.6238,27.7538,18.8028,9.0253,9.2,3.94,1.9117,0.6169,1.648,100.4712,85.1667,26.5375,26.3875,26.5542,26.8,0.469,0.4915,0.4975,0.5106,0.4942
2022-09-17,26.1125,23.7,29.6,24.5333,91.2083,0.32,0.4862,27.6308,17.9424,8.6123,19.3,3.56,1.8562,0.4952,1.6915,100.5008,92.9583,26.7042,26.6208,26.6,26.8,0.4689,0.4904,0.5012,0.51,0.4967
2022-09-18,25.4792,23.8,28.1,24.0083,91.875,0.2867,0.4958,26.775,11.1312,5.3428,19.6,2.34,1.7142,0.731,1.4172,100.6163,99.75,26.1667,26.4458,26.6,26.8,0.4744,0.4778,0.5103,0.5128,0.501
2022-09-19,25.4125,23.9,27.3,23.8208,91.1667,0.3042,0.4933,26.5083,7.704,3.6978,10.1,1.88,1.6533,1.291,0.902,100.645,99.9167,25.925,26.1875,26.5458,26.8,0.5009,0.4862,0.5058,0.514,0.5014
2022-09-20,25.35,23.1,29.1,23.5792,90.625,0.3425,0.6058,26.7083,14.8752,7.1402,16.7,3.08,1.5488,1.2622,0.4105,100.5479,99.7083,26.0292,26.1,26.5,26.8,0.4677,0.4938,0.5079,0.5137,0.5021
2022-09-21,25.9083,23.9,30.7,24.225,91.4167,0.3379,0.6192,27.4667,16.2396,7.795,13.7,3.42,0.8533,-0.0112,0.5374,100.4421,97.25,26.6167,26.3708,26.5,26.8,0.4671,0.4843,0.5055,0.514,0.4984
2022-09-22,25.225,23.4,27.9,24.4667,95.7083,0.1471,0.2192,26.3,11.9052,5.7147,20.8,2.45,1.0938,0.0726,0.9115,100.4567,97.7083,26.0042,26.3583,26.5,26.8,0.4651,0.4862,0.5085,0.5145,0.5008
2022-09-23,25.4875,23.3,29.7,24.3833,93.875,0.225,0.4108,27.1,15.9552,7.6584,9.6,3.29,1.1671,-0.0995,1.062,100.5096,99.125,26.2667,26.2333,26.5,26.8,0.4704,0.4702,0.5069,0.5157,0.4966
2022-09-24,25.1667,23.1,28.7,24.1167,94.0417,0.2033,0.3467,26.4833,13.0536,6.2657,10.0,2.64,1.3412,0.0988,1.2205,100.4742,99.9167,25.8917,26.1458,26.5,26.8,0.4745,0.485,0.5002,0.515,0.4953
2022-09-25,24.7333,23.2,27.0,24.25,97.2083,0.0933,0.1517,25.5833,9.666,4.6397,27.3,1.96,1.2425,-0.2222,1.0322,100.5129,99.9167,25.4833,25.8792,26.4,26.8,0.4604,0.4839,0.5,0.5159,0.4938
2022-09-26,24.8875,22.7,27.1,24.3833,97.125,0.0983,0.1417,25.8833,10.0764,4.8366,18.2,1.99,0.9512,0.0571,0.4958,100.5904,92.5833,25.4917,25.7167,26.3542,26.8,0.4748,0.4698,0.4719,0.5165,0.4717
2022-09-27,25.0208,23.0,29.0,24.3,95.9167,0.1442,0.2317,26.3167,12.168,5.8405,33.2,2.48,1.0679,0.74,0.5993,100.4454,99.6667,25.675,25.7542,26.3,26.7375,0.475,0.4943,0.4762,0.5154,0.4799
2022-09-28,24.6458,23.2,26.2,24.3125,98.2083,0.0625,0.0917,25.3917,5.4864,2.6334,6.8,1.22,1.9558,1.7888,0.6867,100.1117,100.0,25.1792,25.6125,26.25,26.7,0.499,0.4825,0.4644,0.5154,0.4706
2022-09-29,24.6792,23.6,26.0,24.3375,98.0,0.0671,0.0892,25.2333,5.9112,2.8375,23.7,1.32,2.9187,2.3242,1.5994,100.1021,99.6667,25.1333,25.4292,26.2,26.7,0.4799,0.4952,0.4707,0.514,0.4765
2022-09-30,25.1667,24.0,27.7,24.4542,95.875,0.1379,0.2367,26.0083,10.944,5.2533,17.1,2.2,2.8967,1.1868,2.5719,100.3896,99.5,25.4792,25.5125,26.1042,26.7,0.4775,0.4911,0.4858,0.513,0.4864
2022-10-01,25.8167,24.0,29.0,24.9167,94.9167,0.1833,0.3075,27.0583,16.2,7.7761,14.2,3.27,1.9283,0.0931,1.8376,100.5454,99.125,26.1458,25.875,26.1,26.7,0.483,0.4933,0.49,0.5126,0.4902
2022-10-02,24.8583,23.5,27.5,24.5292,98.0,0.0671,0.1183,25.6917,8.2188,3.945,27.1,1.78,0.9525,-0.5422,0.2966,100.5475,99.9583,25.6083,25.9,26.1,26.7,0.4704,0.485,0.4988,0.5127,0.4939
2022-10-03,24.7792,23.4,28.3,24.1375,96.375,0.1288,0.2492,25.8167,10.1808,4.8866,33.8,2.13,0.9108,-0.6324,-0.1103,100.5517,99.125,25.7208,25.8417,26.1,26.7,0.4774,0.4828,0.5065,0.515,0.4995
2022-10-04,25.8125,22.8,29.2,23.7833,89.375,0.405,0.6967,27.4167,13.1472,6.3106,9.0,2.86,1.8,-1.1622,-1.264,100.6858,89.1667,25.9458,25.7917,26.1,26.7,0.4846,0.4965,0.5092,0.515,0.5048
2022-10-05,26.4708,23.6,30.9,24.375,88.9583,0.4312,0.7342,28.2667,17.4924,8.3964,9.8,3.68,1.5388,-0.7855,-0.4333,100.7154,98.75,26.6292,26.2625,26.1,26.7,0.4828,0.4895,0.4992,0.5146,0.496
2022-10-06,25.4875,23.4,30.0,24.2458,93.4167,0.2504,0.475,26.95,13.8816,6.6631,17.4,2.93,1.2629,-0.708,-0.2001,100.7662,97.625,26.2042,26.3583,26.1708,26.7,0.4849,0.496,0.4956,0.514,0.495
2022-10-07,25.6167,23.1,30.1,24.3833,93.5,0.2567,0.5042,27.3583,15.4692,7.4251,20.0,3.25,1.3692,-0.815,-0.6602,100.7433,87.5417,26.3208,26.25,26.2,26.6583,0.4828,0.4905,0.5016,0.5141,0.4979
2022-10-08,25.7625,22.9,29.5,24.2292,91.7083,0.3062,0.56,27.2333,14.6916,7.052,13.3,3.01,1.4538,-0.825,-1.0492,100.7946,94.9167,26.4375,26.3167,26.2,26.6,0.4739,0.4863,0.5,0.515,0.4953
2022-10-09,25.375,23.3,30.0,24.4208,94.7917,0.1921,0.3608,26.7417,10.3716,4.9784,38.9,2.21,0.9504,-0.6687,-0.4888,100.8383,98.9167,26.1125,26.2917,26.2625,26.6,0.4875,0.5002,0.5026,0.515,0.501
2022-10-10,25.3958,23.5,28.6,23.9167,91.9167,0.2896,0.4333,26.2917,10.8684,5.2167,10.2,2.38,1.7521,-1.2416,-1.1926,100.895,99.5833,25.8333,25.9958,26.2625,26.6,0.4993,0.4988,0.5085,0.5158,0.5058
2022-10-11,24.0292,23.0,25.0,22.55,91.5417,0.2579,0.345,24.425,7.8948,3.7894,7.6,1.61,2.1358,-1.202,-1.7546,100.9283,99.5833,24.8083,25.6417,26.2083,26.6,0.4972,0.4894,0.4998,0.515,0.4974
2022-10-12,25.4792,22.6,29.6,21.9708,81.7083,0.6488,0.9933,27.375,16.1424,7.7483,0.3,3.61,2.2888,-1.2837,-1.8806,100.82,85.25,25.2042,25.1875,26.125,26.6,0.479,0.4842,0.4915,0.5147,0.4891
2022-10-13,25.3208,21.1,29.9,20.6167,76.4167,0.8454,1.3133,27.7833,23.6736,11.3633,0.0,5.19,2.7029,-1.337,-2.315,100.6833,80.25,25.5458,25.4958,26.0375,26.6,0.458,0.4721,0.482,0.5138,0.4782
2022-10-14,24.5333,21.3,28.7,19.3167,74.125,0.8692,1.2783,26.6417,19.404,9.314,0.0,4.39,2.5692,-1.008,-2.3501,100.57,97.9583,25.1208,25.5208,26.0,26.6,0.4395,0.4598,0.4726,0.5127,0.4676
2022-10-15,22.125,20.4,24.4,17.8792,77.0833,0.6208,0.7967,23.2167,11.106,5.3309,0.0,2.68,3.0533,-1.5003,-2.637,100.5533,99.7917,23.4125,24.7125,25.95,26.6,0.4281,0.4504,0.4647,0.5118,0.4591
2022-10-16,23.1792,19.6,27.1,18.6792,76.1667,0.7025,0.9233,25.1083,15.948,7.655,0.0,3.25,2.2704,-1.1309,-1.9261,100.7292,80.2083,23.85,24.15,25.7833,26.6,0.4187,0.4425,0.4578,0.5107,0.4518
2022-10-17,25.2083,21.0,30.2,20.4042,76.3333,0.86,1.325,27.6417,22.3596,10.7326,0.0,4.81,2.1271,-1.1476,-1.7709,100.7425,60.2917,25.2458,24.8,25.6583,26.5958,0.4068,0.4337,0.4512,0.5096,0.4444
2022-10-18,25.625,23.0,29.9,19.2292,68.5833,1.0833,1.4892,27.375,23.3712,11.2183,0.0,5.34,2.8129,-1.8626,-2.0891,100.6392,62.3333,25.6292,25.45,25.65,26.5,0.3907,0.4235,0.4449,0.5085,0.4366
2022-10-19,25.8708,23.0,29.4,19.5792,68.75,1.0779,1.3767,27.2667,21.2364,10.1936,0.0,4.99,2.8533,-1.7508,-2.2361,100.6212,61.7083,25.9042,25.7042,25.7,26.5,0.3759,0.414,0.4391,0.5074,0.4294
2022-10-20,26.15,23.1,29.7,20.35,70.875,1.0188,1.2942,27.525,19.4976,9.359,0.1,4.43,2.3204,-1.6622,-1.6099,100.7333,89.8333,26.4208,26.0792,25.7333,26.5,0.3634,0.4055,0.434,0.5063,0.423
2022-10-21,25.7458,23.7,29.0,23.1417,85.9583,0.4917,0.7067,27.025,11.3652,5.4553,3.0,2.48,1.4467,-1.0038,-0.993,100.8704,87.5417,26.1583,26.1917,25.8167,26.5,0.3612,0.3992,0.4296,0.5052,0.4184
2022-10-22,25.4875,23.6,28.8,23.8833,91.3333,0.3088,0.5083,26.7,10.0368,4.8177,3.7,2.23,1.1279,-0.6062,-0.8495,100.9279,96.75,25.9917,26.025,25.9,26.5,0.3798,0.3965,0.4266,0.5042,0.417
2022-10-23,26.725,23.1,31.2,23.5875,84.25,0.6362,1.1092,28.6333,19.026,9.1324,4.1,4.06,1.705,-0.9632,-1.2862,100.8829,90.7917,26.7625,26.225,25.9125,26.5,0.4392,0.3998,0.4235,0.5034,0.4197
2022-10-24,27.5375,24.3,32.2,24.3083,83.9583,0.6704,1.1475,29.3917,19.7676,9.4885,2.2,4.23,1.0317,-0.5666,-0.6102,100.7612,88.75,27.3792,26.7958,26.0208,26.5,0.4209,0.3996,0.4202,0.5024,0.4159
2022-10-25,27.8125,23.9,32.4,23.3917,78.7083,0.9042,1.4708,30.0167,21.0564,10.107,0.6,4.73,1.8342,-0.8249,-1.6054,100.7317,84.375,27.7792,27.1792,26.1375,26.5,0.4081,0.3965,0.417,0.5015,0.4121
2022-10-26,27.4042,25.0,30.8,23.7875,81.2083,0.7258,1.0525,29.0083,15.8112,7.5892,0.2,3.56,1.9342,-1.2898,-1.268,100.6967,97.375,27.4208,27.2625,26.275,26.5,0.3897,0.3916,0.414,0.5005,0.4076
2022-10-27,24.775,23.4,27.1,23.7792,94.3333,0.1829,0.215,25.3,6.66,3.1968,16.9,1.61,2.3625,-1.6343,-1.6768,100.6825,99.9583,25.725,26.6292,26.3958,26.5,0.4612,0.4005,0.412,0.4996,0.4131
2022-10-28,25.9542,22.3,30.3,23.6,87.4167,0.4667,0.7283,27.7583,15.1092,7.2524,2.6,3.3,2.1346,-1.4503,-1.509,100.5817,73.8333,26.1417,26.0167,26.3333,26.5,0.4632,0.4202,0.4105,0.4989,0.4163
2022-10-29,26.2917,23.1,30.3,21.3542,75.2083,0.9058,1.2775,27.9417,22.4964,10.7983,0.0,5.0,2.9812,-1.7523,-2.3658,100.6083,77.875,26.2667,26.1792,26.3,26.5,0.4375,0.4196,0.4085,0.498,0.4128
2022-10-30,26.5,23.7,30.5,20.7458,71.125,1.0371,1.31,28.0083,20.214,9.7026,0.0,4.79,3.1571,-1.8822,-2.4911,100.6075,39.4583,26.5542,26.4042,26.3,26.5,0.411,0.4125,0.4061,0.497,0.4078
2022-10-31,26.1958,23.3,30.2,20.1917,70.4167,1.0629,1.4742,28.025,22.716,10.9035,0.0,5.23,3.26,-1.9211,-2.6263,100.65,67.0,26.4083,26.4458,26.3208,26.4667,0.3895,0.4042,0.4037,0.4962,0.4028
2022-11-01,24.8,21.7,29.3,18.45,69.2083,1.0346,1.5233,26.8333,22.9716,11.0265,0.0,5.23,3.1692,-2.0091,-2.4392,100.7342,98.7083,25.2958,25.925,26.3292,26.4042,0.371,0.3962,0.4011,0.4953,0.398
2022-11-02,23.6083,18.6,29.5,16.5708,67.6667,1.0946,1.7442,26.7583,23.6196,11.3375,0.0,5.37,2.7017,-1.7796,-2.017,100.7188,85.0,24.5542,25.3,26.2458,26.4,0.3553,0.3882,0.399,0.4944,0.3937
2022-11-03,23.6583,16.7,30.9,16.5,66.8333,1.1671,1.8458,27.6583,23.5656,11.3116,0.0,5.17,1.8308,-1.1646,-1.4039,100.7679,50.875,24.2833,24.7333,26.1292,26.4,0.3411,0.3802,0.3962,0.4935,0.389
2022-11-04,24.3625,17.5,30.7,16.9875,65.5833,1.1992,1.8233,27.65,22.5216,10.8104,0.0,5.11,2.3329,-1.6265,-1.5518,100.8971,50.375,24.7833,24.9042,26.0125,26.4,0.3284,0.3728,0.3941,0.4925,0.385
2022-11-05,24.5,22.4,27.6,20.2292,77.6667,0.7062,0.93,25.975,10.6092,5.0925,3.3,2.58,2.4546,-1.5107,-1.9028,101.0475,85.125,24.9292,25.3042,25.9167,26.4,0.3248,0.3674,0.3924,0.4918,0.3824
2022-11-06,25.1375,22.0,29.7,22.5167,86.2917,0.4929,0.805,26.875,13.7952,6.6217,5.4,2.95,2.1454,-1.5273,-1.4177,101.0025,84.5,25.3583,25.3125,25.9,26.4,0.3554,0.3646,0.391,0.491,0.383
2022-11-07,26.1,21.4,31.2,22.1792,80.875,0.7588,1.315,28.6417,19.3032,9.2655,0.2,4.09,1.6467,-1.0953,-1.1781,100.915,78.5833,26.3333,25.8042,25.8792,26.4,0.3659,0.3613,0.3895,0.4904,0.382
2022-11-08,26.2667,22.0,31.5,19.7625,69.4167,1.1704,1.805,28.9333,21.5208,10.3301,0.0,4.94,2.3425,-1.3707,-1.8871,100.8846,73.625,26.4375,26.1542,25.9,26.4,0.3507,0.3567,0.388,0.4895,0.3788
2022-11-09,26.2708,22.2,31.5,19.1875,66.2917,1.2429,1.7642,28.775,21.168,10.1606,0.0,4.9,2.5371,-1.5537,-1.9735,100.8717,92.375,26.3083,26.1875,25.9292,26.4,0.3343,0.3516,0.3859,0.4886,0.3751
2022-11-10,26.5833,21.9,31.9,21.1417,73.375,1.0304,1.5775,29.2333,19.7892,9.4989,0.0,4.45,2.595,-1.6502,-1.9299,100.8121,92.375,26.7125,26.3875,26.0,26.4,0.3212,0.3467,0.384,0.4879,0.3717
2022-11-11,27.3875,23.2,32.1,22.6958,77.375,0.945,1.5625,30.025,18.3564,8.8111,1.2,4.16,2.0508,-1.3444,-1.4787,100.7596,63.4167,27.4667,26.8375,26.0917,26.4,0.3123,0.3422,0.3821,0.487,0.3688
2022-11-12,27.5083,23.2,32.8,23.1208,78.9583,0.8975,1.5592,30.0917,18.0576,8.6676,0.5,4.03,1.6579,-1.1138,-1.1645,100.7017,60.5,27.8208,27.25,26.2083,26.4,0.3075,0.3385,0.3805,0.4863,0.3666
2022-11-13,26.4208,23.7,29.7,23.4542,84.625,0.5792,0.9483,28.1333,11.9196,5.7213,9.7,2.78,2.0058,-1.5425,-1.1798,100.6421,77.875,26.9375,27.1208,26.3167,26.4,0.328,0.3359,0.3794,0.4856,0.3667
2022-11-14,26.0667,23.3,30.5,24.2042,90.1667,0.3792,0.6642,27.7417,14.6808,7.0467,13.7,3.1,1.74,-1.1644,-0.6495,100.7329,95.9167,26.7125,26.7875,26.4,26.4,0.413,0.3414,0.3785,0.485,0.3731
2022-11-15,26.9167,23.5,31.5,23.8208,84.4583,0.6362,1.0867,28.85,17.0964,8.2062,0.6,3.64,1.6771,-0.9143,-0.6554,100.7154,81.0,26.8792,26.6667,26.4,26.4,0.4255,0.3642,0.3775,0.4844,0.3781
2022-11-16,26.7333,23.5,31.9,24.0625,86.25,0.5483,0.9342,28.5167,16.6464,7.9903,4.1,3.49,0.7904,-0.5863,-0.3977,100.6138,80.875,27.0167,26.9,26.4375,26.4,0.4153,0.3646,0.3765,0.4838,0.3767
2022-11-17,26.3833,23.4,31.4,23.7292,86.7917,0.5346,0.9492,28.175,15.444,7.4133,3.8,3.29,0.8092,-0.1735,0.0987,100.6262,86.8333,26.8833,26.8333,26.5,26.4,0.42,0.3651,0.3756,0.483,0.3765
2022-11-18,26.0083,23.1,30.4,24.3333,91.0,0.3421,0.6108,27.7083,14.3568,6.8913,6.8,2.99,0.795,-0.2777,-0.4982,100.6842,91.875,26.6,26.65,26.5,26.4,0.4317,0.3668,0.375,0.4825,0.3773
2022-11-19,26.7708,24.0,31.8,24.6417,88.9167,0.4479,0.8075,28.55,17.0064,8.1632,3.9,3.59,1.6096,-0.8653,-1.288,100.5954,91.5833,27.1417,26.7917,26.5042,26.4,0.4405,0.3717,0.3746,0.482,0.3786
2022-11-20,25.875,23.9,29.7,23.2167,85.9583,0.4992,0.7958,26.975,7.7004,3.6961,5.7,1.89,1.815,-0.8395,-1.5729,100.4683,100.0,26.2,26.6542,26.6,26.4,0.4366,0.3759,0.374,0.4815,0.3788
2022-11-21,25.1083,23.2,28.5,23.2542,90.0417,0.3488,0.5617,26.1,7.11,3.4129,4.7,1.66,2.1025,-0.9597,-1.8377,100.3942,92.9167,25.5583,26.0375,26.5083,26.4,0.4676,0.3903,0.374,0.481,0.384
2022-11-22,25.7333,23.0,28.6,22.5625,83.5,0.5917,0.9383,27.2167,10.7352,5.153,0.0,2.51,2.0046,-0.9766,-1.7336,100.4025,83.0833,25.8625,25.9167,26.4375,26.4,0.4366,0.3976,0.3735,0.4805,0.383
2022-11-23,25.125,23.9,28.1,23.9333,93.2917,0.2275,0.3125,25.95,7.1136,3.4147,11.9,1.57,1.5238,-0.8715,-1.1691,100.4396,99.7083,25.4458,25.8542,26.4,26.4,0.4663,0.4038,0.373,0.48,0.386
2022-11-24,25.125,23.5,28.8,23.9667,93.5,0.2262,0.3875,26.1917,11.016,5.2876,14.0,2.27,1.3508,-0.9805,-0.1599,100.5667,99.75,25.7125,25.8042,26.3167,26.4,0.4744,0.4568,0.3741,0.4796,0.3985
2022-11-25,25.45,22.9,28.2,24.025,92.125,0.2804,0.4825,26.875,12.9024,6.1931,8.3,2.7,0.9704,-0.6142,-0.2299,100.7438,83.75,25.8417,25.85,26.3,26.4,0.472,0.4766,0.3765,0.479,0.4042
2022-11-26,24.7792,23.2,27.9,23.8792,94.875,0.1696,0.2933,25.7583,8.9496,4.2958,19.4,1.87,0.8475,-0.0457,0.2541,100.7496,96.625,25.4125,25.7833,26.2167,26.4,0.48,0.4899,0.3846,0.479,0.4134
2022-11-27,26.1917,23.0,29.9,23.5875,86.5,0.5187,0.83,27.9667,16.5312,7.935,0.7,3.37,0.7812,-0.035,0.3901,100.6512,89.1667,26.2333,25.8917,26.2,26.4,0.472,0.4818,0.3943,0.4784,0.4181
2022-11-28,26.3542,23.6,30.2,23.5167,85.375,0.5546,0.9092,27.95,15.48,7.4303,1.3,3.26,0.5996,-0.1978,0.1807,100.7021,88.375,26.3083,26.225,26.2,26.4,0.459,0.4676,0.396,0.478,0.4154
2022-11-29,26.1792,23.1,31.3,23.8125,88.0,0.4817,0.8758,28.1833,16.4448,7.8936,5.2,3.49,0.7792,-0.52,-0.2768,100.7271,77.7917,26.5583,26.3958,26.2,26.4,0.4599,0.4579,0.3965,0.4775,0.4139
2022-11-30,26.8667,23.3,31.5,24.2333,86.6667,0.5467,0.9608,28.8917,17.4024,8.353,1.3,3.75,1.0596,-0.7261,-0.3885,100.7208,43.2083,26.925,26.5792,26.225,26.4,0.462,0.4533,0.3967,0.477,0.4132
2022-12-01,27.125,23.5,31.7,23.9042,84.0,0.6662,1.1175,29.25,17.6364,8.4655,0.4,3.89,1.83,-1.3305,-1.0886,100.6617,87.2917,27.0958,26.7833,26.3,26.4,0.4468,0.4464,0.3965,0.4767,0.4105
2022-12-02,26.3375,23.7,29.7,22.8292,81.7083,0.6658,0.9683,27.7917,14.4072,6.9155,0.4,3.27,2.7596,-1.7662,-2.0441,100.5967,75.75,26.5542,26.7125,26.375,26.4,0.4302,0.438,0.3957,0.476,0.407
2022-12-03,26.0917,22.9,29.7,20.9042,73.375,0.9204,1.1417,27.1333,16.9308,8.1268,0.5,3.88,3.1292,-2.049,-2.32,100.6375,94.5417,26.475,26.5125,26.4,26.4,0.4151,0.4296,0.3953,0.4759,0.4039
2022-12-04,25.8583,24.8,27.9,22.1833,80.3333,0.6642,0.7683,26.3583,7.8444,3.7653,0.3,2.21,2.8712,-1.9067,-2.1245,100.6775,97.5417,26.0417,26.3583,26.4,26.4,0.4082,0.4228,0.3944,0.475,0.4013
2022-12-05,26.2792,23.5,30.3,22.5,80.375,0.7129,0.9942,27.8417,15.1848,7.2887,1.6,3.51,2.8446,-2.0499,-1.9086,100.7296,79.75,26.3083,26.2,26.4,26.4,0.4017,0.4171,0.3935,0.475,0.3991
2022-12-06,26.0125,23.2,29.7,20.7458,73.2083,0.9317,1.175,27.05,16.3836,7.8642,0.0,3.94,3.5104,-2.5983,-2.2761,100.7117,61.25,26.3083,26.2708,26.4,26.4,0.3927,0.41,0.3925,0.4744,0.3962
2022-12-07,26.4208,23.5,30.0,21.2333,73.6667,0.9421,1.2225,27.7417,15.7032,7.5374,0.0,3.76,2.7246,-1.9376,-1.83,100.7058,60.4167,26.4417,26.3458,26.3625,26.4,0.3789,0.4028,0.3915,0.474,0.393
2022-12-08,25.2833,23.3,29.1,21.7583,81.5417,0.6242,0.9025,26.5167,13.4208,6.4421,5.8,2.96,2.6125,-1.5857,-1.9735,100.725,55.0833,25.8167,26.2458,26.3542,26.4,0.3828,0.3966,0.3904,0.4735,0.3912
2022-12-09,25.65,22.0,29.9,22.5708,84.0417,0.5871,0.9625,27.4667,16.8624,8.0939,1.6,3.57,2.3008,-1.409,-1.788,100.6862,39.7083,25.9708,25.9542,26.3,26.4,0.4103,0.3936,0.3895,0.473,0.3918
2022-12-10,25.9958,21.9,30.7,21.6208,78.7083,0.8258,1.3683,28.4,19.7244,9.4676,0.0,4.28,2.26,-1.345,-1.8134,100.6621,41.4583,26.275,26.1333,26.3,26.4,0.3934,0.3892,0.3885,0.4726,0.389
2022-12-11,25.1958,20.8,30.6,20.05,75.5833,0.9163,1.5142,27.9,20.214,9.7027,0.0,4.27,2.2621,-1.5008,-1.6776,100.7479,50.625,25.725,26.0167,26.3,26.4,0.3749,0.3832,0.387,0.472,0.3854
2022-12-12,24.3208,19.2,29.8,19.4375,76.3333,0.8492,1.3858,27.1417,19.8612,9.5335,0.0,4.24,2.5629,-1.855,-1.7297,100.8025,15.1667,25.0292,25.55,26.2208,26.4,0.3589,0.3771,0.3855,0.4716,0.3819
2022-12-13,23.0875,20.3,26.8,17.1917,70.0417,0.8779,1.1625,24.4417,19.7064,9.4591,0.0,4.19,3.6592,-2.5741,-2.5457,100.9246,55.0833,24.2208,25.1417,26.1375,26.4,0.3453,0.3711,0.3845,0.471,0.3789
2022-12-14,22.1417,18.2,26.8,15.3833,66.25,0.9483,1.265,24.0083,20.4516,9.8167,0.0,4.38,3.2879,-2.2131,-2.3992,100.9558,51.7917,23.0833,24.1875,25.9833,26.4,0.3339,0.3656,0.383,0.4706,0.3759
2022-12-15,23.2667,19.0,28.7,16.4208,66.2917,1.0258,1.405,25.3667,20.268,9.7287,0.0,4.47,2.8983,-1.9613,-2.1062,100.7983,9.0417,23.7917,24.1125,25.7917,26.35,0.3229,0.36,0.3815,0.47,0.3729
2022-12-16,24.9125,19.9,30.5,18.7125,69.9167,1.0571,1.545,27.3667,20.0016,9.6006,0.7,4.47,2.6925,-1.7701,-1.9824,100.6542,20.1667,24.8875,24.5875,25.6458,26.3,0.3135,0.3547,0.3801,0.4695,0.3701
2022-12-17,25.6208,22.4,29.4,18.6958,65.9167,1.1475,1.2967,27.2083,15.7932,7.5806,0.0,4.27,4.3217,-2.8703,-3.1523,100.7325,21.8333,25.5458,25.3333,25.6,26.3,0.3081,0.35,0.3785,0.469,0.3676
2022-12-18,21.0083,18.4,23.7,11.7375,55.6667,1.1192,1.1683,21.4417,16.8804,8.1027,0.0,4.79,6.6,-4.1945,-5.0679,100.9179,60.7917,23.1958,24.7333,25.6,26.3,0.3008,0.3456,0.3775,0.4686,0.3654
2022-12-19,20.8417,16.8,25.0,11.725,56.125,1.1075,1.2583,22.125,19.6848,9.4487,0.0,4.75,4.6154,-2.8378,-3.628,100.8742,54.7083,22.6,23.6208,25.4583,26.3,0.294,0.3412,0.3761,0.468,0.363
2022-12-20,22.6958,18.1,28.1,14.6667,61.125,1.125,1.4383,24.7,20.1636,9.6785,0.0,4.6,3.4212,-2.1691,-2.6217,100.72,17.2917,23.5375,23.65,25.3083,26.3,0.288,0.3372,0.3746,0.4675,0.3607
2022-12-21,23.9625,19.8,29.8,16.7208,65.2083,1.1304,1.6292,26.4583,20.2428,9.7165,0.0,4.54,2.7925,-1.6692,-2.2239,100.6929,3.875,24.2875,24.1417,25.2,26.3,0.2828,0.3332,0.3733,0.467,0.3585
2022-12-22,24.3042,20.0,30.1,18.1292,70.125,1.0188,1.5433,26.7917,19.6884,9.4505,0.0,4.13,2.5492,-1.6642,-1.8858,100.7167,71.4167,24.7792,24.6042,25.1583,26.2667,0.2788,0.3292,0.3716,0.4665,0.3562
2022-12-23,23.9292,18.9,30.0,16.9792,68.5417,1.1071,1.7708,26.9333,20.6748,9.924,0.0,4.37,2.4658,-1.6716,-1.7891,100.7858,8.2083,24.775,24.8375,25.1708,26.2,0.2752,0.3256,0.3705,0.466,0.3544
2022-12-24,22.4,17.2,28.4,16.4208,71.0,0.9054,1.4217,25.175,17.9064,8.595,0.0,3.79,2.6817,-1.8566,-1.8898,100.9517,98.7917,23.5833,24.4083,25.1375,26.2,0.2721,0.3225,0.369,0.4654,0.3525
2022-12-25,22.7958,17.5,28.7,15.9208,67.5,1.0342,1.5608,25.5,18.9252,9.0841,0.0,4.03,2.6462,-1.7957,-1.8718,101.1167,80.0,23.5375,23.9875,25.1,26.2,0.2701,0.3196,0.3676,0.465,0.3507
2022-12-26,23.1417,18.5,28.9,15.7208,65.375,1.1196,1.6858,26.0083,19.71,9.4608,0.0,4.21,2.4404,-1.5794,-1.8373,101.1946,77.5,23.8833,24.075,25.0167,26.2,0.2681,0.3166,0.3665,0.4643,0.3491
2022-12-27,23.2458,17.0,29.5,15.7458,65.625,1.1538,1.7367,26.2667,19.0872,9.1618,0.0,4.13,2.1383,-1.4271,-1.5418,101.1662,76.8333,23.9208,24.0708,24.9708,26.2,0.2662,0.314,0.3651,0.464,0.3474
2022-12-28,23.6583,16.9,30.0,16.325,66.375,1.1633,1.7892,26.8167,18.0684,8.6729,0.0,3.99,1.9912,-1.3885,-1.3842,101.1554,42.3333,24.4083,24.375,24.925,26.1167,0.2649,0.3115,0.3636,0.463,0.3457
2022-12-29,24.0708,18.1,29.7,17.2167,67.7083,1.1092,1.655,26.8333,17.4636,8.3826,0.0,3.87,2.1929,-1.3155,-1.7055,101.1946,59.5417,24.6458,24.6125,24.9125,26.1,0.2636,0.3091,0.3625,0.4629,0.3444
2022-12-30,24.0833,20.6,29.4,17.1542,66.2917,1.0842,1.4992,25.9833,18.4248,8.8438,0.0,4.19,3.0788,-2.1867,-2.0884,101.2779,66.0,24.7083,24.7625,25.0,26.1,0.2626,0.3071,0.3615,0.462,0.3431
2022-12-31,23.8917,20.2,28.9,16.2417,63.1667,1.1562,1.5292,25.7583,18.8064,9.0271,0.0,4.27,3.1783,-2.0835,-2.3483,101.2667,90.875,24.775,24.8542,25.0,26.1,0.262,0.3051,0.36,0.4617,0.3416
2023-01-01,23.6458,19.3,28.5,15.3208,60.2917,1.2183,1.5183,25.225,19.9008,9.5524,0.0,4.56,3.4704,-2.1936,-2.658,101.1829,71.0833,24.5875,24.7042,25.0,26.1,0.2614,0.3032,0.3586,0.461,0.3401
2023-01-02,23.5,21.8,28.7,15.75,61.875,1.1208,1.2683,24.475,11.0448,5.3016,0.0,3.21,3.0967,-1.864,-2.4589,101.2179,94.9583,24.4708,24.825,25.0,26.0667,0.2605,0.3016,0.3575,0.4607,0.339
2023-01-03,25.2,20.8,30.3,17.1583,61.5417,1.2958,1.6058,27.05,18.5472,8.9026,0.0,4.55,3.4833,-2.2993,-2.5496,101.1417,59.7083,25.5458,24.8542,25.0208,26.0,0.26,0.3005,0.3566,0.46,0.338
2023-01-04,25.6083,21.4,30.4,17.0958,59.7083,1.3717,1.6492,27.0583,19.0584,9.1479,0.0,4.77,3.2929,-1.9861,-2.5847,101.1029,93.7083,26.2292,25.6167,25.1083,26.0,0.2595,0.2989,0.3555,0.4596,0.3369
2023-01-05,25.8292,22.1,30.1,17.2042,59.2917,1.3988,1.6333,27.125,17.622,8.4584,0.0,4.5,3.5046,-2.2207,-2.6615,101.0363,99.6667,26.3833,25.9417,25.2208,26.0,0.259,0.2975,0.3545,0.459,0.3358
2023-01-06,25.0333,22.5,27.2,16.75,60.25,1.2754,1.3658,25.775,10.7856,5.1771,0.0,3.65,4.1358,-2.5323,-3.2278,101.0729,98.875,25.8,25.9625,25.325,26.0,0.259,0.2964,0.3534,0.4586,0.3348
2023-01-07,21.3333,18.8,23.2,14.6125,65.7083,0.8808,0.8258,20.8417,3.9096,1.8766,3.5,2.15,3.6808,-2.2417,-2.8874,101.0471,98.0417,22.8458,24.7583,25.3833,26.0,0.2697,0.296,0.353,0.458,0.3352
2023-01-08,23.7417,21.2,27.9,15.6958,61.0833,1.1725,1.3558,24.7333,10.422,5.0027,0.0,3.14,2.7612,-1.5262,-2.2742,100.9408,89.375,23.9375,23.9542,25.2583,26.0,0.274,0.2955,0.3525,0.458,0.335
2023-01-09,26.3833,22.9,31.2,18.1792,61.3333,1.3896,1.7958,28.25,16.8372,8.0819,0.0,4.24,2.4012,-1.5499,-1.7825,100.9512,61.1667,26.0375,24.9083,25.2,26.0,0.2707,0.2945,0.3515,0.4574,0.3339
2023-01-10,24.6667,22.1,28.4,20.9042,80.4167,0.6462,0.8767,25.8917,8.8776,4.2612,4.6,2.1,2.3067,-1.5051,-1.7347,100.885,89.3333,25.3042,25.5917,25.2583,25.95,0.2752,0.2935,0.3505,0.457,0.3333
2023-01-11,23.0417,22.0,25.9,22.7417,98.2917,0.0542,0.0825,23.6333,5.6412,2.7079,13.4,1.12,1.6667,-1.1918,-1.1447,100.8096,99.8333,24.0042,24.8125,25.3,25.9,0.4038,0.3054,0.3503,0.457,0.3446
2023-01-12,24.1208,22.0,27.3,22.7167,92.2083,0.2571,0.4333,25.3583,9.3528,4.4895,2.7,1.92,0.8538,-0.6368,-0.0908,100.7821,97.1667,24.6,24.5667,25.2208,25.9,0.428,0.3301,0.351,0.4564,0.352
2023-01-13,25.2208,21.7,29.7,22.575,86.25,0.5142,0.9225,27.3833,15.8328,7.5998,0.8,3.34,0.8204,-0.0914,0.3459,100.8488,90.0833,25.3708,24.9583,25.2,25.9,0.4091,0.336,0.3505,0.456,0.3516
2023-01-14,25.7875,21.9,31.5,22.5333,84.5,0.645,1.2108,28.175,19.1844,9.2085,0.0,4.11,1.0683,0.3328,0.6381,100.7021,55.5,25.9125,25.4542,25.2208,25.9,0.387,0.3362,0.3496,0.456,0.3494
2023-01-15,26.0333,22.1,32.1,21.9583,81.2083,0.7929,1.4608,28.475,20.232,9.7113,0.0,4.29,0.8133,0.0165,0.3494,100.6117,41.125,26.4208,25.9083,25.3125,25.9,0.366,0.3338,0.349,0.4551,0.347
2023-01-16,26.3042,22.0,32.3,21.1625,76.9583,0.9733,1.6925,28.9417,17.478,8.3894,0.0,3.8,0.8467,-0.6665,0.2037,100.7858,59.25,26.4,26.1167,25.4125,25.9,0.3484,0.3308,0.3484,0.455,0.3447
2023-01-17,25.1625,20.2,30.4,19.95,74.7917,0.9308,1.4617,27.625,18.7632,9.0064,0.0,4.15,2.2179,-1.8043,-1.1423,100.95,41.4167,25.6958,25.875,25.5,25.9,0.3342,0.3277,0.3475,0.4542,0.3424
2023-01-18,24.6125,20.6,29.7,18.5375,70.75,1.0071,1.5133,26.8917,19.224,9.2277,0.0,4.46,3.1025,-2.3709,-1.9003,101.0938,71.7083,25.2292,25.5458,25.5,25.9,0.3217,0.3247,0.3465,0.454,0.3402
2023-01-19,24.7542,20.4,29.9,16.4667,60.9167,1.2921,1.675,26.5417,20.1816,9.6871,0.0,4.9,3.2646,-2.3865,-2.1542,101.0446,58.7917,25.1833,25.3042,25.5,25.9,0.31,0.3216,0.3455,0.4534,0.338
2023-01-20,24.9875,21.0,29.9,16.5417,60.2083,1.3258,1.695,26.6417,20.8044,9.9861,0.0,5.09,3.2525,-2.3099,-2.247,100.9867,84.25,25.5875,25.45,25.5,25.9,0.2992,0.3182,0.3445,0.453,0.3358
2023-01-21,25.125,20.7,30.7,15.8167,57.6667,1.4504,1.9458,27.2667,21.762,10.4458,0.0,5.3,3.1467,-2.1468,-2.2703,100.8762,38.7917,25.8458,25.6667,25.5167,25.9,0.2902,0.3147,0.3435,0.4522,0.3338
2023-01-22,25.7708,20.2,32.3,16.85,59.9167,1.4896,2.16,28.7417,21.6036,10.3698,0.0,5.15,2.6133,-1.9221,-1.662,100.7504,33.6667,26.05,25.6583,25.5833,25.9,0.283,0.3117,0.3425,0.4518,0.3319
2023-01-23,27.1083,20.9,33.7,18.1458,61.5,1.6183,2.4367,30.2917,21.4128,10.2781,0.0,5.11,2.1033,-1.5325,-1.3227,100.655,18.2917,27.1917,26.325,25.6125,25.8208,0.2768,0.3087,0.3415,0.451,0.3301
2023-01-24,26.9125,22.1,32.9,18.175,60.5417,1.5279,2.07,29.5583,20.034,9.6163,0.0,5.56,3.4971,-2.5539,-2.3045,100.745,65.0,27.2458,26.7833,25.725,25.8,0.2726,0.306,0.3405,0.4506,0.3285
2023-01-25,23.6292,19.5,28.3,12.0167,48.5417,1.5492,1.8108,24.9833,21.4632,10.3024,0.3,5.66,4.6271,-3.2551,-3.2478,100.9062,54.6667,25.6125,26.3875,25.8042,25.8,0.2697,0.3037,0.3394,0.45,0.327
2023-01-26,24.8083,19.0,31.3,14.0417,52.2917,1.6092,2.1267,27.3167,21.15,10.1521,0.0,5.08,2.4633,-1.7717,-1.6485,100.8238,40.7083,25.6417,25.6667,25.8208,25.8,0.2682,0.3012,0.3384,0.4496,0.3257
2023-01-27,25.4417,19.6,31.4,16.1208,58.9583,1.4988,2.1242,28.0167,18.1476,8.7109,0.0,4.67,2.7267,-1.9685,-1.8379,100.7833,90.125,25.8917,25.7833,25.8,25.8,0.266,0.2993,0.3374,0.449,0.3244
2023-01-28,23.8792,20.1,28.0,12.9292,50.75,1.4938,1.6723,24.8385,21.3912,10.2677,0.0,5.63,4.9729,-3.3863,-3.6145,100.8479,29.4167,25.5167,25.9,25.8,25.8,0.264,0.2976,0.3364,0.4485,0.3232
2023-01-29,22.6958,18.3,27.4,10.9417,47.7917,1.4867,1.6815,24.0154,21.7548,10.4424,0.0,5.71,4.7729,-3.2228,-3.5002,100.9567,72.6667,24.5042,25.2167,25.8,25.8,0.2625,0.2961,0.3355,0.448,0.3221
2023-01-30,22.85,18.1,28.2,11.2708,48.3333,1.4875,1.7431,24.4538,21.7728,10.451,0.0,5.48,4.1204,-2.8155,-2.9896,101.0488,50.9167,24.4542,24.8333,25.7292,25.8,0.2615,0.2946,0.3345,0.4475,0.321
2023-01-31,25.1333,19.5,31.7,13.2083,48.6667,1.75,2.2546,27.6077,21.4092,10.2766,0.0,5.02,2.1162,-1.4919,-1.4442,100.8429,74.75,25.725,25.1667,25.6375,25.8,0.2605,0.2932,0.3335,0.447,0.3199
2023-02-01,26.9708,19.6,34.8,16.9792,58.0,1.7608,2.5908,30.3462,21.7116,10.4215,0.0,4.72,0.9358,-0.0343,0.0048,100.6892,76.8333,27.1542,26.0167,25.625,25.8,0.2596,0.2916,0.3325,0.4464,0.3188
2023-02-02,28.1542,22.1,34.9,19.5458,62.4583,1.6292,2.3638,30.8,17.982,8.6313,0.0,4.38,1.4296,-0.969,0.0833,100.6971,62.8333,28.2125,27.0875,25.7417,25.8,0.259,0.2905,0.3315,0.446,0.3178
2023-02-03,26.7583,24.0,32.3,23.7125,84.8333,0.6192,0.9469,28.2923,14.8824,7.1434,19.3,3.29,0.9358,-0.0743,0.2416,100.7637,65.75,27.7583,27.55,25.925,25.8,0.323,0.2909,0.3306,0.4453,0.3217
2023-02-04,26.4833,22.9,32.6,23.3667,84.6667,0.6388,1.0615,28.4077,18.2232,8.7471,1.0,3.93,1.0775,-0.354,0.2251,100.6967,80.7083,27.1708,27.0917,26.0458,25.8,0.4392,0.3135,0.3305,0.445,0.3345
2023-02-05,26.625,22.8,31.8,22.9292,81.8333,0.7317,1.1623,28.3615,18.5472,8.9028,1.9,3.9,0.7675,0.0903,0.1503,100.6904,52.5833,26.9208,26.8583,26.1208,25.8,0.4102,0.3191,0.33,0.445,0.3333
2023-02-06,27.0542,23.8,32.0,23.0833,81.125,0.7971,1.3438,29.1,19.1088,9.172,0.2,4.11,0.9204,0.357,0.5548,100.7067,69.5,27.2167,26.8458,26.2,25.8042,0.3947,0.3205,0.3297,0.444,0.3323
2023-02-07,26.4583,23.0,31.0,22.9917,82.875,0.6783,1.1231,28.1692,18.3204,8.7937,1.3,3.94,1.3146,0.2694,1.2122,100.7442,90.125,26.85,26.8417,26.2333,25.9,0.3776,0.32,0.3292,0.444,0.3307
2023-02-08,27.4458,22.8,33.5,22.9667,79.0833,0.9175,1.5223,29.6846,19.8504,9.5281,0.1,4.33,0.79,0.0372,0.5711,100.7113,51.5,27.425,26.8958,26.3,25.9,0.3655,0.3188,0.3288,0.4435,0.3293
2023-02-09,26.975,24.6,31.2,23.8625,84.125,0.6242,0.9969,28.4462,17.4168,8.36,2.0,3.72,1.2654,0.3659,1.1125,100.7296,46.125,27.2625,27.1542,26.3417,25.9,0.3562,0.3171,0.3285,0.443,0.328
2023-02-10,26.3,23.7,30.9,23.7417,86.7083,0.5108,0.8192,27.6385,17.28,8.2946,4.4,3.57,1.0988,0.5669,0.8541,100.7812,77.375,26.7708,26.9167,26.4,25.9,0.3688,0.3159,0.328,0.443,0.3283
2023-02-11,27.1833,23.2,31.7,23.0833,80.25,0.8212,1.3392,29.1231,19.5012,9.3606,0.3,4.19,1.1825,0.4134,1.0487,100.7838,59.3333,27.1833,26.7792,26.4,25.9,0.3818,0.3164,0.328,0.4425,0.3293
2023-02-12,27.3958,24.3,32.1,23.3042,80.2083,0.825,1.33,29.3,19.6128,9.4142,0.5,4.22,1.4612,0.6228,1.2602,100.8062,75.375,27.5208,27.1125,26.4417,25.9,0.3648,0.3155,0.3275,0.442,0.3276
2023-02-13,26.75,23.7,31.3,23.4458,83.375,0.6621,1.0885,28.5231,18.6984,8.9754,2.3,4.0,1.5283,0.3012,1.387,100.8017,79.7083,27.2625,27.1958,26.5,25.9,0.3574,0.3143,0.327,0.442,0.3265
2023-02-14,27.4042,23.7,33.0,23.8167,82.4167,0.7475,1.2138,29.3538,18.702,8.9768,1.0,4.04,1.0404,0.0916,0.8994,100.755,85.1667,27.6333,27.2542,26.5333,25.9,0.357,0.3131,0.3266,0.4411,0.3259
2023-02-15,25.0583,23.4,29.8,23.9375,93.9583,0.2167,0.3454,25.8154,9.6912,4.6517,27.0,1.94,1.1054,-0.8167,-0.2395,100.8767,74.125,26.3042,26.9208,26.6,25.9,0.4187,0.3353,0.3264,0.441,0.3347
2023-02-16,25.8667,22.5,30.2,19.9333,71.8333,1.0363,1.4654,27.6077,20.8548,10.0104,0.0,4.56,3.2896,-2.6791,-1.7371,100.9733,45.625,26.2125,26.3583,26.5542,25.9,0.4206,0.3869,0.3266,0.441,0.3458
2023-02-17,26.0167,22.9,30.7,18.0625,62.5,1.33,1.7162,27.9,22.7808,10.9348,0.0,5.32,2.865,-2.0959,-1.8758,100.9812,18.125,26.2958,26.2917,26.5,25.9,0.3913,0.381,0.3262,0.4404,0.3423
2023-02-18,26.0125,21.0,31.8,18.5917,65.6667,1.2988,1.8923,28.6385,22.356,10.731,0.0,5.01,2.0167,-1.2812,-1.5381,100.9108,68.25,26.2583,26.2292,26.4542,25.95,0.3683,0.3739,0.326,0.44,0.339
2023-02-19,26.6833,21.8,32.9,19.3917,66.8333,1.3275,1.96,29.3154,17.9244,8.6037,0.0,4.24,1.6454,-1.1725,-1.0482,100.8325,90.5833,26.7167,26.5,26.4083,26.0,0.3506,0.3673,0.3255,0.4396,0.3361
2023-02-20,26.325,21.1,31.6,18.8417,65.4583,1.3175,1.8638,28.5231,21.9708,10.546,0.0,5.04,2.205,-1.546,-1.5217,100.8596,57.6667,26.6625,26.5792,26.4,26.0,0.3356,0.3605,0.325,0.439,0.3332
2023-02-21,26.4625,21.4,32.1,18.7375,64.7917,1.3617,1.9323,28.8385,21.5856,10.3611,0.0,5.06,2.3654,-1.809,-1.465,100.9592,62.0833,26.7875,26.6792,26.4,26.0,0.322,0.3542,0.3245,0.4387,0.3306
2023-02-22,26.3042,20.4,32.5,17.8375,62.25,1.4754,2.1023,29.1077,22.1796,10.6462,0.0,5.2,2.3917,-1.804,-1.529,100.9579,59.4167,26.775,26.6458,26.4,26.0,0.3098,0.3476,0.3238,0.438,0.3278
2023-02-23,26.8542,20.6,33.0,18.45,63.1667,1.515,2.2531,29.9,22.3416,10.7239,0.0,5.09,1.7308,-1.2019,-1.1494,100.85,41.2083,27.325,26.9,26.45,26.0,0.2992,0.3417,0.3234,0.438,0.3256
2023-02-24,27.5375,20.4,34.7,16.925,57.5417,1.8767,2.8123,30.9385,24.7608,11.8851,0.0,5.84,1.9333,-1.402,-1.2236,100.8175,5.9583,27.775,27.2125,26.5,26.0,0.2904,0.3359,0.3225,0.4371,0.3231
2023-02-25,26.4375,22.2,31.9,15.5042,52.5833,1.7504,2.2777,28.7846,23.7708,11.41,0.0,5.94,3.4117,-2.5237,-2.1769,101.1138,47.9167,27.0625,27.1917,26.5542,26.0,0.2828,0.3299,0.3217,0.437,0.3207
2023-02-26,25.5333,20.8,30.6,14.0542,49.9167,1.7162,2.0138,27.0385,23.2452,11.1576,0.0,5.97,4.4233,-3.0095,-3.1785,101.3654,18.625,26.7833,26.9583,26.6,26.0,0.2772,0.3252,0.321,0.4361,0.3188
2023-02-27,25.4042,20.2,31.1,14.1375,50.5,1.6962,2.0792,27.3846,24.7572,11.8834,0.0,6.15,3.8512,-2.6736,-2.695,101.3312,5.8333,26.7,26.7125,26.6,26.0,0.2728,0.3206,0.3205,0.436,0.3172
2023-02-28,27.0792,21.6,33.3,15.8958,51.2917,1.8608,2.3254,29.3538,23.9832,11.512,0.0,6.05,3.1158,-2.1977,-2.1187,101.1829,41.625,27.5708,26.9208,26.6,26.0,0.2695,0.3162,0.3196,0.4353,0.3154
2023-03-01,28.4042,23.1,34.6,17.2833,52.7083,1.995,2.6638,31.1308,24.2388,11.6346,0.1,6.02,2.6771,-1.9267,-1.756,101.0979,52.75,28.5792,27.6125,26.6208,26.0,0.2669,0.3122,0.3187,0.435,0.3137
2023-03-02,28.4125,22.9,34.2,18.6833,57.0417,1.7992,2.4077,30.7923,21.2904,10.2194,0.0,5.33,2.4883,-1.876,-1.6013,101.0904,78.375,28.85,28.15,26.7292,26.0292,0.2652,0.3087,0.318,0.4342,0.3123
2023-03-03,28.4375,24.1,33.8,15.9458,47.875,2.1204,2.6369,30.4231,24.1452,11.5897,0.0,6.06,2.9646,-2.1393,-2.0005,101.2221,76.4167,29.1375,28.4583,26.8625,26.1,0.2632,0.3056,0.3175,0.434,0.3112
2023-03-04,26.8667,21.2,33.2,15.5542,52.0,1.8658,2.5046,29.5385,25.2108,12.1012,0.0,5.92,2.6392,-2.0677,-1.5407,101.2996,64.8333,28.1417,28.1417,26.9958,26.1,0.2616,0.3026,0.3166,0.4331,0.3098
2023-03-05,26.875,22.2,32.9,15.3875,51.0833,1.8754,2.4554,29.4385,23.6592,11.3562,0.0,5.75,2.9338,-2.1468,-1.896,101.2529,14.125,27.8375,27.7917,27.0208,26.1,0.2605,0.3,0.3157,0.4329,0.3085
2023-03-06,26.7958,20.4,33.3,16.1625,55.0417,1.7929,2.4892,29.6923,24.7428,11.8766,0.0,5.73,2.3492,-1.8482,-1.365,101.1283,6.7083,27.9542,27.7167,27.1,26.1,0.2596,0.2976,0.315,0.432,0.3075
2023-03-07,27.2375,20.6,34.5,16.2917,54.5417,1.9004,2.7477,30.7769,24.4584,11.74,0.0,5.46,1.4096,-1.1541,-0.616,101.0625,10.1667,28.3083,27.8292,27.1,26.1,0.2587,0.2952,0.3145,0.4318,0.3065
2023-03-08,28.1542,21.8,35.3,18.8542,62.25,1.7438,2.6877,31.4231,25.5132,12.2463,0.0,5.63,1.2883,-0.6723,0.0635,101.0396,17.2083,28.875,28.1667,27.1292,26.1,0.2582,0.2932,0.3135,0.431,0.3054
2023-03-09,28.3792,24.0,35.0,21.3208,70.25,1.395,2.2562,31.0154,22.4208,10.7619,0.0,4.94,1.4337,-0.5566,0.46,100.9329,32.0417,29.1125,28.525,27.225,26.1417,0.258,0.2916,0.3127,0.4307,0.3044
2023-03-10,28.6042,23.7,34.5,21.3083,69.3333,1.4392,2.3162,31.1538,23.2884,11.1784,0.0,5.11,1.3692,-0.4326,-0.1257,100.8771,29.9167,29.5792,28.85,27.3292,26.2,0.258,0.2904,0.312,0.43,0.3037
2023-03-11,28.3583,24.6,34.8,22.4708,73.875,1.2042,1.9454,30.7692,23.1228,11.0989,0.2,5.15,1.3875,0.325,1.0834,100.8896,57.0833,29.7833,29.1458,27.4417,26.2,0.2602,0.2887,0.3115,0.4299,0.3031
2023-03-12,27.3208,24.8,31.4,23.3542,80.0,0.7908,1.1869,28.9385,17.5032,8.4015,2.4,3.76,1.0854,0.2755,0.9367,100.9104,70.4167,28.75,28.9292,27.575,26.2,0.2685,0.288,0.311,0.429,0.3032
2023-03-13,27.95,23.9,32.8,20.7333,67.9167,1.36,1.99,29.8923,20.7468,9.9584,1.2,4.65,1.8217,-1.3501,-0.5962,100.9075,59.3333,28.5125,28.4083,27.6,26.2,0.2855,0.2875,0.3106,0.429,0.304
2023-03-14,27.7,22.8,33.8,18.5125,60.5417,1.6504,2.4146,30.1923,23.9436,11.4929,0.0,5.52,1.955,-1.2905,-0.6398,100.7579,47.0,28.4792,28.225,27.6,26.2458,0.2806,0.2866,0.31,0.4285,0.303
2023-03-15,27.2,23.9,32.1,21.6958,74.0833,1.0467,1.5815,29.0923,21.78,10.4544,0.1,4.83,1.3221,0.2174,1.0777,100.8021,62.7917,28.2125,28.2458,27.6,26.3,0.2758,0.286,0.3095,0.428,0.3022
2023-03-16,27.5,23.9,32.9,21.9667,74.4583,1.0817,1.7115,29.6769,20.7036,9.9376,0.2,4.64,1.3675,0.256,1.2413,100.9154,89.25,28.3667,28.1375,27.6,26.3,0.2745,0.2854,0.309,0.4277,0.3016
2023-03-17,27.5625,23.2,33.3,22.4375,76.25,1.0188,1.6315,29.6923,21.9924,10.5563,0.2,4.92,1.4667,0.321,1.3028,100.8738,87.7083,28.6792,28.3083,27.6167,26.3,0.2728,0.2846,0.3086,0.427,0.301
2023-03-18,28.0958,24.3,33.3,22.6583,74.8333,1.0979,1.7308,30.2692,22.8348,10.9608,0.4,5.13,1.425,0.5652,1.2403,100.765,50.7917,29.0458,28.5333,27.7,26.3,0.2731,0.284,0.308,0.427,0.3005
2023-03-19,27.9958,25.0,32.6,23.375,77.6667,0.9417,1.4546,29.8692,21.0636,10.1103,1.6,4.59,1.5354,0.3595,1.4037,100.6996,52.125,29.0542,28.75,27.7,26.3667,0.2782,0.284,0.3076,0.4264,0.3006
2023-03-20,27.9625,25.2,32.3,23.8333,79.375,0.85,1.2977,29.6846,21.7476,10.4389,2.6,4.77,1.6192,0.9035,1.2539,100.6579,51.7083,28.8,28.6292,27.7792,26.4,0.2901,0.2834,0.3074,0.426,0.3012
2023-03-21,28.3,25.0,33.2,23.7458,78.2083,0.9562,1.5538,30.4615,22.0824,10.5995,1.0,4.89,1.9617,0.6907,1.7705,100.64,54.4583,29.1375,28.6917,27.8,26.4,0.2945,0.283,0.307,0.4257,0.3011
2023-03-22,28.475,25.1,33.9,23.2708,76.1667,1.0846,1.8008,30.8615,24.1272,11.581,0.0,5.45,2.2267,1.0438,1.902,100.5129,46.5,29.5667,28.9458,27.825,26.4,0.2907,0.283,0.3066,0.425,0.3005
2023-03-23,28.2625,24.4,33.8,22.9792,75.8333,1.0967,1.8162,30.8308,24.8076,11.9076,0.0,5.6,2.4492,0.78,2.2679,100.5346,31.1667,29.4917,29.0792,27.9,26.4042,0.2818,0.2825,0.306,0.425,0.2994
2023-03-24,28.2875,23.8,33.8,23.1167,76.1667,1.0775,1.7585,30.7692,24.6636,11.8387,0.0,5.54,2.1488,0.5243,2.0049,100.5712,35.0417,29.2958,29.0042,27.9375,26.5,0.2757,0.282,0.3056,0.4244,0.2985
2023-03-25,28.5292,24.3,34.3,22.7583,74.125,1.1958,1.97,31.1538,23.8176,11.4325,0.1,5.51,2.3317,0.5962,2.174,100.6304,55.875,29.5875,29.1042,28.0,26.5,0.2712,0.282,0.305,0.424,0.2978
2023-03-26,28.6958,24.8,34.5,23.2958,74.9583,1.1342,1.8046,31.0538,23.7168,11.384,0.8,5.46,2.275,0.7345,2.0858,100.5912,52.2917,29.9167,29.3625,28.0875,26.5,0.2699,0.2815,0.3046,0.4235,0.2973
2023-03-27,28.9042,24.9,35.4,23.6167,75.2917,1.1383,1.8054,31.4231,22.7916,10.9399,1.4,5.24,2.0129,0.4758,1.873,100.5904,38.9167,29.9833,29.475,28.125,26.5,0.2738,0.281,0.304,0.423,0.2971
2023-03-28,28.6167,25.2,35.5,23.8917,77.4583,1.0108,1.59,30.7538,21.87,10.4976,4.7,4.94,1.8454,0.1599,1.792,100.7333,44.6667,29.875,29.5708,28.2083,26.5875,0.286,0.281,0.304,0.4226,0.2979
2023-03-29,26.8125,24.3,31.1,24.3208,86.7917,0.5033,0.7346,28.0385,18.0648,8.6711,24.8,3.68,1.3167,0.0273,1.0954,100.8333,65.5833,28.1917,28.9958,28.3,26.6,0.3664,0.2925,0.304,0.422,0.3059
2023-03-30,27.1875,23.7,32.4,23.8833,83.0,0.6829,1.0485,29.1231,22.6476,10.8707,7.2,4.72,1.135,0.2841,0.7296,100.6579,63.375,28.0958,28.1792,28.2125,26.6,0.4009,0.3288,0.3039,0.422,0.3159
2023-03-31,27.525,24.4,32.6,24.1917,83.0,0.7017,1.1146,29.4231,21.6972,10.4146,4.1,4.61,1.7246,0.2147,1.609,100.645,92.7917,28.3625,28.2583,28.1458,26.6,0.4076,0.3321,0.3035,0.422,0.3168
2023-04-01,27.3542,24.7,31.6,24.3583,84.5833,0.6233,0.9969,29.1308,20.6244,9.8996,3.3,4.34,1.8021,0.2189,1.7059,100.6329,80.5833,28.2458,28.2833,28.1,26.6792,0.4035,0.3323,0.303,0.4215,0.3162
2023-04-02,27.9792,24.7,32.6,23.2667,77.8333,0.9575,1.5615,30.0846,23.7564,11.403,0.1,5.1,2.1529,0.7737,1.9112,100.5887,33.0833,28.5583,28.2917,28.1,26.7,0.3939,0.332,0.303,0.421,0.3154
2023-04-03,27.9542,23.7,32.3,23.9417,80.1667,0.8408,1.3169,29.9923,23.9904,11.5154,0.0,5.19,2.3483,0.6476,2.1475,100.5483,61.7083,28.4875,28.3375,28.0333,26.7,0.3685,0.3294,0.303,0.421,0.3131
2023-04-04,28.075,24.2,33.1,23.7708,79.3333,0.9012,1.4723,30.2692,23.5044,11.2822,0.8,5.17,2.2092,0.4618,2.0325,100.4983,59.3333,28.85,28.5417,28.0,26.7,0.3501,0.3261,0.303,0.4205,0.3111
2023-04-05,28.4917,24.6,33.5,24.3333,79.9167,0.9017,1.4785,30.8154,23.688,11.3701,0.3,5.27,2.3704,0.2705,2.2646,100.5167,69.0833,29.1708,28.7583,28.025,26.7,0.3364,0.3226,0.3026,0.42,0.3092
2023-04-06,28.9625,25.0,33.8,24.5042,78.6667,0.9771,1.57,31.2385,23.7204,11.3857,1.2,5.3,1.7992,0.1421,1.6776,100.5671,49.5,29.6583,29.0833,28.1,26.7958,0.3252,0.319,0.302,0.42,0.3072
2023-04-07,27.4542,24.9,32.3,24.7917,86.25,0.5592,0.8738,28.8538,17.6796,8.4861,6.8,3.64,1.2621,-0.3363,1.0581,100.7612,69.625,28.6958,29.0625,28.1333,26.8,0.3348,0.3162,0.302,0.4195,0.3073
2023-04-08,27.8917,24.0,34.8,24.3458,82.7917,0.7708,1.2446,30.0846,22.158,10.6358,11.0,4.75,0.9808,-0.4705,0.6517,100.9171,56.75,28.6583,28.5417,28.1292,26.8,0.3925,0.3165,0.302,0.419,0.3114
2023-04-09,28.1458,24.7,32.5,24.6917,82.5833,0.735,1.1638,29.9769,22.0032,10.5616,4.2,4.75,0.9388,0.2292,0.5415,100.9288,68.625,28.7375,28.5375,28.1,26.8,0.4312,0.3256,0.302,0.419,0.316
2023-04-10,28.1292,25.4,31.7,25.0125,84.0,0.665,1.0462,29.7462,20.8584,10.012,3.4,4.42,1.4679,0.4327,1.3078,100.7842,92.25,28.85,28.675,28.1,26.8042,0.4137,0.3295,0.302,0.419,0.3156
2023-04-11,28.3125,25.3,32.4,24.9542,82.9583,0.72,1.1269,30.0308,21.6612,10.3973,1.0,4.64,2.0658,0.7394,1.849,100.6862,72.8333,28.9667,28.7,28.1083,26.9,0.3941,0.3299,0.302,0.4182,0.3143
2023-04-12,28.7667,25.3,33.3,25.2458,82.625,0.7796,1.2723,30.8,22.3668,10.7361,1.8,4.79,2.1254,0.4715,1.9784,100.5821,53.2083,29.3625,28.9208,28.1833,26.9,0.3742,0.3279,0.3015,0.418,0.3121
2023-04-13,28.5083,25.4,33.3,25.2625,83.8333,0.7092,1.1554,30.3538,19.7676,9.4887,2.2,4.22,1.9296,-0.1064,1.8658,100.5867,88.1667,29.2333,29.0583,28.2,26.9,0.3632,0.3256,0.301,0.418,0.3105
2023-04-14,28.9583,25.1,33.4,25.2625,81.7917,0.8304,1.3315,31.1923,20.8152,9.9914,0.6,4.59,2.0854,0.3025,1.9366,100.5217,63.4167,29.375,28.9917,28.2083,26.9,0.3544,0.3233,0.301,0.4175,0.3094
2023-04-15,29.1167,24.8,34.1,24.9625,79.8333,0.925,1.4715,31.4,20.9736,10.0674,0.3,4.79,2.1612,0.5071,1.8429,100.4621,62.25,29.6708,29.225,28.3,26.9,0.3397,0.3205,0.301,0.417,0.3078
2023-04-16,28.0083,25.8,31.1,24.6125,82.625,0.6996,1.0408,29.2154,14.3352,6.881,2.3,3.26,1.9354,0.2688,1.662,100.5175,99.2917,28.7375,29.0833,28.3,26.9958,0.3388,0.3181,0.301,0.417,0.3072
2023-04-17,28.5667,24.1,34.0,24.0417,78.4583,0.9758,1.5838,31.0308,23.4,11.2321,0.1,5.36,1.8871,0.0161,1.6362,100.6021,76.1667,29.2458,28.7917,28.3,27.0,0.3301,0.3157,0.3009,0.4165,0.306
2023-04-18,28.9625,25.3,33.9,24.4375,78.25,0.9808,1.57,31.1154,24.1848,11.6089,0.8,5.41,1.9875,0.2952,1.8471,100.6425,45.4167,29.7542,29.2292,28.3167,27.0,0.3175,0.3126,0.3005,0.416,0.3042
2023-04-19,29.0458,25.5,33.4,24.9542,80.25,0.8967,1.4677,31.1,22.8204,10.9537,1.2,5.1,2.4629,0.8785,2.181,100.3967,40.0417,29.875,29.4458,28.4,27.0,0.3111,0.31,0.3,0.416,0.3029
2023-04-20,28.8375,25.7,32.9,25.1042,81.625,0.8133,1.3215,30.7615,22.1472,10.6306,2.3,4.88,2.7879,0.7873,2.5292,100.2442,41.0,29.6667,29.45,28.425,27.0208,0.3118,0.3077,0.3,0.4155,0.3024
2023-04-21,29.3583,26.4,34.2,24.7917,78.25,1.0029,1.6377,31.4154,23.1876,11.13,0.5,5.24,2.5888,0.5018,2.4697,100.2662,41.5,30.2417,29.6208,28.5,27.1,0.3072,0.3054,0.2997,0.415,0.3014
2023-04-22,29.0583,25.4,33.8,25.1083,81.125,0.88,1.4731,31.3846,23.2416,11.1559,1.6,5.15,2.3454,0.2458,2.2336,100.3425,42.5833,29.9917,29.6625,28.5375,27.1,0.3018,0.3031,0.2994,0.415,0.3004
2023-04-23,29.4375,25.8,34.6,24.875,78.5,1.0167,1.6677,31.7308,23.1516,11.1128,0.9,5.25,1.8854,0.2215,1.7781,100.5258,35.9167,30.3208,29.7833,28.6042,27.1,0.2983,0.301,0.299,0.4144,0.2994
2023-04-24,30.0375,26.5,35.0,24.8417,76.0,1.1733,1.8908,32.3846,23.2488,11.1592,4.6,5.07,0.8279,-0.0877,0.0505,100.6871,54.9167,30.8917,30.1292,28.7,27.1,0.3061,0.299,0.299,0.414,0.2995
2023-04-25,28.9625,25.6,34.7,25.5375,83.625,0.7846,1.32,31.1615,22.6512,10.8726,36.0,4.91,0.8521,0.0286,0.4667,100.5425,84.5,30.3333,30.2083,28.7917,27.1792,0.3785,0.3172,0.2987,0.414,0.3081
2023-04-26,26.5542,24.3,29.1,24.7958,90.5,0.3533,0.5362,27.1923,10.3176,4.9523,14.4,2.2,0.7938,-0.0749,-0.1997,100.625,97.4167,28.1708,29.1375,28.8,27.2,0.4562,0.441,0.2994,0.4136,0.3401
2023-04-27,27.9583,24.1,33.5,24.575,83.4167,0.7338,1.2377,30.2077,22.4028,10.7534,3.1,4.84,1.2712,-0.4988,0.0998,100.6246,60.3333,28.6375,28.5417,28.7333,27.2,0.4526,0.4442,0.3012,0.413,0.3419
2023-04-28,28.2875,25.5,32.7,25.6625,86.7083,0.5779,0.9385,29.9538,21.042,10.1001,6.2,4.49,0.8567,0.082,0.7534,100.6387,83.3333,28.8792,28.7792,28.7,27.2,0.461,0.4364,0.3025,0.413,0.3417
2023-04-29,28.0125,25.2,31.8,25.3458,86.0417,0.5779,0.8946,29.6,20.9628,10.0621,4.6,4.43,1.3333,0.2172,1.1942,100.5458,81.5417,28.7708,28.775,28.6208,27.2542,0.461,0.4347,0.3036,0.413,0.3422
2023-04-30,27.4292,25.3,30.3,25.2958,88.6667,0.4467,0.6915,28.5769,14.3532,6.8895,7.0,2.9,1.2171,-0.7371,-0.4112,100.5592,98.8333,28.275,28.5417,28.6,27.3,0.4703,0.4361,0.3046,0.413,0.3438
2023-05-01,27.4208,24.5,32.1,24.8083,86.375,0.5496,0.8585,29.0846,19.962,9.5818,15.5,4.23,1.1317,-0.6713,-0.2339,100.5825,81.875,28.225,28.35,28.5167,27.3,0.4639,0.4519,0.3061,0.4125,0.3478
2023-05-02,28.0458,24.8,33.1,25.2625,85.875,0.6108,0.9792,29.8769,22.068,10.5927,4.3,4.7,0.6729,-0.1158,0.0912,100.6371,90.5,28.5958,28.4042,28.4417,27.3,0.4626,0.4618,0.309,0.412,0.3518
2023-05-03,28.35,25.1,32.5,25.675,86.125,0.5908,0.8923,29.9615,20.8944,10.0293,1.3,4.46,1.1362,0.622,0.8955,100.7346,68.9583,28.7333,28.5792,28.4,27.3,0.4587,0.4506,0.311,0.412,0.3507
2023-05-04,28.45,25.2,31.9,25.6167,85.2083,0.6208,0.8836,29.6643,22.1076,10.6116,3.6,4.65,1.4462,0.5962,1.2528,100.5617,43.0,28.8125,28.7,28.4,27.3083,0.4464,0.4404,0.3123,0.412,0.3486
2023-05-05,28.9208,26.1,32.8,25.4958,82.625,0.7554,1.1193,30.4143,22.5684,10.8329,1.3,4.87,2.1488,0.9084,1.8786,100.3254,37.25,29.225,28.8792,28.4,27.4,0.4366,0.4312,0.313,0.412,0.3465
2023-05-06,29.5,25.8,34.1,26.0583,82.9583,0.8017,1.2314,31.2929,23.8716,11.4583,1.5,5.3,2.0842,0.4722,1.8957,100.1833,53.625,29.7583,29.1917,28.4167,27.4,0.4205,0.4215,0.314,0.4115,0.344
2023-05-07,29.8083,27.4,33.2,26.2417,82.25,0.8171,1.2429,31.2857,23.1984,11.1352,0.6,5.09,2.5962,0.6609,2.4202,100.1875,66.2083,30.1417,29.65,28.5042,27.4,0.4042,0.4118,0.314,0.411,0.3408
2023-05-08,29.275,26.2,32.9,26.0042,83.4167,0.7412,1.1193,30.6857,22.122,10.6185,2.2,4.53,2.2712,-0.1514,2.1167,100.3254,83.2083,29.8458,29.6375,28.6,27.4,0.3922,0.4024,0.314,0.411,0.338
2023-05-09,28.225,25.6,32.3,25.4,85.3333,0.6075,0.8779,29.4071,19.728,9.4693,12.0,4.3,1.0462,-0.0285,0.5202,100.4538,91.4583,29.2667,29.4083,28.625,27.4,0.4257,0.3996,0.314,0.411,0.3398
2023-05-10,27.6833,25.2,31.6,25.3458,87.7917,0.4967,0.6814,28.5143,15.246,7.318,9.4,3.17,0.6679,-0.0301,-0.0207,100.5762,97.875,28.4417,28.7917,28.6333,27.4208,0.4475,0.4399,0.3145,0.4107,0.3502
2023-05-11,29.1458,25.3,33.7,24.3125,76.7917,1.0442,1.505,30.65,22.2012,10.6566,0.7,4.82,1.0079,-0.125,0.1036,100.6462,96.2083,29.1708,28.7583,28.6,27.5,0.4279,0.4416,0.316,0.41,0.3502
2023-05-12,28.1417,25.8,31.3,25.3625,85.4583,0.5892,0.8057,29.1571,18.1332,8.7038,13.8,3.81,1.4983,0.1103,1.1203,100.6871,90.875,28.8417,28.9708,28.6,27.5,0.4486,0.4333,0.3168,0.41,0.3505
2023-05-13,28.7417,25.1,32.7,24.4208,79.0,0.9229,1.3586,30.3571,24.0552,11.5465,0.4,5.24,1.7729,0.1982,1.2815,100.6929,79.75,29.0417,28.8,28.6,27.5,0.4538,0.4357,0.3177,0.41,0.352
2023-05-14,27.775,25.7,31.0,24.7917,84.2917,0.6175,0.8143,28.75,19.0368,9.1376,5.4,4.06,2.0079,0.1836,1.7691,100.6917,72.7083,28.2875,28.6167,28.5542,27.5,0.449,0.4286,0.318,0.41,0.3504
2023-05-15,27.8667,25.3,31.2,25.3958,86.9167,0.5308,0.7857,29.25,21.4164,10.2798,5.9,4.45,2.0008,0.6024,1.7825,100.7471,58.875,28.5542,28.5083,28.5,27.5,0.4405,0.4241,0.3188,0.4095,0.3494
2023-05-16,28.0625,24.6,31.8,25.225,85.4167,0.6146,0.9021,29.6429,22.0968,10.6066,2.6,4.61,1.9688,0.5544,1.7337,100.7775,46.0417,28.5917,28.5083,28.5,27.5083,0.4389,0.4188,0.319,0.409,0.3484
2023-05-17,28.475,25.2,32.4,25.1917,83.4583,0.7183,1.0779,29.9786,21.2148,10.183,5.4,4.47,1.9346,0.8411,1.575,100.7767,54.9167,28.9042,28.6833,28.4708,27.6,0.4298,0.4131,0.319,0.409,0.3465
2023-05-18,29.4125,26.0,33.8,25.2458,79.7917,0.9267,1.3921,31.1286,23.238,11.1541,1.9,5.12,2.0417,1.1452,1.3994,100.6779,57.0833,29.6417,29.1083,28.5,27.6,0.4179,0.4068,0.319,0.409,0.3444
2023-05-19,29.7708,26.7,34.3,24.9708,77.0833,1.0608,1.5636,31.3643,24.4908,11.7557,0.8,5.51,1.9942,0.9842,1.4277,100.4892,54.6667,30.0625,29.5042,28.5167,27.6,0.4015,0.399,0.319,0.4087,0.3416
2023-05-20,29.4667,25.6,34.4,24.7708,78.125,1.0338,1.5536,31.2,24.5448,11.7815,2.6,5.42,1.69,0.4162,1.3488,100.45,68.0,30.2583,29.7792,28.6125,27.6,0.4031,0.3915,0.319,0.408,0.3401
2023-05-21,28.8458,25.8,32.6,24.8875,80.25,0.8533,1.2457,30.3143,18.9936,9.117,1.0,4.33,2.3471,0.0835,2.2289,100.5721,94.25,29.5167,29.5958,28.7,27.6,0.3862,0.3853,0.3186,0.408,0.3373
2023-05-22,28.3208,26.4,31.7,25.5042,85.2917,0.6054,0.8436,29.4643,17.2728,8.2909,4.3,3.75,2.4621,0.0711,2.3836,100.6579,91.2917,28.9833,29.1875,28.7,27.6,0.3842,0.38,0.318,0.408,0.3356
2023-05-23,28.1417,26.1,31.7,25.6917,87.0833,0.5271,0.7443,29.2571,16.0488,7.7033,9.6,3.29,1.7929,0.093,1.6763,100.6488,98.3333,28.7125,28.9167,28.7,27.6583,0.409,0.3774,0.318,0.408,0.3368
2023-05-24,27.4875,25.1,31.1,25.3875,88.7083,0.4442,0.635,28.5214,17.6544,8.4741,17.0,3.59,1.6888,0.1176,1.5149,100.6158,96.75,28.1875,28.5125,28.6958,27.7,0.4309,0.3892,0.318,0.408,0.3408
2023-05-25,27.0042,24.6,29.9,25.6625,92.625,0.2829,0.385,27.9929,13.914,6.6786,20.5,2.86,1.5808,0.1108,1.4415,100.6646,99.3333,27.7667,28.1167,28.6,27.7,0.486,0.4561,0.3195,0.4074,0.3599
2023-05-26,28.0167,24.8,32.6,25.6042,87.2083,0.5342,0.7821,29.45,22.5,10.8,4.1,4.82,1.7617,0.1065,1.5498,100.5896,65.375,28.5042,28.225,28.5042,27.7,0.4754,0.4605,0.3224,0.407,0.3621
2023-05-27,27.6875,25.2,31.8,25.6625,89.125,0.44,0.65,28.9143,19.2276,9.2294,12.1,4.0,1.3608,0.0368,1.1834,100.4271,93.8333,28.4083,28.4833,28.5,27.7,0.4635,0.4639,0.3245,0.407,0.3635
2023-05-28,26.3667,25.2,27.9,25.4375,94.6667,0.1875,0.2386,26.8929,11.2536,5.4017,31.4,2.32,1.1708,-0.4176,0.8331,100.3496,96.875,27.325,28.0125,28.4208,27.7,0.4787,0.4857,0.3376,0.407,0.3786
2023-05-29,26.3708,24.4,28.7,25.3417,94.1667,0.2088,0.2629,27.1357,14.04,6.7393,17.2,2.8,1.2892,-0.2403,1.0912,100.4417,98.0,27.2542,27.5458,28.325,27.7,0.4795,0.4922,0.3586,0.407,0.3951
2023-05-30,27.0375,24.3,31.2,25.1458,89.9167,0.3962,0.5529,28.2143,19.5552,9.3867,9.1,4.06,1.8775,0.4889,1.6012,100.445,89.3333,27.6292,27.6292,28.2125,27.7,0.4903,0.4912,0.371,0.407,0.4046
2023-05-31,27.4708,24.7,30.5,25.2625,88.1667,0.4642,0.64,28.5857,17.658,8.4758,13.2,3.74,2.3138,0.8652,2.0575,100.3954,90.25,27.7542,27.7708,28.1292,27.7,0.4987,0.489,0.3766,0.407,0.4088
2023-06-01,27.8083,25.2,31.5,25.6833,88.625,0.4625,0.6757,29.0357,20.3688,9.7771,10.0,4.26,2.2438,1.2479,1.7383,100.3667,89.3333,28.3708,28.1167,28.1,27.7375,0.4946,0.4912,0.3828,0.407,0.4134
2023-06-02,28.1042,25.2,31.1,25.425,86.0417,0.5788,0.8279,29.3143,21.3732,10.2593,7.5,4.59,2.5283,1.121,2.1028,100.44,72.5833,28.5,28.2958,28.1,27.8,0.494,0.4919,0.3899,0.407,0.4186
2023-06-03,27.8417,25.0,31.5,25.3417,86.75,0.5329,0.735,28.95,20.6928,9.9325,11.0,4.34,2.5625,0.849,2.258,100.5458,78.0833,28.3917,28.3708,28.1,27.8,0.4968,0.4876,0.3942,0.407,0.421
2023-06-04,27.95,24.9,31.0,25.2917,86.1667,0.5658,0.8171,29.1286,20.5308,9.8549,2.5,4.12,2.4712,1.0346,2.0925,100.5125,89.9583,28.4083,28.35,28.1,27.8,0.4831,0.4886,0.4,0.4064,0.4244
2023-06-05,26.575,24.7,28.8,25.3625,93.1667,0.2462,0.2807,26.9643,13.158,6.3157,18.0,2.65,2.2104,0.8066,1.9213,100.4283,99.7917,27.4542,28.0083,28.1,27.8,0.4842,0.4884,0.4079,0.406,0.4302
2023-06-06,25.8125,24.3,28.0,25.0583,95.75,0.1508,0.2179,26.3571,11.88,5.7025,20.6,2.26,2.52,0.8734,2.2874,100.4137,99.5833,26.7667,27.3667,28.0583,27.8,0.4772,0.492,0.4265,0.406,0.4438
2023-06-07,25.6958,24.5,27.0,25.225,97.4167,0.0921,0.1469,26.3154,10.1808,4.8867,20.4,2.04,2.3954,0.9409,2.1459,100.5158,99.125,26.5,26.975,27.9417,27.8,0.4748,0.4942,0.451,0.4062,0.4618
2023-06-08,25.5458,24.3,28.4,24.8667,96.0833,0.1362,0.2164,26.1429,12.2616,5.8854,23.2,2.54,2.6783,1.571,2.1283,100.5658,99.2083,26.3583,26.775,27.8167,27.8,0.4806,0.4961,0.4717,0.407,0.4774
2023-06-09,25.475,24.4,27.2,24.975,96.9167,0.1017,0.1543,25.9786,11.2896,5.4188,20.0,2.17,2.1617,1.1969,1.681,100.4988,99.5,26.3083,26.6833,27.6708,27.8,0.4916,0.5013,0.4902,0.4075,0.4926
2023-06-10,25.875,24.2,28.0,24.9292,94.5417,0.1883,0.2629,26.4857,15.462,7.4217,19.9,3.0,2.5212,1.5947,1.8822,100.3867,99.4583,26.4625,26.6375,27.5542,27.8,0.4852,0.5018,0.5045,0.4097,0.5026
2023-06-11,25.5958,23.9,27.8,24.9167,95.9583,0.1346,0.185,26.15,11.9772,5.749,19.6,2.42,2.6458,1.1225,2.3319,100.3842,99.8333,26.3042,26.6417,27.4583,27.8,0.4937,0.4832,0.5106,0.4163,0.5036
2023-06-12,26.2917,24.7,29.4,24.975,92.625,0.2729,0.41,27.2071,18.0972,8.6867,18.3,3.55,3.0196,1.8254,2.3444,100.4162,97.75,26.875,26.7875,27.4,27.8,0.4932,0.4823,0.5073,0.4228,0.5011
2023-06-13,26.3875,24.6,29.1,24.8625,91.625,0.3071,0.4464,27.2429,16.5924,7.9644,18.8,3.35,3.1221,1.928,2.3929,100.49,85.75,26.8125,26.9125,27.325,27.8,0.4649,0.4926,0.5117,0.4275,0.5044
2023-06-14,27.0917,24.1,30.6,25.0458,89.0833,0.43,0.6157,28.2929,20.1024,9.649,6.5,4.12,2.5358,1.4824,2.0129,100.6438,89.125,27.4083,27.1208,27.3,27.8,0.4437,0.4576,0.5099,0.4366,0.4943
2023-06-15,27.3958,25.3,30.4,24.9667,87.0,0.5004,0.6836,28.4,19.9116,9.5576,11.3,4.12,2.4617,1.4569,1.9187,100.58,97.75,27.6583,27.5208,27.3208,27.7083,0.467,0.4532,0.5022,0.4392,0.4895
2023-06-16,26.6542,24.3,29.7,25.2333,92.2083,0.295,0.4264,27.6214,16.2792,7.8141,8.9,3.35,2.1488,0.8193,1.9162,100.5079,97.7083,27.2875,27.4208,27.4,27.7,0.4798,0.469,0.4978,0.4407,0.4905
2023-06-17,26.225,24.5,29.1,25.1,93.7083,0.2271,0.33,27.0714,15.1164,7.2556,14.0,3.15,2.3567,0.7776,2.159,100.5833,99.625,26.9042,27.1583,27.4,27.7,0.478,0.4921,0.4974,0.4422,0.4949
2023-06-18,25.5,24.5,27.7,24.8208,95.9583,0.1325,0.2,26.0429,10.8,5.1839,19.9,2.07,2.9371,1.4879,2.4997,100.6662,99.9167,26.3792,26.8458,27.35,27.7,0.4826,0.4964,0.5063,0.4447,0.5026
2023-06-19,26.6875,23.7,30.3,24.8583,90.2917,0.3796,0.5593,27.8929,16.326,7.8364,4.5,3.38,1.7946,0.4755,1.5894,100.5754,99.3333,26.9708,26.7708,27.3,27.7,0.4958,0.4971,0.5076,0.4485,0.5046
2023-06-20,27.3875,24.8,31.0,25.2083,88.375,0.4629,0.6664,28.6857,21.4524,10.2972,7.3,4.31,1.9621,0.7915,1.6921,100.5842,85.625,27.6333,27.2875,27.3,27.7,0.4878,0.4872,0.5039,0.4508,0.4993
2023-06-21,27.5125,25.0,30.9,25.05,87.0,0.52,0.7736,28.8143,21.4704,10.3059,5.9,4.41,1.7312,0.4068,1.5782,100.6496,85.2083,27.8292,27.6208,27.3083,27.7,0.4815,0.4795,0.5004,0.4525,0.4947
2023-06-22,27.5333,24.5,31.2,24.7875,85.875,0.5808,0.8893,29.0071,21.8988,10.5114,1.6,4.5,1.6471,0.716,1.2168,100.6421,57.5833,27.9458,27.7417,27.4,27.7,0.4711,0.4721,0.497,0.4538,0.4899
2023-06-23,28.2417,24.9,32.4,25.2083,84.6667,0.6604,1.0086,29.8214,22.7628,10.926,3.5,4.89,1.4596,0.4296,0.9048,100.4683,68.7917,28.4417,27.9958,27.4333,27.7,0.4608,0.4636,0.4935,0.4547,0.485
2023-06-24,27.6125,24.7,32.0,25.525,89.0833,0.4596,0.6914,28.9714,20.3976,9.7908,15.3,4.26,1.3883,0.4594,0.8188,100.4262,96.8333,28.4792,28.2833,27.5375,27.7,0.4834,0.4714,0.4907,0.4551,0.4861
2023-06-25,27.8083,25.5,31.6,25.4875,87.875,0.5004,0.7529,28.9857,19.7028,9.4573,8.6,4.16,1.1871,0.362,0.8466,100.4421,99.75,28.3417,28.2083,27.625,27.7,0.4883,0.487,0.4895,0.456,0.4889
2023-06-26,27.6958,24.5,32.2,25.0417,86.7083,0.57,0.9007,29.1143,21.4164,10.2799,13.7,4.59,1.5117,0.7452,0.8334,100.4762,98.875,28.3417,28.1958,27.7,27.7,0.4707,0.4867,0.4961,0.4567,0.4924
2023-06-27,27.5375,24.5,31.7,24.9083,86.6667,0.5567,0.8371,28.7786,18.504,8.8818,11.1,3.95,1.0762,0.2591,0.6778,100.4921,99.125,28.2,28.1583,27.75,27.7,0.462,0.4865,0.5008,0.4583,0.4951
2023-06-28,26.95,24.7,30.7,25.4833,91.9583,0.3088,0.4343,27.9,17.3124,8.3098,11.4,3.53,1.605,-0.0952,1.5531,100.5838,98.0833,27.7458,27.8958,27.8,27.7,0.4717,0.4838,0.5009,0.4604,0.4953
2023-06-29,26.9417,25.0,30.3,25.6125,92.7083,0.2792,0.3907,27.8214,18.1116,8.6938,13.3,3.71,2.1012,-0.0308,2.041,100.5054,91.2083,27.6625,27.7667,27.8,27.7,0.4708,0.4914,0.5014,0.4619,0.4971
2023-06-30,27.0542,25.0,30.1,25.8083,93.0417,0.2608,0.3454,28.0615,18.1044,8.69,14.7,3.57,2.3425,0.244,2.2773,100.4542,98.9167,27.6708,27.6917,27.8,27.7,0.4625,0.4902,0.5075,0.4639,0.5007
2023-07-01,25.975,24.5,28.4,25.1417,95.375,0.1687,0.2646,26.7308,13.8024,6.6252,22.9,2.72,2.4029,0.3965,2.2415,100.5137,99.5,26.9583,27.4208,27.75,27.7,0.478,0.4836,0.511,0.4688,0.503
2023-07-02,25.9167,24.8,28.2,24.8333,94.0,0.2179,0.3738,26.7308,13.3884,6.4265,13.1,2.79,2.6112,0.7539,2.4462,100.6071,100.0,26.6667,27.0667,27.7,27.7,0.4948,0.4715,0.5096,0.4756,0.5005
2023-07-03,26.3042,24.7,29.1,25.0792,93.2083,0.2467,0.38,27.3231,14.5692,6.9932,18.5,2.89,2.325,0.8005,1.966,100.6958,99.75,26.8083,26.9417,27.6,27.7,0.4807,0.4744,0.5109,0.4811,0.5011
2023-07-04,26.825,24.2,30.3,24.4333,87.5417,0.4908,0.8023,28.3923,16.1064,7.7311,3.2,3.45,1.6925,0.5909,1.1267,100.6646,98.75,27.1625,27.0708,27.5208,27.7,0.4775,0.461,0.5076,0.486,0.4957
2023-07-05,27.7708,24.5,31.4,24.275,82.0833,0.7233,1.1038,29.3462,20.2464,9.7184,0.4,4.38,1.3771,0.6181,0.778,100.6058,64.625,27.7958,27.4667,27.5,27.7,0.4566,0.4568,0.5021,0.4872,0.4894
2023-07-06,27.6125,24.6,31.4,25.0083,86.2917,0.5508,0.8415,29.2692,21.1428,10.1486,10.6,4.43,1.2329,0.3923,0.8334,100.6529,83.0417,27.9417,27.7542,27.5125,27.7,0.4575,0.4509,0.4977,0.488,0.4851
2023-07-07,27.3333,25.9,29.2,25.8,91.4167,0.3188,0.3962,28.1154,14.4108,6.917,14.0,2.97,1.3425,0.1714,1.2297,100.6333,89.375,27.6792,27.7792,27.6,27.7,0.4768,0.4678,0.4947,0.488,0.4878
2023-07-08,27.1167,24.9,30.0,25.3375,90.2083,0.3733,0.5569,28.3846,20.4624,9.8221,13.2,4.01,1.5963,-0.1813,1.511,100.6367,87.2917,27.725,27.6708,27.6,27.7,0.4819,0.4947,0.4942,0.488,0.4934
2023-07-09,25.4708,23.9,28.4,24.8042,96.1667,0.1338,0.2238,26.3923,13.3272,6.3971,23.3,2.66,1.855,-0.3544,1.6431,100.6196,88.0833,26.7625,27.35,27.6,27.7,0.4727,0.4987,0.5059,0.4892,0.5021
2023-07-10,26.1417,23.2,29.2,24.6417,91.7917,0.3046,0.4969,27.6769,19.2888,9.2586,9.7,3.82,1.5279,-0.1251,1.2262,100.6329,90.625,27.0292,27.0208,27.525,27.7,0.459,0.4842,0.5116,0.4933,0.5021
2023-07-11,26.4125,24.3,29.6,24.8542,91.4583,0.3183,0.49,27.6462,18.0792,8.678,11.7,3.61,1.9008,0.5149,1.6219,100.6479,93.375,27.025,27.1667,27.5,27.7,0.4357,0.4559,0.5082,0.4989,0.4921
2023-07-12,27.425,24.4,31.1,25.0292,87.5417,0.505,0.7669,28.9615,21.474,10.3075,3.6,4.51,1.5775,0.6007,1.2983,100.6504,98.5,27.6083,27.2958,27.4833,27.7,0.4593,0.4665,0.5037,0.5,0.4927
2023-07-13,27.6625,24.5,31.6,25.2167,87.2917,0.5208,0.7938,29.1692,21.1968,10.1745,8.4,4.37,1.6179,0.63,1.2254,100.6012,88.25,27.825,27.65,27.5,27.7,0.463,0.4662,0.4999,0.5,0.4902
2023-07-14,27.5333,25.4,30.5,25.4167,88.7917,0.4438,0.6685,28.7923,18.4428,8.8525,22.7,3.82,1.9396,1.249,1.134,100.58,93.625,27.9375,27.8542,27.5042,27.7,0.475,0.4845,0.4974,0.5,0.4931
2023-07-15,27.6583,25.0,31.6,25.1167,86.6667,0.5371,0.7969,28.9385,19.9296,9.5662,12.1,4.33,2.1646,1.5191,1.2403,100.4546,97.2917,28.0917,27.9208,27.6,27.7,0.4757,0.4961,0.499,0.5,0.4967
2023-07-16,26.9167,24.9,30.4,24.9958,89.5,0.3938,0.55,27.9462,14.7204,7.0657,16.5,3.27,2.6279,2.2286,1.1862,100.2642,99.75,27.5375,27.775,27.6,27.7,0.4769,0.4915,0.5054,0.5,0.5005
2023-07-17,26.3458,25.1,30.1,24.7792,91.25,0.3096,0.37,26.8923,12.3984,5.951,29.6,3.02,3.5042,3.0924,1.5645,100.1654,99.8333,26.7292,27.2625,27.6,27.7,0.4787,0.4894,0.5113,0.5035,0.5044
2023-07-18,26.3042,24.7,28.2,24.7875,91.625,0.2971,0.37,27.0077,11.9592,5.7403,23.1,2.79,3.075,2.6762,1.4672,100.2088,98.125,26.5542,26.8792,27.5375,27.7,0.4859,0.4829,0.5131,0.5095,0.5049
2023-07-19,26.7125,24.7,29.2,24.4875,87.75,0.4404,0.56,27.6077,14.0904,6.7634,7.1,3.07,2.4846,1.9575,1.398,100.2529,98.75,26.9292,26.9167,27.4583,27.7,0.4788,0.4726,0.507,0.512,0.4978
2023-07-20,26.2417,24.9,28.8,25.0083,93.125,0.2504,0.3592,26.9846,8.9388,4.2907,18.6,2.04,1.6396,1.1585,1.0542,100.3308,99.8333,26.7667,27.0083,27.4,27.7,0.4849,0.4824,0.4988,0.512,0.4943
2023-07-21,25.5792,24.3,29.1,24.6833,94.9583,0.1771,0.2992,26.4769,11.8152,5.6714,25.1,2.35,1.6342,0.9042,0.9908,100.485,99.7083,26.4208,26.7875,27.375,27.6375,0.4824,0.4955,0.509,0.5138,0.5043
2023-07-22,25.4792,24.1,28.4,24.5458,94.625,0.1858,0.3085,26.4769,14.4468,6.9345,29.2,2.98,1.4229,-0.5353,1.0083,100.5912,99.3333,26.3542,26.5875,27.3,27.6,0.4771,0.4886,0.484,0.5179,0.4845
2023-07-23,24.8708,24.1,26.1,24.6458,98.7917,0.0429,0.0592,25.2692,5.5692,2.6732,61.2,1.22,1.1896,0.1673,0.9041,100.5725,99.9583,25.7375,26.325,27.2125,27.6,0.4797,0.4954,0.484,0.5171,0.4861
2023-07-24,25.9042,24.2,27.7,25.0042,94.875,0.1767,0.2277,26.7462,11.1024,5.3294,21.9,2.2,1.5538,0.9817,0.9602,100.4929,98.5833,26.1125,26.2333,27.1167,27.6,0.4552,0.4833,0.4941,0.5173,0.4891
2023-07-25,26.0375,23.6,28.4,24.3958,90.9167,0.3233,0.4738,27.2615,14.1552,6.7943,16.7,2.89,2.2221,1.3115,1.589,100.55,88.9583,26.3917,26.425,27.0333,27.6,0.4682,0.4763,0.4638,0.5166,0.4667
2023-07-26,26.9,24.6,29.5,25.2792,91.0,0.3308,0.4408,28.0154,15.4584,7.4202,16.3,3.22,1.7042,0.9573,1.2748,100.5692,97.0,26.8792,26.7,27.0,27.6,0.4787,0.4927,0.4595,0.5148,0.4678
2023-07-27,27.5583,25.4,31.3,25.3292,88.0833,0.4783,0.7577,29.0692,20.7,9.9359,12.2,4.39,2.3862,1.7592,1.5025,100.4475,78.625,27.625,27.1958,27.0125,27.6,0.4797,0.4938,0.4573,0.5135,0.4665
2023-07-28,27.2292,25.1,30.7,25.0958,88.625,0.4458,0.6938,28.5692,18.4428,8.8525,12.8,3.98,2.7275,2.1164,1.6297,100.28,89.8333,27.6,27.4792,27.1,27.6,0.4831,0.4951,0.458,0.5122,0.4676
2023-07-29,26.8583,25.3,28.9,25.6667,93.2917,0.2458,0.3354,27.6692,17.3448,8.3255,31.6,3.52,2.7662,1.9665,1.875,100.2975,81.2917,27.3417,27.4,27.1625,27.6,0.4721,0.4942,0.4728,0.5112,0.4773
2023-07-30,25.9,24.5,27.5,25.0958,95.4167,0.1612,0.2077,26.4077,10.6488,5.1115,17.7,2.22,2.8171,1.6034,2.2422,100.4017,98.875,26.55,27.0083,27.2,27.6,0.4813,0.4941,0.4878,0.511,0.4886
2023-07-31,26.1667,24.5,28.2,25.1625,94.25,0.2025,0.2823,26.9769,12.0564,5.787,23.7,2.42,3.0467,1.6081,2.5299,100.5342,99.2083,26.4958,26.675,27.1458,27.6,0.4761,0.4986,0.4981,0.511,0.4967
2023-08-01,26.7667,24.7,29.7,25.1917,91.375,0.3271,0.5262,27.9308,16.9164,8.1197,9.4,3.47,2.5321,1.4062,2.0799,100.5471,97.625,27.15,26.9208,27.1,27.6,0.4817,0.4778,0.508,0.5113,0.4998
2023-08-02,26.4125,25.0,29.1,24.9167,91.5833,0.2996,0.4238,27.1846,13.9896,6.715,7.2,2.9,2.9267,1.8615,2.1912,100.5921,98.75,26.8583,27.0375,27.1,27.575,0.5022,0.4906,0.5021,0.511,0.4997
2023-08-03,26.1125,24.5,28.6,24.9792,93.75,0.2292,0.3731,27.0923,15.336,7.3612,18.8,3.03,3.0096,1.9168,2.2689,100.6104,98.4583,26.7,26.8417,27.1,27.5,0.4884,0.4992,0.5042,0.511,0.502
2023-08-04,26.6375,24.6,29.6,25.3542,93.0417,0.2662,0.4108,27.8,15.2064,7.299,9.7,3.18,2.8838,1.6536,2.31,100.8079,99.8333,26.9917,26.9,27.1,27.5,0.5016,0.4977,0.5079,0.512,0.5053
2023-08-05,27.4417,25.6,30.6,24.8625,86.2917,0.5354,0.7915,28.7615,19.5012,9.3605,3.0,4.15,2.8942,1.7885,2.247,100.8554,97.125,27.5167,27.2042,27.1,27.5,0.4908,0.4899,0.5042,0.5118,0.5002
2023-08-06,26.9,25.7,29.3,24.7667,88.2917,0.4279,0.5631,27.6231,15.8112,7.5894,9.9,3.18,2.7667,1.913,1.9406,100.695,98.7917,27.1708,27.3125,27.1958,27.5,0.4801,0.4909,0.499,0.511,0.4959
2023-08-07,26.6667,24.8,30.0,24.875,90.0833,0.3638,0.5077,27.7615,15.516,7.4477,6.2,3.19,2.6571,1.8515,1.8685,100.5679,99.875,27.075,27.1375,27.2,27.5,0.491,0.4938,0.4944,0.511,0.494
2023-08-08,26.2292,24.3,28.6,24.7708,91.9583,0.2871,0.4292,27.2615,16.7112,8.0213,10.4,3.42,2.8167,1.6589,2.2574,100.6317,88.7083,26.825,26.9792,27.2,27.5,0.4802,0.4953,0.4938,0.5107,0.4932
2023-08-09,26.7667,24.0,30.2,25.0417,90.6667,0.3617,0.5815,28.3077,19.3212,9.2744,11.5,4.0,2.1762,1.2655,1.6975,100.7433,83.5833,27.3167,27.1167,27.2,27.5,0.4641,0.4868,0.4985,0.51,0.4936
2023-08-10,26.9125,23.7,30.4,24.6375,87.9583,0.4696,0.7377,28.5231,21.4812,10.3112,8.7,4.43,2.1454,1.0728,1.6391,100.7029,75.7083,27.5875,27.3542,27.2,27.5,0.4917,0.49,0.4952,0.51,0.4939
2023-08-11,27.1375,24.2,30.3,24.75,87.3333,0.4912,0.7577,28.5462,21.006,10.0828,11.4,4.29,2.4479,1.4573,1.8752,100.5883,59.4167,27.8375,27.625,27.2333,27.5,0.4742,0.4932,0.4939,0.5099,0.4924
2023-08-12,26.8375,24.3,30.6,25.0,90.0833,0.3767,0.5685,28.1308,19.5948,9.4054,18.4,3.95,2.4838,1.4844,1.7568,100.5217,87.7917,27.5875,27.625,27.3,27.5,0.4768,0.491,0.4997,0.5091,0.4963
2023-08-13,27.1667,24.4,30.5,25.1917,89.4583,0.4117,0.6492,28.6231,20.0736,9.6352,8.3,4.08,2.4138,1.3476,1.8483,100.4917,96.75,27.8125,27.6083,27.3292,27.5,0.4753,0.4795,0.5046,0.51,0.4973
2023-08-14,27.2792,24.4,30.9,25.3375,89.3333,0.4108,0.6038,28.6846,20.5884,9.8826,6.3,4.16,2.275,1.1647,1.878,100.5087,93.5417,27.9083,27.7417,27.4,27.5,0.4957,0.4818,0.4996,0.51,0.4956
2023-08-15,26.3208,24.6,29.4,24.95,92.375,0.2738,0.4015,27.3692,16.3512,7.8486,18.2,3.29,2.2908,0.9732,2.0253,100.5783,99.0417,27.325,27.5917,27.4,27.5,0.4672,0.4963,0.5012,0.5094,0.4978
2023-08-16,26.6792,24.2,30.5,24.7875,89.75,0.3892,0.5677,28.0231,18.6552,8.9544,11.4,3.93,1.8758,0.9886,1.5512,100.5938,95.9167,27.2875,27.3292,27.4,27.5,0.479,0.4846,0.5061,0.51,0.4997
2023-08-17,26.6667,23.9,30.1,24.5125,88.5417,0.4388,0.6931,28.1077,18.2412,8.7559,18.5,3.68,2.1404,1.232,1.6176,100.5804,95.8333,27.2417,27.2833,27.4,27.5,0.457,0.4781,0.5082,0.513,0.4983
2023-08-18,27.0625,25.0,30.7,24.7042,87.4167,0.485,0.7154,28.2385,16.7796,8.0543,7.7,3.59,1.7438,1.1835,0.9582,100.4854,90.7083,27.3708,27.3458,27.4,27.5,0.4585,0.4661,0.5009,0.514,0.4906
2023-08-19,27.4333,24.4,32.0,25.4125,89.3333,0.4358,0.6892,29.1077,22.3776,10.7414,9.4,4.67,1.4958,0.5911,1.0038,100.4221,74.5,27.9542,27.6,27.4,27.5,0.4844,0.479,0.4909,0.5132,0.488
2023-08-20,26.6083,24.6,30.0,25.1875,92.1667,0.2921,0.4654,27.7,17.3916,8.3479,19.6,3.42,1.9638,0.1791,1.775,100.4029,93.8333,27.4125,27.6333,27.4375,27.5,0.4851,0.4967,0.489,0.5126,0.4904
2023-08-21,25.1667,24.1,27.1,24.8875,98.375,0.0533,0.0638,25.7,9.7524,4.6812,32.9,1.98,1.8904,-0.2111,1.795,100.5092,99.75,26.3083,27.0083,27.4417,27.5,0.4745,0.4948,0.5054,0.5122,0.501
2023-08-22,27.0042,24.3,30.5,24.5333,87.1667,0.5117,0.8377,28.6077,19.5696,9.3934,5.5,4.18,2.2283,1.0632,1.83,100.5596,92.875,27.3083,26.9417,27.4,27.5,0.4438,0.4662,0.5094,0.5161,0.4958
2023-08-23,26.7958,24.3,29.6,24.4875,87.5833,0.4658,0.7146,28.2538,15.354,7.37,9.6,3.3,2.2175,1.2103,1.7508,100.5425,94.7083,27.3042,27.3083,27.3708,27.5,0.4692,0.4539,0.4929,0.5158,0.483
2023-08-24,26.7167,24.2,30.5,24.7833,89.5417,0.3992,0.6369,28.1385,17.964,8.6228,8.8,3.65,2.0942,1.0556,1.7474,100.5471,99.4167,27.4042,27.3667,27.3833,27.5,0.4913,0.4641,0.481,0.5147,0.4782
2023-08-25,26.6583,24.2,30.0,24.5792,89.0417,0.4262,0.7123,28.1615,15.5952,7.4856,8.3,3.29,1.67,0.8105,1.2526,100.5738,99.2917,27.3333,27.3542,27.4,27.5,0.4728,0.4854,0.4753,0.5136,0.4773
2023-08-26,26.3208,24.1,30.6,24.7167,91.3333,0.3312,0.5592,27.7385,14.3748,6.8999,26.2,3.06,1.8671,1.1749,1.2502,100.5892,97.2917,27.0292,27.2125,27.4,27.5,0.4748,0.4951,0.48,0.513,0.4828
2023-08-27,26.8083,24.4,31.3,25.0375,90.6667,0.3758,0.6177,28.3462,18.612,8.9338,8.5,3.94,1.8,0.996,1.2752,100.4846,99.2083,27.3792,27.2708,27.3333,27.5,0.4626,0.4816,0.4902,0.5122,0.4865
2023-08-28,27.5708,25.1,30.5,25.225,87.4167,0.4912,0.7485,28.9538,17.802,8.5451,3.9,3.82,2.2288,1.2575,1.7338,100.3604,97.2083,27.7083,27.4625,27.35,27.5,0.4783,0.4752,0.484,0.5119,0.4818
2023-08-29,27.25,24.9,29.9,25.0083,88.0417,0.4612,0.6892,28.5385,17.2656,8.2872,18.9,3.5,2.2925,1.1547,1.8152,100.3429,98.8333,27.7125,27.6625,27.4,27.5,0.4764,0.4845,0.4777,0.511,0.4791
2023-08-30,26.0667,24.7,28.4,25.4875,96.6667,0.1183,0.1954,27.0462,14.1552,6.7944,34.5,2.82,1.745,0.4219,1.5342,100.4525,99.6667,27.0708,27.4083,27.4,27.5,0.4704,0.4932,0.4925,0.511,0.4911
2023-08-31,26.0333,24.5,29.3,25.2458,95.625,0.1604,0.2808,27.0154,10.9836,5.2721,33.0,2.28,1.5862,0.367,1.1952,100.4796,98.5417,26.7208,27.0083,27.4,27.5,0.4725,0.4861,0.51,0.5131,0.5023
2023-09-01,26.2417,24.5,30.8,25.3458,95.1667,0.1933,0.3331,27.4615,14.67,7.0417,27.9,3.02,1.8358,1.1098,1.2977,100.4454,94.4583,27.0375,27.0417,27.3208,27.5,0.4798,0.4848,0.5035,0.517,0.4979
2023-09-02,26.3417,24.5,29.1,25.25,93.9167,0.2262,0.3885,27.4615,13.5432,6.5006,32.7,2.86,1.8708,1.0887,1.3667,100.2871,93.6667,26.9958,27.0625,27.3,27.5,0.494,0.4954,0.4717,0.5177,0.4782
2023-09-03,26.9375,24.3,30.1,24.8042,88.5833,0.4379,0.6862,28.2538,17.2224,8.2669,11.6,3.67,2.075,1.024,1.6664,100.1942,84.6667,27.4208,27.2417,27.3,27.5,0.4787,0.4908,0.4681,0.516,0.4736
2023-09-04,26.5333,24.7,30.0,25.1417,92.1667,0.2854,0.4123,27.5077,15.1344,7.2646,19.9,3.19,2.0542,0.9718,1.7368,100.1667,96.6667,27.1917,27.2917,27.3,27.4917,0.4765,0.4914,0.4691,0.5146,0.4743
2023-09-05,25.9375,24.6,27.9,25.1458,95.5,0.1596,0.2562,26.8308,11.4912,5.5158,21.3,2.46,1.9808,1.0352,1.6034,100.4075,99.9167,26.6958,27.0375,27.3,27.4292,0.4788,0.4909,0.4824,0.5137,0.4839
2023-09-06,27.3833,24.4,30.5,24.6167,85.7083,0.5742,0.8854,28.9615,17.9136,8.5986,1.5,3.73,1.9354,1.5005,0.8676,100.6038,100.0,27.4333,27.0833,27.2958,27.4,0.4744,0.4872,0.4845,0.513,0.4844
2023-09-07,26.075,24.1,30.2,24.9708,93.9167,0.2271,0.3738,27.1538,14.3208,6.8739,32.2,2.97,1.0425,0.3708,0.7196,100.6337,99.3333,27.1125,27.2833,27.3,27.4,0.4709,0.494,0.49,0.5122,0.4895
2023-09-08,26.5083,23.5,30.7,25.0,91.9583,0.3179,0.5269,28.0,18.4392,8.8509,18.9,3.84,1.3192,0.4423,0.9375,100.5954,95.25,27.275,27.2167,27.3,27.4,0.4586,0.496,0.5032,0.512,0.4985
2023-09-09,26.4375,24.5,30.6,25.1542,92.9167,0.2688,0.4331,27.7846,15.5628,7.4701,18.0,3.3,1.9012,0.581,1.6743,100.4292,96.0833,27.1167,27.2083,27.3,27.4,0.4785,0.4864,0.5063,0.5126,0.5002
2023-09-10,25.3417,24.5,27.0,24.7458,96.5417,0.1142,0.1762,25.9538,8.01,3.8447,32.4,1.73,2.4183,1.2594,2.0474,100.4767,100.0,26.1833,26.8125,27.2583,27.4,0.4839,0.482,0.5029,0.5161,0.4972
2023-09-11,25.9792,24.2,29.5,24.8542,93.75,0.2292,0.3862,27.1308,11.6676,5.6004,14.9,2.57,2.4317,1.2369,2.0257,100.5962,99.125,26.475,26.5958,27.2,27.4,0.4892,0.4766,0.4681,0.5171,0.4714
2023-09-12,25.4458,24.2,27.1,24.5333,94.7083,0.1775,0.2969,26.3385,10.062,4.8296,20.1,2.16,2.8871,1.8951,2.1338,100.7042,99.9167,26.05,26.4542,27.1167,27.4,0.4673,0.4894,0.4769,0.5155,0.4789
2023-09-13,26.4292,24.1,29.0,24.4583,89.5,0.3921,0.5946,27.6,16.272,7.8106,14.5,3.41,2.3421,1.2476,1.9432,100.6958,95.7917,26.625,26.4875,27.0417,27.4,0.4838,0.4917,0.482,0.5145,0.4841
2023-09-14,25.6083,24.4,28.0,24.7583,95.2083,0.1696,0.2633,26.5417,7.236,3.4733,15.3,1.64,1.9762,1.1883,1.5465,100.6404,100.0,26.125,26.5417,27.0,27.4,0.4743,0.4883,0.4874,0.514,0.4867
2023-09-15,25.0792,24.1,27.2,24.6333,97.25,0.09,0.1542,25.8333,8.442,4.0523,30.6,1.83,2.2842,1.4318,1.7433,100.5442,99.9583,25.8,26.2167,26.95,27.4,0.4772,0.4966,0.494,0.5135,0.4933
2023-09-16,26.2583,24.1,30.1,24.5083,90.625,0.3521,0.5746,27.6692,18.3096,8.7886,16.0,3.79,2.1058,0.7721,1.8566,100.5112,98.2917,26.7792,26.4667,26.9,27.4,0.4579,0.481,0.4968,0.5163,0.4908
2023-09-17,25.575,24.1,27.8,24.7417,95.1667,0.1658,0.2817,26.575,14.058,6.7478,24.1,2.88,2.0208,0.4321,1.8567,100.5433,99.5,26.2875,26.5625,26.9,27.4,0.4763,0.4904,0.4933,0.516,0.4915
2023-09-18,25.6583,24.0,29.7,24.7875,95.125,0.1817,0.3475,26.95,15.7644,7.5668,13.8,3.2,1.3908,0.167,1.2791,100.72,99.6667,26.475,26.5125,26.8583,27.4,0.4739,0.4888,0.4962,0.5154,0.493
2023-09-19,26.7792,23.5,31.9,25.1083,91.2917,0.3642,0.6475,28.7583,19.4832,9.3518,12.4,4.13,0.7771,0.0158,-0.5444,100.7725,98.8333,27.2417,26.8167,26.8375,27.4,0.4778,0.4891,0.495,0.515,0.4925
2023-09-20,27.075,24.4,32.1,25.075,89.625,0.4304,0.7667,28.9,18.7056,8.9787,15.4,3.96,0.8217,-0.3667,-0.2828,100.6708,87.2917,27.5875,27.2958,26.9,27.4,0.461,0.4919,0.4916,0.5142,0.4895
2023-09-21,26.9292,24.2,32.8,25.3792,91.9167,0.3375,0.5808,28.475,15.2424,7.3162,21.9,3.2,0.7417,-0.0231,-0.1335,100.6667,98.7917,27.3958,27.3625,26.9958,27.4,0.4612,0.4888,0.497,0.514,0.4928
2023-09-22,26.7458,24.6,31.4,25.0417,90.9583,0.3617,0.6108,28.2833,18.0396,8.6591,12.9,3.78,0.775,-0.2737,-0.0293,100.6117,97.7083,27.6208,27.4,27.0292,27.3042,0.4912,0.4977,0.5,0.5135,0.4989
2023-09-23,26.5083,24.7,30.8,25.0625,91.9167,0.2979,0.4592,27.7917,17.514,8.4067,14.7,3.67,1.0746,-0.157,0.8427,100.62,97.25,27.275,27.3292,27.1,27.3,0.4773,0.4963,0.5003,0.513,0.4978
2023-09-24,26.775,24.2,30.8,25.0125,90.4583,0.3638,0.57,28.1917,17.3952,8.3497,4.0,3.66,1.0996,0.0209,0.9625,100.4971,98.9167,27.3375,27.2583,27.1,27.3,0.4723,0.4819,0.5008,0.513,0.4948
2023-09-25,26.7458,24.3,30.7,25.0125,90.6667,0.36,0.5975,28.2333,16.5456,7.9418,7.9,3.49,1.1392,0.0675,1.0039,100.3754,99.75,27.3125,27.2792,27.1333,27.3,0.4883,0.4791,0.4931,0.5126,0.4898
2023-09-26,25.8792,24.3,28.2,25.1458,95.7917,0.145,0.2317,26.95,10.9908,5.2756,17.8,2.12,1.7221,0.4429,1.5449,100.3617,99.9167,26.6958,27.0708,27.2,27.3,0.4714,0.4987,0.4955,0.512,0.4945
2023-09-27,25.4875,24.4,29.3,24.6542,95.2917,0.1687,0.3158,26.4167,13.3416,6.4041,30.9,2.62,2.5254,1.2942,2.1392,100.385,99.375,26.5208,26.7792,27.1292,27.3,0.4933,0.496,0.5045,0.5127,0.5019
2023-09-28,24.7042,24.0,26.0,24.2792,97.5417,0.0796,0.1042,24.9917,5.5728,2.6751,35.5,1.19,2.7671,1.1698,2.4555,100.6462,99.0,25.5292,26.2375,27.0792,27.3,0.4907,0.4864,0.4958,0.5181,0.4935
2023-09-29,26.4583,23.8,30.3,24.7375,90.5833,0.3533,0.5592,28.0,15.8148,7.5912,5.1,3.4,1.2554,0.3038,1.0356,100.8613,99.9167,26.625,26.3208,27.0,27.3,0.4982,0.4933,0.46,0.517,0.4697
2023-09-30,26.7417,24.1,29.7,24.0542,85.8333,0.5321,0.7658,27.9167,13.6476,6.5507,1.2,2.96,1.3175,0.7665,0.8497,100.8613,96.9167,26.7208,26.7,26.925,27.3,0.4842,0.4868,0.4518,0.5151,0.4614
2023-10-01,26.9542,25.1,31.7,24.7,87.875,0.4658,0.6675,28.2333,17.4456,8.3739,15.1,3.76,0.9429,0.6235,0.2666,100.6779,83.0417,27.0458,26.9083,26.9167,27.3,0.4789,0.4877,0.4459,0.5134,0.457
2023-10-02,26.6417,24.8,30.7,25.3292,92.6667,0.2708,0.395,27.7667,14.5692,6.9932,22.3,2.88,1.1975,0.6672,0.3361,100.7238,97.4583,26.8583,26.9292,27.0,27.3,0.4674,0.4959,0.4557,0.512,0.4649
2023-10-03,25.475,24.4,27.9,25.225,98.625,0.0483,0.0608,26.225,4.1436,1.9889,23.4,0.93,1.0,0.078,0.8893,100.7417,98.8333,26.1,26.6167,26.975,27.3,0.4708,0.4866,0.4748,0.511,0.477
2023-10-04,25.5042,24.3,28.3,24.6167,95.0833,0.1742,0.28,26.375,8.3664,4.016,15.6,1.78,0.9821,0.1683,0.521,100.6613,95.2917,26.2458,26.4083,26.9,27.3,0.453,0.4931,0.4972,0.511,0.4932
2023-10-05,26.2375,23.6,30.1,24.8042,92.25,0.295,0.495,27.7583,15.3612,7.3734,5.8,3.17,1.3262,-0.2938,1.1165,100.5567,93.0,26.7208,26.5417,26.9,27.3,0.4668,0.4808,0.4992,0.5106,0.493
2023-10-06,25.7458,24.4,27.7,24.8167,94.75,0.1821,0.2917,26.525,11.6172,5.5763,14.3,2.35,2.13,0.4165,2.0145,100.6179,95.4583,26.3,26.5833,26.9,27.3,0.4685,0.4876,0.4993,0.51,0.4947
2023-10-07,25.5667,24.4,27.4,24.9292,96.2917,0.1242,0.1883,26.3167,10.9008,5.2325,22.0,2.26,1.7387,0.348,1.6075,100.76,99.7083,26.1625,26.4208,26.8125,27.3,0.4807,0.49,0.509,0.5103,0.503
2023-10-08,25.8167,24.1,28.2,25.0208,95.4583,0.1562,0.2283,26.725,8.0136,3.8465,14.9,1.75,1.1829,0.1379,0.7157,100.8729,99.5,26.2125,26.3042,26.8,27.3,0.4693,0.4729,0.513,0.5143,0.5015
2023-10-09,25.6958,24.1,28.3,25.05,96.375,0.1321,0.2475,26.9417,12.1104,5.813,22.8,2.58,1.0646,-0.2168,0.691,100.8583,98.75,26.3958,26.4417,26.8,27.25,0.4814,0.473,0.5023,0.5169,0.4947
2023-10-10,26.5125,23.1,31.1,24.6917,90.5417,0.3875,0.7167,28.575,18.2268,8.7488,6.0,3.73,0.9271,-0.5247,-0.6453,100.7825,87.2917,27.0667,26.6833,26.7583,27.2,0.4914,0.4965,0.4951,0.516,0.4951
2023-10-11,26.5583,24.2,30.6,24.8458,91.0417,0.3538,0.6508,28.0,14.2488,6.8393,10.9,3.04,1.82,-1.3661,-0.9741,100.8246,91.25,26.9,26.8792,26.8,27.2,0.4592,0.4893,0.4943,0.5151,0.4908
2023-10-12,26.4833,24.0,30.8,24.8292,91.1667,0.3442,0.5883,28.075,15.9048,7.6342,13.8,3.32,1.3483,-0.751,-1.0188,100.9346,72.3333,26.9708,26.9333,26.8,27.2,0.4668,0.486,0.4867,0.5145,0.4851
2023-10-13,26.9583,24.3,31.6,25.0542,90.125,0.4079,0.7692,28.7833,18.3096,8.7887,5.7,3.91,1.4892,-0.5376,-1.3498,100.8638,95.1667,27.3625,27.075,26.8375,27.2,0.4793,0.4893,0.4793,0.5136,0.4814
2023-10-14,27.4542,23.9,31.3,24.8,86.2917,0.56,0.965,29.175,19.44,9.3312,1.0,4.21,1.3338,-0.327,-1.0798,100.7046,89.7917,27.5958,27.2917,26.9042,27.2,0.48,0.4847,0.472,0.5126,0.4753
2023-10-15,27.9917,25.5,31.5,24.9792,84.6667,0.6358,1.0583,29.5333,18.6624,8.958,1.0,4.08,1.6012,-0.7584,-1.3751,100.5854,92.5833,27.9958,27.6375,27.0,27.2,0.4696,0.4757,0.4653,0.5116,0.4678
2023-10-16,27.0,24.5,30.9,24.6375,87.7083,0.4854,0.8233,28.55,16.0956,7.7259,3.8,3.48,1.4575,-0.7925,-1.1984,100.6742,94.7917,27.4708,27.5458,27.0958,27.2,0.4676,0.4682,0.4592,0.5106,0.4617
2023-10-17,26.875,24.4,30.9,24.8292,89.2917,0.4225,0.7008,28.3167,16.29,7.8192,6.4,3.48,1.2708,-0.5787,-0.6423,100.7812,97.9167,27.3667,27.3667,27.1,27.2,0.4792,0.4674,0.4539,0.5096,0.4585
2023-10-18,26.25,24.3,29.8,25.0833,93.625,0.24,0.4133,27.45,12.2868,5.8976,18.7,2.61,0.6708,0.1129,0.0121,100.8342,93.0,26.9792,27.2042,27.125,27.2,0.4858,0.4836,0.4543,0.5088,0.4627
2023-10-19,26.5583,23.5,30.1,25.05,91.9167,0.3154,0.5542,28.2,17.406,8.3549,8.5,3.62,0.5979,0.1698,0.0586,100.8367,98.1667,27.2,27.0917,27.1083,27.2,0.492,0.4918,0.4613,0.508,0.4699
2023-10-20,26.9917,24.0,31.7,25.1917,90.625,0.3908,0.72,28.85,17.2908,8.2994,14.9,3.65,0.9888,-0.6046,-0.5946,100.7996,97.7917,27.4833,27.2958,27.1333,27.2,0.4785,0.4948,0.4638,0.5072,0.4713
2023-10-21,26.4958,24.6,30.6,24.575,89.7083,0.3933,0.6492,27.9667,15.0696,7.2334,6.6,3.11,1.4196,-0.9678,-0.9161,100.9183,87.0417,27.1083,27.2542,27.2,27.2,0.4693,0.4835,0.4681,0.5068,0.4714
2023-10-22,26.6458,24.3,30.1,24.1667,86.75,0.4992,0.7808,28.275,15.6852,7.529,3.5,3.34,1.6688,-1.0912,-1.1918,101.0125,93.875,26.9875,27.075,27.2,27.2,0.4803,0.478,0.4648,0.506,0.4686
2023-10-23,26.9292,24.4,31.2,24.5042,87.4583,0.5,0.8583,28.6417,17.4024,8.3532,1.9,3.76,1.2412,-0.6837,-0.9859,100.945,93.5833,27.275,27.1083,27.175,27.2,0.474,0.4732,0.4613,0.5055,0.4647
2023-10-24,27.2667,24.3,30.8,24.4417,85.3333,0.585,0.93,28.8833,15.3432,7.3648,2.3,3.36,1.3212,-0.842,-0.9873,100.8317,88.9583,27.3625,27.2875,27.2,27.2,0.4663,0.4675,0.4576,0.505,0.4603
2023-10-25,26.1417,23.8,30.6,24.3958,90.5,0.3479,0.5533,27.4583,14.526,6.9723,12.1,2.99,1.125,-0.7215,-0.6103,100.8554,94.5,26.95,27.1958,27.2,27.2,0.484,0.4816,0.4548,0.504,0.4624
2023-10-26,26.6542,23.9,30.3,24.4208,88.125,0.4583,0.7458,28.35,16.1928,7.7728,3.9,3.43,0.8008,-0.4162,0.0827,100.8462,86.0417,27.1875,27.0708,27.2,27.2,0.4832,0.4889,0.4546,0.5036,0.4638
2023-10-27,26.6417,24.3,30.2,24.625,89.125,0.4054,0.5942,27.8833,14.7168,7.064,8.3,3.13,0.8488,-0.3313,0.4208,100.8404,85.4167,27.0375,27.1833,27.2,27.2,0.4734,0.49,0.4539,0.503,0.4628
2023-10-28,26.5375,23.9,31.3,24.5292,89.4167,0.4208,0.7667,28.4,16.8516,8.0889,6.6,3.54,0.7121,-0.2962,-0.483,100.7992,97.5833,27.1708,27.1167,27.2,27.2,0.4697,0.492,0.4543,0.5024,0.4633
2023-10-29,26.4583,24.1,30.8,24.6625,90.4583,0.3738,0.6717,28.15,14.7924,7.1002,22.2,3.05,1.3075,-0.9279,-0.8608,100.7917,95.8333,27.0792,27.0958,27.1917,27.2,0.4804,0.4903,0.4553,0.502,0.4644
2023-10-30,26.9417,23.5,30.9,24.1458,85.625,0.5721,0.9158,28.8167,17.7012,8.4966,8.8,3.77,1.8204,-1.3024,-1.2185,100.7788,82.875,27.4167,27.1958,27.175,27.2,0.4365,0.4835,0.4809,0.5014,0.4783
2023-10-31,26.9875,24.9,30.6,23.5958,82.2083,0.6692,0.9475,28.45,17.172,8.2425,0.9,3.67,2.6908,-1.7766,-1.9934,100.8779,96.8333,27.3208,27.2958,27.2,27.2,0.4341,0.4647,0.4796,0.501,0.4733
2023-11-01,26.8042,25.1,30.8,23.475,82.5,0.6458,0.8817,28.0,17.3052,8.3065,5.7,3.83,2.5604,-1.6219,-1.8985,100.9012,73.6667,27.2,27.2625,27.2,27.2,0.4492,0.4547,0.4757,0.5009,0.4694
2023-11-02,26.4542,24.4,30.5,24.0667,87.4167,0.4754,0.7517,27.9417,16.3728,7.8592,7.5,3.5,1.6162,-0.9351,-1.2154,100.8479,83.5833,26.9833,27.1125,27.2,27.2,0.4718,0.457,0.4722,0.5,0.469
2023-11-03,27.4708,23.6,31.9,24.7458,86.2917,0.5825,1.0375,29.6083,19.5696,9.3933,0.9,4.14,1.33,-0.7447,-0.6421,100.6708,82.5417,27.5917,27.2042,27.2,27.2,0.4634,0.4643,0.4689,0.5,0.4675
2023-11-04,26.7042,24.3,31.6,25.0083,91.0,0.365,0.6592,28.4083,17.1108,8.2132,7.6,3.56,0.7487,-0.2418,-0.2465,100.6988,83.5417,27.5292,27.5458,27.2,27.2,0.4582,0.4652,0.4659,0.4995,0.4652
2023-11-05,26.6625,23.7,31.6,24.7208,90.1667,0.41,0.7658,28.5417,17.802,8.545,6.6,3.75,0.7754,-0.4367,-0.4086,100.7892,84.1667,27.4667,27.3792,27.2083,27.2,0.4717,0.474,0.4632,0.499,0.4661
2023-11-06,27.05,24.5,31.6,25.0333,89.625,0.4354,0.795,29.0,17.9748,8.6279,6.2,3.76,1.055,-0.7216,-0.4714,100.8062,73.875,27.6792,27.5083,27.275,27.2,0.4841,0.4746,0.4611,0.4988,0.4655
2023-11-07,26.5417,24.3,30.9,25.1375,92.4583,0.2954,0.5242,28.0083,14.7564,7.0831,4.4,3.06,1.1788,-0.4818,-0.9537,100.8321,98.4583,27.2958,27.4292,27.3,27.2,0.4828,0.4781,0.4595,0.498,0.465
2023-11-08,26.6167,24.1,31.5,25.0708,91.875,0.3321,0.61,28.2667,15.9336,7.6481,6.0,3.32,1.0475,-0.7009,-0.574,100.7675,94.875,27.3583,27.3375,27.3,27.2,0.4713,0.4861,0.4583,0.498,0.465
2023-11-09,25.8917,24.1,28.6,25.15,95.875,0.1512,0.2758,26.9333,11.538,5.5382,18.3,2.42,0.8121,-0.4334,-0.2876,100.7954,97.0833,26.825,27.1708,27.3,27.2,0.4692,0.4922,0.467,0.4974,0.4724
2023-11-10,26.3667,23.7,30.8,24.8792,92.0833,0.3138,0.5567,28.0083,13.7844,6.6166,2.2,2.93,1.2412,-0.819,-0.864,100.9108,98.25,27.0333,26.9792,27.2333,27.2,0.465,0.4831,0.4786,0.497,0.4786
2023-11-11,26.7167,24.3,31.0,24.9333,90.75,0.3762,0.6808,28.3083,14.4576,6.9396,3.4,3.05,1.5408,-0.9721,-1.052,100.93,78.875,27.1375,27.1,27.2,27.2,0.4712,0.4752,0.477,0.497,0.4763
2023-11-12,26.9042,23.6,31.2,24.7167,88.6667,0.4646,0.8342,29.0,17.352,8.3289,0.3,3.54,1.63,-1.2308,-0.8622,100.9338,90.5,27.3167,27.225,27.2,27.2,0.4702,0.4712,0.4747,0.497,0.4737
2023-11-13,27.3833,23.5,31.6,23.85,82.0833,0.7346,1.1492,29.525,18.612,8.9337,0.3,4.14,2.3275,-1.7711,-1.4056,100.9008,94.0,27.4167,27.225,27.2,27.2,0.4527,0.4636,0.4718,0.4963,0.4687
2023-11-14,27.0708,25.2,30.3,23.8542,83.0417,0.6392,0.915,28.5167,16.6824,8.0078,2.1,3.63,2.7858,-1.9277,-1.9515,100.9633,75.75,27.4042,27.4458,27.2083,27.2,0.4411,0.4546,0.4687,0.496,0.4638
2023-11-15,26.7708,24.7,30.3,22.8792,79.7083,0.7462,1.01,28.0,17.1252,8.2202,0.9,3.87,3.1175,-2.2631,-2.0901,101.0325,78.9167,27.175,27.2792,27.2458,27.2,0.4336,0.447,0.4655,0.4956,0.4594
2023-11-16,27.0708,25.0,30.5,23.4375,80.9167,0.7133,0.9792,28.4167,16.704,8.018,1.4,3.8,3.1062,-2.2916,-2.0209,101.09,86.4167,27.3542,27.2542,27.2375,27.2,0.4219,0.4393,0.4623,0.495,0.4546
2023-11-17,24.7583,22.4,27.6,19.4375,72.75,0.8675,0.99,25.275,15.4836,7.4322,1.2,3.77,4.8842,-3.2722,-3.555,101.2142,67.7917,25.9333,26.7792,27.225,27.2,0.418,0.432,0.4589,0.495,0.4504
2023-11-18,23.3083,20.3,26.4,16.1833,64.375,1.025,1.0875,24.1333,21.2076,10.1798,0.0,5.05,4.2875,-2.704,-3.321,101.1675,32.7083,24.8708,25.8708,27.1292,27.2,0.4008,0.4242,0.4555,0.4942,0.4451
2023-11-19,23.0583,19.8,26.8,16.9708,68.75,0.8979,1.0508,24.25,19.3968,9.3104,0.0,4.45,3.6787,-2.389,-2.7766,101.1129,65.2083,24.2958,25.1875,26.9333,27.2,0.3859,0.4166,0.4519,0.494,0.4399
2023-11-20,23.4417,19.6,28.0,18.1542,72.7083,0.8279,1.1092,25.3417,21.2652,10.2072,0.0,4.53,3.0925,-2.0046,-2.3129,101.0171,44.5833,24.3125,24.8875,26.7292,27.2,0.3739,0.4094,0.4485,0.4932,0.4351
2023-11-21,24.5333,20.5,29.3,19.8042,75.8333,0.8154,1.1992,26.825,20.2428,9.7166,0.0,4.4,2.5575,-1.6115,-1.951,100.8675,96.625,24.8958,25.0708,26.5417,27.2,0.363,0.4022,0.4451,0.493,0.4304
2023-11-22,25.4208,20.6,30.5,21.1542,78.75,0.8,1.2808,28.0833,18.7092,8.9803,0.0,4.14,2.1942,-1.4656,-1.5877,100.74,72.875,25.6,25.4917,26.4292,27.2,0.3531,0.396,0.4417,0.492,0.4259
2023-11-23,25.8208,20.9,30.8,21.525,78.8333,0.815,1.3358,28.4,18.8028,9.0253,0.1,4.13,2.1946,-1.5002,-1.5596,100.7217,65.4167,26.0833,25.9417,26.4,27.2,0.3442,0.3898,0.4385,0.4918,0.4217
2023-11-24,26.2583,22.6,30.8,21.7917,77.7083,0.8433,1.2842,28.3417,17.73,8.5104,0.1,4.03,2.7912,-1.9678,-1.8884,100.79,67.2917,26.3583,26.25,26.4,27.1292,0.3365,0.384,0.4354,0.491,0.4177
2023-11-25,25.8875,23.3,29.2,19.8125,69.7083,1.0404,1.3233,26.9417,14.8608,7.1333,0.1,3.78,3.0267,-1.7911,-2.3818,100.8508,77.9583,26.0208,26.25,26.4,27.1,0.3283,0.3786,0.4323,0.4906,0.4138
2023-11-26,25.7417,24.0,28.3,21.0542,75.9167,0.8092,0.9583,26.6667,11.3796,5.4622,2.8,3.07,2.9725,-1.6678,-2.38,100.8942,89.0833,26.0542,26.2458,26.4,27.1,0.3288,0.3744,0.4298,0.49,0.4111
2023-11-27,26.2542,24.0,29.5,21.875,77.625,0.805,1.0842,27.575,14.166,6.7997,0.2,3.33,3.6958,-2.3897,-2.8018,100.8692,71.7917,26.2125,26.1417,26.4,27.1,0.3417,0.3713,0.4272,0.4896,0.4094
2023-11-28,25.45,22.7,29.0,18.5,65.75,1.1383,1.3875,26.5917,18.5976,8.9269,0.0,4.47,3.5238,-2.4783,-2.4346,100.8333,77.9167,26.0,26.1667,26.4,27.1,0.3312,0.367,0.4246,0.489,0.406
2023-11-29,26.125,22.8,30.5,19.525,67.5417,1.1396,1.4608,27.7083,17.5068,8.4032,0.0,4.22,3.2846,-2.265,-2.2762,100.8179,72.3333,26.35,26.1708,26.4,27.1,0.3207,0.3623,0.4217,0.4885,0.4021
2023-11-30,27.3458,24.0,31.6,21.45,70.8333,1.1138,1.5083,29.175,17.9748,8.6278,0.1,4.26,2.8492,-1.9736,-1.988,100.86,90.5833,27.1833,26.6542,26.4292,27.1,0.3122,0.3577,0.419,0.488,0.3986
2023-12-01,28.0625,25.5,32.0,22.8875,74.2917,1.0308,1.4058,29.6583,16.2648,7.8072,0.6,4.0,3.1104,-2.4131,-1.8872,100.7858,59.5833,27.9625,27.3,26.5292,27.1,0.3074,0.3536,0.4161,0.487,0.3954
2023-12-02,27.575,24.7,31.6,22.825,76.3333,0.9362,1.3758,29.2667,16.4376,7.8899,0.2,3.83,3.1596,-2.3882,-1.9131,100.8363,89.0,27.8333,27.5208,26.6458,27.1,0.3035,0.35,0.4138,0.4866,0.3927
2023-12-03,27.0375,25.4,30.3,22.8208,78.125,0.8067,1.0883,28.175,13.1544,6.3141,2.2,3.22,3.1408,-2.3694,-1.8508,100.8392,76.0,27.4292,27.45,26.7625,27.1,0.3028,0.3465,0.4114,0.486,0.3902
2023-12-04,27.3625,24.6,31.4,23.1458,79.125,0.8367,1.2583,28.9833,15.4512,7.4166,0.6,3.48,2.2479,-1.7263,-1.3058,100.8488,76.7917,27.5958,27.2833,26.8208,27.0125,0.3049,0.3438,0.4092,0.4855,0.3882
2023-12-05,27.1625,24.2,31.9,23.8625,83.2917,0.6671,1.0667,28.8417,15.0192,7.2092,6.0,3.27,1.5538,-1.1662,-0.9032,100.8046,78.4167,27.6667,27.475,26.9,27.0,0.3119,0.3411,0.4073,0.485,0.3867
2023-12-06,27.5792,23.7,32.6,23.8708,81.9167,0.7783,1.3375,29.8583,17.1144,8.2151,0.9,3.77,1.6958,-1.2082,-1.1375,100.8579,32.375,27.8125,27.4958,26.9833,27.0,0.3255,0.3389,0.4052,0.4844,0.3857
2023-12-07,27.0083,24.3,31.0,22.8875,79.3333,0.8012,1.2317,28.6917,14.9292,7.1659,0.3,3.37,2.4179,-1.6588,-1.7026,100.8988,48.4583,27.4292,27.4583,27.0083,27.0,0.3225,0.3366,0.4033,0.484,0.3837
2023-12-08,27.2833,22.6,32.3,21.7542,73.7083,1.0771,1.6883,29.6917,18.3132,8.7903,0.0,4.05,1.9929,-1.4668,-1.3072,100.8842,57.9583,27.5667,27.3458,27.1,27.0,0.3139,0.3337,0.4012,0.483,0.3809
2023-12-09,27.6875,22.1,33.1,21.975,73.5417,1.1454,1.8142,30.2583,18.36,8.8127,0.0,3.9,0.7492,-0.3002,-0.3326,100.7925,44.4583,27.8125,27.5292,27.1,27.0,0.3043,0.3307,0.3991,0.4825,0.3781
2023-12-10,28.1542,23.0,33.8,23.0333,76.1667,1.0567,1.7408,30.6083,17.82,8.5537,0.0,3.87,0.9338,-0.3118,0.35,100.6788,60.5,28.05,27.6792,27.1333,27.0,0.2965,0.3279,0.397,0.482,0.3755
2023-12-11,28.4875,23.7,33.8,23.1,75.4167,1.1175,1.8525,30.9417,18.5148,8.8872,0.0,4.02,0.7858,-0.6861,-0.1832,100.7404,41.5833,28.4958,28.0083,27.2167,27.0,0.2902,0.3255,0.395,0.4814,0.3731
2023-12-12,28.0833,23.0,34.3,22.1708,73.0417,1.205,1.9558,30.8583,18.8748,9.06,0.2,4.29,1.4704,-1.3497,-0.4408,100.7329,65.875,28.3292,28.075,27.3,27.0583,0.2846,0.3225,0.3929,0.4806,0.3706
2023-12-13,27.8917,23.3,33.0,21.5167,70.2917,1.2529,1.8958,30.3917,18.594,8.9251,0.0,4.35,2.1875,-1.8091,-1.116,100.8742,73.125,28.1792,28.0,27.3958,27.1,0.2802,0.3197,0.3906,0.48,0.368
2023-12-14,28.3667,23.6,33.4,21.4208,67.9167,1.3704,1.9958,30.7583,18.9216,9.0824,0.3,4.5,2.405,-1.9471,-1.3286,100.9212,71.0,28.5917,28.1458,27.4167,27.1,0.2768,0.3171,0.3882,0.4794,0.3655
2023-12-15,27.9708,23.4,32.9,22.225,72.9167,1.1529,1.8167,30.525,16.992,8.1563,0.3,3.91,1.8567,-1.4248,-1.104,100.8758,89.5417,28.5042,28.2875,27.5,27.1,0.2757,0.315,0.3863,0.4788,0.3636
2023-12-16,28.0417,22.8,33.2,22.0875,72.5833,1.2079,1.9392,30.8083,17.9712,8.6262,0.2,4.18,1.9162,-1.5113,-1.1069,100.8404,39.2917,28.4667,28.1875,27.5375,27.1,0.2749,0.3129,0.3845,0.478,0.3618
2023-12-17,27.7875,23.8,32.5,22.075,72.8333,1.125,1.6917,29.8917,17.7984,8.5431,0.2,4.23,2.5821,-2.1324,-1.3137,100.8854,14.1667,28.3083,28.2083,27.6,27.1,0.2727,0.311,0.3828,0.4775,0.36
2023-12-18,27.4792,24.0,31.7,20.375,66.0833,1.3025,1.735,28.9833,18.0756,8.6763,0.0,4.37,3.135,-2.3642,-1.9695,100.9879,23.9167,28.225,28.1833,27.625,27.1,0.2698,0.3089,0.381,0.477,0.358
2023-12-19,27.5625,23.7,32.2,20.9458,68.5833,1.2567,1.7858,29.6583,18.6264,8.9408,0.1,4.39,2.5467,-1.7006,-1.835,100.9754,21.6667,28.1458,28.0083,27.7,27.1,0.2675,0.307,0.379,0.476,0.3561
2023-12-20,27.3458,23.8,32.0,20.475,67.625,1.2717,1.7733,29.1167,18.936,9.0893,0.0,4.47,2.8858,-1.909,-2.1036,100.9208,20.4167,27.9708,27.9625,27.7,27.1,0.266,0.305,0.3771,0.4755,0.3542
2023-12-21,25.65,22.7,29.5,16.4042,56.7917,1.4458,1.625,26.725,20.124,9.6594,0.0,5.11,4.3262,-2.8231,-3.2478,101.0258,1.875,27.275,27.7833,27.7,27.1,0.2641,0.3031,0.3752,0.475,0.3523
2023-12-22,22.7583,19.1,26.4,13.025,54.4583,1.2912,1.4175,23.6833,20.2104,9.701,0.0,5.12,5.5558,-3.6324,-4.182,101.2358,60.3333,25.15,26.65,27.625,27.1,0.2626,0.3015,0.3735,0.4742,0.3507
2023-12-23,21.9167,17.6,26.1,12.1208,54.0,1.2425,1.3658,23.1,19.3536,9.2896,0.0,4.97,5.3579,-3.296,-4.208,101.315,88.125,24.075,25.4667,27.425,27.1,0.2616,0.3005,0.3721,0.4736,0.3493
2023-12-24,22.5167,19.3,25.2,13.3708,56.2917,1.2021,1.2233,23.0167,11.0988,5.3275,0.0,3.94,4.6933,-2.7385,-3.7949,101.3825,98.8333,23.9375,24.9875,27.1958,27.1,0.261,0.2994,0.3706,0.473,0.348
2023-12-25,22.3333,18.7,26.7,13.1333,56.3333,1.2112,1.3592,23.2333,16.0164,7.688,0.2,4.56,4.6262,-2.9019,-3.5732,101.3221,67.4583,23.9708,24.7708,26.95,27.1,0.2613,0.2985,0.3696,0.4726,0.3471
2023-12-26,23.9792,21.0,28.0,14.7042,56.2917,1.3238,1.5233,25.3667,16.74,8.0351,0.0,4.54,3.8929,-2.6527,-2.8232,101.2962,67.5833,24.925,25.0292,26.7417,27.1,0.2605,0.2975,0.3685,0.472,0.346
2023-12-27,25.6625,22.3,30.3,17.1708,60.0,1.3708,1.735,27.55,18.3168,8.7922,0.0,4.54,3.3862,-2.4156,-2.3548,101.2604,66.0417,26.1875,25.7333,26.6208,27.1,0.26,0.2965,0.3669,0.4714,0.3446
2023-12-28,25.9625,21.3,31.5,19.1708,67.625,1.1983,1.725,28.3833,17.7516,8.5209,0.0,4.21,2.9883,-1.9692,-2.1132,101.1121,27.25,26.2875,26.0958,26.6,27.1,0.2595,0.2952,0.3655,0.4707,0.3433
2023-12-29,27.5417,24.0,32.2,20.4583,66.25,1.3246,1.8083,29.5833,17.982,8.6313,0.0,4.35,2.7708,-1.8339,-2.0229,100.9762,21.75,27.6042,26.825,26.6,27.1,0.259,0.2941,0.364,0.47,0.3419
2023-12-30,27.75,23.7,32.9,21.0542,68.2083,1.285,1.8333,29.9583,17.9424,8.6125,0.4,4.29,2.285,-1.5358,-1.6399,100.8817,35.4167,28.0083,27.4167,26.6542,27.1,0.2592,0.2933,0.3625,0.4695,0.3407
2023-12-31,28.2958,22.9,33.9,21.5625,69.5,1.3558,2.0842,31.0667,18.8316,9.0391,0.0,4.35,1.8467,-1.3482,-1.189,100.8929,48.125,28.625,27.8167,26.775,27.1,0.26,0.2924,0.361,0.469,0.3396
2024-01-01,27.8708,23.1,32.8,21.8458,71.75,1.1946,1.7917,30.275,17.4924,8.3963,0.1,4.02,1.9183,-1.5129,-1.1088,100.8762,52.125,28.475,28.1,26.9208,27.1,0.2604,0.2914,0.3595,0.4681,0.3383
2024-01-02,28.2875,22.6,34.0,21.2792,68.7917,1.3929,2.1442,30.9917,18.3636,8.8145,0.0,4.32,1.7054,-1.2974,-0.9805,100.8638,65.6667,28.7208,28.1542,27.0333,27.1,0.2606,0.2905,0.3581,0.4676,0.3371
2024-01-03,27.8042,21.8,33.8,19.5583,64.8333,1.5475,2.39,30.7083,19.7388,9.4747,0.0,4.73,2.1521,-1.5991,-1.381,100.8596,57.0833,28.475,28.175,27.1417,27.1,0.2597,0.2895,0.3565,0.467,0.3357
2024-01-04,27.6167,22.5,33.2,19.5417,64.0,1.5004,2.1542,30.25,19.7064,9.4591,0.0,4.75,2.47,-2.0228,-1.3443,100.8946,18.5417,28.4458,28.1792,27.2417,27.1,0.259,0.2886,0.3551,0.4664,0.3344
2024-01-05,27.325,21.8,33.0,19.2792,63.6667,1.4846,2.1142,30.0,17.6472,8.4707,0.0,4.34,2.3108,-1.8032,-1.3487,100.9479,59.9167,28.0875,28.0125,27.3167,27.1,0.2585,0.288,0.3536,0.4657,0.3332
2024-01-06,27.4,22.0,33.1,19.3667,63.4167,1.475,2.0733,29.9167,16.578,7.9573,0.0,4.26,2.3579,-1.7844,-1.473,100.9654,75.875,28.1208,27.9625,27.4,27.1,0.258,0.2875,0.3525,0.465,0.3322
2024-01-07,27.575,22.2,33.0,18.8958,61.2083,1.5812,2.2425,30.125,20.3076,9.7475,0.0,4.78,2.3337,-1.6261,-1.6356,100.9925,23.5833,28.3542,28.0167,27.4167,27.1,0.2574,0.2866,0.3511,0.4645,0.331
2024-01-08,27.5667,20.7,34.3,19.1708,63.0833,1.5858,2.3867,30.775,20.5776,9.8774,0.0,4.64,1.5692,-1.2322,-0.9344,100.9275,9.3333,28.4833,28.1125,27.5,27.1,0.257,0.286,0.3496,0.464,0.3297
2024-01-09,28.3292,22.6,34.5,20.4833,65.4167,1.5458,2.3,31.2333,19.6524,9.4331,0.0,4.25,0.8246,-0.3833,-0.1523,100.8567,6.0,28.8208,28.325,27.525,27.1,0.2565,0.2855,0.3485,0.463,0.3288
2024-01-10,28.4458,22.1,34.9,21.7625,70.8333,1.3708,2.2358,31.3667,20.0628,9.6301,0.0,4.37,1.0487,-0.6191,0.3203,100.7775,46.9167,29.2375,28.6292,27.6167,27.1,0.256,0.285,0.347,0.4626,0.3276
2024-01-11,28.5333,24.1,33.2,22.8458,73.7917,1.1571,1.7683,30.5083,16.8156,8.0713,0.1,3.62,0.57,-0.3373,0.1216,100.8575,54.4583,29.1125,28.825,27.7125,27.1,0.2566,0.2846,0.3456,0.462,0.3266
2024-01-12,28.4042,24.4,33.6,22.5625,73.3333,1.1838,1.8842,30.6917,18.1584,8.7159,0.0,3.93,0.9671,-0.5297,0.5663,100.8133,41.25,29.1542,28.8125,27.8,27.1,0.2577,0.284,0.3446,0.4614,0.3258
2024-01-13,28.2958,23.9,33.0,21.6417,70.0,1.3017,1.93,30.4333,17.9892,8.6349,0.0,4.04,1.3771,-1.1451,0.0384,100.8354,59.4167,28.8042,28.7083,27.8958,27.1792,0.259,0.284,0.3436,0.4609,0.3252
2024-01-14,27.7333,22.8,33.0,19.6,63.7917,1.5058,2.1575,30.2583,19.8648,9.535,0.0,4.58,2.0629,-1.6575,-1.1344,100.9475,63.5417,28.5917,28.4958,27.9,27.2,0.2587,0.2835,0.3425,0.46,0.3243
2024-01-15,26.8042,21.6,32.5,18.4125,62.0833,1.4867,2.0833,29.475,20.43,9.8064,0.0,4.67,2.4425,-1.9085,-1.4422,100.9271,63.9167,27.9542,28.2042,27.9,27.2,0.258,0.283,0.3415,0.4596,0.3234
2024-01-16,26.675,21.2,32.8,18.1542,61.7083,1.5046,2.1217,29.45,20.8512,10.0087,0.0,4.95,2.5783,-1.9512,-1.5649,100.8958,77.875,27.6458,27.8458,27.9,27.2,0.2575,0.283,0.3404,0.459,0.3225
2024-01-17,26.9792,21.0,33.1,17.5542,58.5417,1.6483,2.2833,29.8167,20.9556,10.0587,0.0,4.91,2.3292,-1.8664,-1.3255,100.8642,80.875,27.8667,27.8167,27.8958,27.2,0.2568,0.2825,0.3391,0.4584,0.3214
2024-01-18,27.3333,20.4,34.1,17.6583,58.375,1.74,2.5175,30.575,21.2508,10.2005,0.0,4.89,1.8533,-1.3707,-1.1978,100.8504,53.125,28.2375,27.9625,27.8292,27.2,0.256,0.282,0.3376,0.4577,0.3202
2024-01-19,27.7625,20.4,35.3,18.1,60.5833,1.7904,2.8042,31.3583,21.348,10.2471,0.0,4.8,1.3121,-0.6245,-0.3661,100.7988,37.9167,28.6167,28.2083,27.8292,27.2,0.2557,0.282,0.3365,0.457,0.3194
2024-01-20,27.8333,22.3,34.1,21.85,73.7917,1.1971,2.0367,30.6167,18.5436,8.9007,0.0,4.03,0.9679,-0.1445,0.5165,100.8296,48.0833,28.8042,28.5,27.9,27.2,0.255,0.282,0.3355,0.4565,0.3187
2024-01-21,27.8417,23.2,33.2,22.5542,75.9583,1.0633,1.7825,30.125,16.7004,8.0162,0.1,3.59,0.7325,-0.095,0.525,100.9383,89.5,28.7292,28.5583,27.9,27.2,0.2555,0.2815,0.3345,0.456,0.3179
2024-01-22,27.8208,23.7,33.1,22.9958,77.9167,0.9758,1.6933,30.125,16.6464,7.9902,3.4,3.67,1.0621,0.0323,0.8325,100.9738,79.5417,28.7542,28.6,27.9375,27.2542,0.2602,0.281,0.3336,0.4553,0.3174
2024-01-23,26.75,24.0,31.5,21.5417,75.5833,0.9658,1.3375,27.9917,13.932,6.6873,1.1,3.22,2.025,-1.6651,-0.2126,101.0779,90.25,27.6458,28.1625,28.0,27.3,0.2959,0.281,0.333,0.455,0.3195
2024-01-24,27.2583,23.5,31.5,17.9375,57.4583,1.5792,1.9208,28.3583,16.4736,7.9074,0.0,4.56,3.2146,-2.534,-1.611,101.1675,86.8333,27.9125,27.9458,27.9417,27.3,0.291,0.281,0.3325,0.4543,0.3188
2024-01-25,27.2292,23.4,31.8,17.05,54.1667,1.6983,1.9908,28.5417,17.9424,8.6123,0.0,5.13,3.5092,-2.7118,-2.0505,101.3038,91.375,28.05,27.975,27.9,27.3,0.2833,0.281,0.3316,0.4538,0.3176
2024-01-26,27.1333,23.2,32.3,17.275,55.4583,1.6688,2.06,28.8667,20.1816,9.6871,0.0,5.2,3.1771,-2.4868,-1.8675,101.3671,45.375,28.1083,27.975,27.9,27.3,0.2769,0.281,0.3307,0.453,0.3165
2024-01-27,27.5083,23.6,33.2,17.6,56.375,1.7238,2.2625,29.8167,20.178,9.6854,0.0,5.04,2.6217,-2.1234,-1.4648,101.2512,32.0833,28.3,28.075,27.9,27.3,0.2721,0.281,0.3297,0.4526,0.3154
2024-01-28,27.5833,22.1,33.5,17.1125,54.875,1.8283,2.4238,30.1615,21.4524,10.297,0.0,5.15,2.26,-1.9805,-0.9888,101.2358,34.7917,28.5292,28.2333,27.9,27.3,0.2681,0.281,0.3289,0.452,0.3146
2024-01-29,27.5333,22.7,33.1,17.6,56.2083,1.74,2.2862,29.8462,19.71,9.4608,0.0,4.68,2.0117,-1.6246,-0.8977,101.2104,31.875,28.5042,28.3417,27.9,27.3,0.2651,0.281,0.3282,0.4514,0.3139
2024-01-30,28.0,22.3,34.1,20.3875,66.5417,1.4492,2.1585,30.4154,18.6876,8.9701,0.0,4.2,1.245,-0.3824,0.2159,101.1533,46.125,28.7667,28.4417,27.9083,27.3,0.2632,0.2805,0.3275,0.4509,0.3131
2024-01-31,28.2208,23.8,33.3,22.6625,74.875,1.1262,1.82,30.3769,18.684,8.9683,0.0,4.15,1.0821,0.2003,0.8823,101.1179,81.625,29.1292,28.6917,28.0,27.3,0.2621,0.28,0.3265,0.45,0.3122
2024-02-01,27.5333,24.2,31.8,23.475,80.0417,0.8212,1.3123,29.2692,17.28,8.2943,1.2,3.77,1.2529,0.6535,0.9248,101.1362,74.25,28.675,28.75,28.0083,27.3542,0.2658,0.28,0.3258,0.4498,0.312
2024-02-02,27.6875,24.0,32.6,23.5333,79.9167,0.8558,1.3854,29.6231,18.756,9.0029,0.8,4.07,1.1087,0.5501,0.8211,101.0308,44.7083,28.6167,28.5,28.0625,27.4,0.2723,0.28,0.3255,0.449,0.3122
2024-02-03,27.5167,24.7,32.0,24.0083,82.25,0.7233,1.1362,29.2154,17.4636,8.3824,1.9,3.81,1.5829,0.7748,1.3494,101.0512,49.2917,28.4958,28.5042,28.1,27.4,0.2798,0.28,0.325,0.449,0.3124
2024-02-04,27.7333,24.1,32.3,23.9,81.25,0.7967,1.2715,29.6,19.0656,9.1516,1.3,4.21,1.5946,0.8459,1.2375,101.085,38.2917,28.5792,28.4083,28.1,27.4,0.2894,0.28,0.3245,0.4482,0.3127
2024-02-05,28.1208,24.9,33.7,24.0375,80.5,0.8671,1.4331,30.2077,18.9468,9.0942,1.2,4.17,1.3442,0.2417,1.1045,101.065,45.9167,28.9375,28.6167,28.1,27.4,0.2939,0.28,0.3239,0.448,0.3126
2024-02-06,27.5958,24.8,32.5,24.6167,84.8333,0.6329,0.9715,29.1615,16.7292,8.03,9.2,3.55,1.37,0.1388,1.2126,101.0858,63.0833,28.2792,28.525,28.1,27.4,0.3246,0.2803,0.3235,0.4474,0.3145
2024-02-07,27.2333,24.1,32.3,24.2625,84.75,0.6212,0.9938,29.1538,17.766,8.5277,1.5,3.7,1.2892,0.3322,1.071,100.9788,60.6667,28.025,28.1583,28.1,27.4,0.3642,0.2827,0.323,0.447,0.3174
2024-02-08,27.6083,24.8,31.8,24.6792,85.2083,0.6204,1.0285,29.3769,19.0728,9.155,2.7,4.01,1.6946,0.4835,1.4833,100.8592,57.625,28.1542,28.0958,28.1,27.4,0.3611,0.2846,0.323,0.4468,0.3176
2024-02-09,27.4292,24.9,31.8,24.8875,86.875,0.5425,0.89,29.0615,16.7868,8.0574,4.6,3.58,1.2729,-0.0792,1.2041,101.0333,60.0417,28.1,28.1667,28.1,27.4,0.3694,0.2862,0.3226,0.446,0.3183
2024-02-10,27.3208,23.7,31.6,22.7875,78.1667,0.8933,1.2754,28.9154,15.9984,7.6794,0.7,3.58,1.9492,-1.548,-0.8132,101.2288,47.875,27.65,27.8333,28.0292,27.425,0.3802,0.2894,0.3225,0.446,0.3196
2024-02-11,27.0833,22.8,32.1,16.7917,54.0,1.7108,2.0762,28.7,23.1876,11.1301,0.0,5.8,3.5271,-2.6633,-2.2235,101.3979,39.625,27.5917,27.7375,28.0,27.5,0.3557,0.291,0.322,0.4455,0.3178
2024-02-12,26.5167,22.2,32.2,16.0,53.375,1.7071,2.1231,28.4923,23.3244,11.1959,0.0,5.56,3.1,-2.2985,-2.0059,101.3425,49.2917,27.2125,27.5042,27.9292,27.5,0.3322,0.2905,0.3214,0.445,0.3157
2024-02-13,26.9333,21.1,33.7,16.7208,56.0417,1.76,2.3992,29.8615,23.6376,11.346,0.0,5.67,2.4896,-1.8996,-1.4815,101.1679,10.5417,27.4417,27.3875,27.8458,27.5,0.3142,0.2896,0.3205,0.4444,0.3136
2024-02-14,28.0542,21.2,35.1,18.4833,59.2083,1.7788,2.6223,31.3,22.8096,10.9486,0.0,5.08,1.3196,-0.9242,-0.2453,101.035,12.1667,28.5583,27.8958,27.8,27.5,0.2995,0.2886,0.3196,0.4438,0.3117
2024-02-15,28.65,22.9,35.5,22.5667,73.1667,1.2683,2.0623,31.2615,20.8548,10.0104,0.0,4.68,1.2792,0.0507,0.4489,101.0404,27.875,29.2083,28.5792,27.8375,27.5,0.2892,0.2877,0.319,0.443,0.3103
2024-02-16,28.3792,24.1,33.8,23.4708,77.5,1.0288,1.6754,30.5846,18.63,8.9425,1.2,4.15,1.1254,-0.3244,0.3618,101.0275,47.625,29.2542,28.9083,27.925,27.5,0.2853,0.287,0.3185,0.4429,0.3096
2024-02-17,27.5167,25.2,31.6,23.5583,80.3333,0.7971,1.2115,29.0692,16.7616,8.0456,1.9,3.71,1.3858,0.3685,1.2377,100.9196,52.7083,28.55,28.7417,28.0,27.5,0.2917,0.2866,0.318,0.442,0.3096
2024-02-18,27.6,24.1,32.5,22.7708,76.7917,0.965,1.5015,29.5692,20.52,9.8496,0.3,4.56,1.7154,0.4735,1.5202,100.9371,36.8333,28.5083,28.4208,28.0125,27.5,0.2957,0.286,0.3177,0.442,0.3095
2024-02-19,27.9292,24.1,32.3,23.275,77.7917,0.9521,1.51,29.8769,20.4408,9.8117,0.4,4.53,1.8312,0.4788,1.6962,100.9312,90.25,28.5333,28.3667,28.0583,27.5,0.2905,0.2857,0.3174,0.4415,0.3088
2024-02-20,28.2083,24.9,32.8,23.3,76.6667,1.0062,1.5669,30.1846,20.3148,9.7511,0.0,4.58,2.0921,0.6052,1.8916,100.8708,63.4583,28.8833,28.5625,28.1,27.5,0.2855,0.285,0.3167,0.441,0.3078
2024-02-21,28.0875,24.4,32.8,23.5417,78.3333,0.9379,1.4969,30.0846,20.88,10.0225,0.6,4.75,2.2529,0.5927,2.073,100.8246,48.75,28.9917,28.7083,28.1,27.5,0.282,0.2847,0.3164,0.4405,0.3074
2024-02-22,27.975,24.9,32.5,24.1083,80.6667,0.8083,1.2569,29.7308,18.5292,8.8939,2.0,4.03,1.7025,0.2218,1.6175,100.9075,41.2917,28.9667,28.8042,28.1333,27.5,0.2848,0.2841,0.316,0.44,0.3071
2024-02-23,27.9792,24.8,32.7,24.0583,80.6667,0.8167,1.2677,29.7462,18.7128,8.9823,1.4,4.08,1.5612,0.2622,1.495,100.9621,35.0,28.9,28.7458,28.2,27.5417,0.2925,0.284,0.3156,0.4397,0.3073
2024-02-24,28.0625,24.5,32.6,24.1417,80.5417,0.8192,1.2331,29.6538,19.1952,9.2137,1.5,4.23,1.3988,0.4123,1.3112,100.9571,37.875,28.6667,28.625,28.2,27.6,0.2969,0.284,0.315,0.439,0.3072
2024-02-25,28.0042,24.7,33.2,24.025,80.5417,0.835,1.3162,29.7846,18.666,8.9598,1.4,4.1,1.1071,0.3096,0.8056,100.9221,28.8333,28.5625,28.5375,28.2,27.6,0.303,0.2836,0.315,0.439,0.3076
2024-02-26,29.0792,24.0,34.8,22.3708,70.625,1.3879,2.1362,31.5231,21.2688,10.209,0.1,4.85,1.4971,-0.9867,-0.037,100.8962,30.0833,29.2458,28.675,28.2042,27.6,0.3036,0.2833,0.3145,0.4384,0.3072
2024-02-27,29.2667,25.3,35.5,22.5417,71.3333,1.3875,2.2108,31.6769,22.0176,10.5684,0.4,5.09,1.4204,-0.167,0.4837,100.8479,36.7083,29.4417,28.975,28.3,27.6,0.2931,0.283,0.3137,0.438,0.3058
2024-02-28,28.3083,25.2,32.9,23.9875,78.75,0.9004,1.3492,29.8923,18.9432,9.0929,2.6,4.14,0.9133,0.3178,0.6365,100.7517,40.375,29.1667,29.1417,28.3083,27.6,0.2978,0.283,0.3133,0.4374,0.3059
2024-02-29,27.5375,25.8,31.4,24.15,82.5,0.6854,0.9646,28.6385,17.9892,8.6347,7.9,3.9,1.3054,0.7567,0.9915,100.8167,53.2083,28.375,28.7833,28.4,27.6,0.3395,0.2831,0.313,0.437,0.3086
2024-03-01,27.7,25.4,32.1,24.3875,82.7917,0.6904,0.9792,29.0692,18.2448,8.7576,5.3,3.89,1.1538,0.4627,0.9663,100.8608,44.2083,28.2708,28.3667,28.3333,27.6,0.3894,0.2853,0.313,0.437,0.3125
2024-03-02,27.3375,25.4,30.9,24.3542,84.375,0.6058,0.8677,28.5615,15.48,7.4305,8.9,3.29,0.9138,0.0707,0.333,100.8796,63.375,27.8708,28.1875,28.3,27.6,0.4318,0.2935,0.313,0.4364,0.3172
2024-03-03,27.95,23.7,32.8,24.1458,81.4167,0.8033,1.28,29.8231,19.6416,9.428,1.0,4.3,1.5425,-0.3339,0.2748,100.8088,63.5417,28.3125,28.0792,28.2708,27.6,0.4187,0.306,0.313,0.436,0.3189
2024-03-04,27.5708,25.1,31.1,24.7292,85.125,0.5938,0.9092,28.9846,19.566,9.3916,1.4,4.04,2.0921,1.0256,1.7033,100.775,58.25,28.3583,28.3708,28.2167,27.6917,0.395,0.3088,0.3128,0.436,0.3177
2024-03-05,28.2,25.5,31.7,24.4583,81.2083,0.7867,1.2208,29.9231,20.2788,9.7338,2.4,4.31,1.9408,0.8024,1.6686,100.7,41.0417,28.6208,28.4167,28.2,27.7,0.3805,0.3094,0.3125,0.4355,0.3166
2024-03-06,28.5,24.5,33.6,24.325,80.0833,0.9025,1.4869,30.6615,22.4928,10.7965,0.0,5.0,2.0138,0.6866,1.7622,100.5658,52.25,28.9292,28.575,28.2042,27.7,0.3637,0.3088,0.312,0.435,0.3149
2024-03-07,28.9917,25.3,34.0,24.6708,79.5417,0.95,1.5692,31.1923,20.8548,10.0104,0.3,4.65,1.8917,0.259,1.7885,100.5288,55.0417,29.55,29.0083,28.3,27.7,0.3444,0.3071,0.312,0.4346,0.3132
2024-03-08,28.4958,26.0,32.8,25.2625,83.7083,0.7025,1.1138,30.1154,18.4356,8.849,3.1,4.06,1.9575,0.2288,1.8782,100.6458,82.75,29.2958,29.2042,28.3208,27.7,0.3374,0.3055,0.3115,0.434,0.3121
2024-03-09,28.1583,25.5,32.9,24.1,79.6667,0.8429,1.2638,29.6923,18.5292,8.8941,3.4,4.02,1.3696,0.2309,1.1742,100.7983,90.6667,29.025,28.9708,28.4,27.7,0.3428,0.3045,0.311,0.434,0.3119
2024-03-10,28.25,25.3,32.1,24.0958,79.125,0.8633,1.2477,29.8,17.856,8.5709,1.4,3.84,1.2483,0.3153,1.1047,100.9596,80.75,28.9167,28.85,28.4,27.7,0.3481,0.3035,0.311,0.4335,0.312
2024-03-11,27.75,26.0,31.3,24.7833,84.5417,0.6133,0.9162,28.9462,17.5896,8.443,5.1,3.69,1.1083,0.298,1.0009,101.0312,88.4167,28.5417,28.7125,28.4,27.7,0.357,0.3026,0.311,0.433,0.3125
2024-03-12,26.8792,25.0,29.7,24.4667,86.9167,0.4796,0.6369,27.7308,16.3944,7.8694,15.9,3.4,1.4221,0.3899,1.3157,101.0062,70.7083,27.7042,28.2208,28.4,27.7,0.4009,0.3195,0.311,0.433,0.3191
2024-03-13,27.275,24.5,31.4,23.8167,82.25,0.6979,1.0569,28.9,19.8324,9.5196,2.3,4.19,1.9938,0.5309,1.8286,100.9613,68.1667,27.9792,27.9917,28.3292,27.7,0.3925,0.3442,0.311,0.433,0.3237
2024-03-14,27.5542,24.7,31.2,24.2417,83.0,0.6838,1.0577,29.2692,21.1644,10.1589,1.9,4.52,2.0404,0.6052,1.8227,100.8846,50.0417,28.2667,28.1208,28.3,27.7625,0.3816,0.3427,0.311,0.4322,0.3226
2024-03-15,27.6542,25.0,31.7,24.475,83.6667,0.6642,1.0169,29.3,20.0772,9.6371,2.5,4.29,1.8404,0.1954,1.7205,100.8779,62.1667,28.4792,28.3542,28.3,27.8,0.3753,0.3402,0.3109,0.432,0.3215
2024-03-16,27.7792,25.4,31.5,24.3833,82.5,0.705,1.0546,29.3308,20.2284,9.7096,2.0,4.22,1.8733,0.4164,1.6539,100.9829,72.125,28.5417,28.4667,28.3,27.8,0.3726,0.3376,0.3105,0.432,0.3206
2024-03-17,28.1958,24.1,33.8,23.2208,76.8333,1.0321,1.69,30.5769,23.2668,11.168,0.3,5.11,1.4458,0.1475,1.2282,100.9233,58.5,28.7625,28.475,28.2708,27.8,0.3641,0.3344,0.3101,0.4314,0.319
2024-03-18,28.3917,24.9,33.7,24.3667,80.0833,0.8562,1.2977,30.2,22.1796,10.6462,1.3,4.8,1.3983,0.4544,1.2328,100.7996,47.5,28.775,28.6208,28.3,27.8,0.3516,0.3306,0.31,0.431,0.3172
2024-03-19,26.9708,24.6,30.0,24.725,87.8333,0.4567,0.6692,27.9923,16.1568,7.7554,16.3,3.32,1.4367,0.2377,1.3168,100.8912,53.8333,27.8792,28.45,28.3,27.8,0.3813,0.3288,0.31,0.431,0.3189
2024-03-20,26.05,23.4,31.2,23.7833,88.1667,0.4525,0.7077,27.4923,15.39,7.387,10.8,3.14,1.0554,-0.2013,-0.4697,101.0412,52.9167,27.0875,27.675,28.2375,27.8,0.4328,0.3419,0.31,0.4304,0.3253
2024-03-21,27.3625,23.6,32.4,22.1875,75.5,1.0167,1.6192,29.4462,22.86,10.9729,0.4,4.91,1.7929,-0.9642,-0.3616,100.8733,26.0417,27.675,27.4958,28.1417,27.8,0.4159,0.3688,0.31,0.43,0.3298
2024-03-22,26.6708,24.7,30.0,24.2,86.75,0.4908,0.7077,27.7308,16.9776,8.1493,6.9,3.53,1.2008,0.4161,1.0129,100.6579,64.5417,27.475,27.7833,28.1,27.8,0.4127,0.367,0.31,0.43,0.3291
2024-03-23,26.7708,24.8,29.9,24.4375,87.5833,0.4675,0.7015,27.8077,13.7844,6.6166,4.8,2.95,1.8429,0.6805,1.6623,100.6688,57.0,27.3333,27.5375,28.0333,27.8,0.4592,0.3776,0.31,0.4299,0.3346
2024-03-24,27.95,24.6,32.0,24.6333,83.25,0.7004,1.1154,29.7923,20.5668,9.872,0.8,4.41,1.5121,0.3542,1.2748,100.8146,60.1667,28.1583,27.7583,28.0,27.8,0.428,0.3828,0.31,0.429,0.3336
2024-03-25,28.1583,24.9,32.3,25.2333,84.875,0.6317,0.9915,29.7769,21.4848,10.3127,2.6,4.53,1.44,0.313,1.3442,100.8042,67.4167,28.4708,28.2,28.0,27.8,0.4092,0.3792,0.31,0.429,0.3315
2024-03-26,27.9833,25.1,31.8,24.925,84.125,0.6492,1.0008,29.6154,19.9188,9.5611,7.0,4.2,1.3929,0.2995,1.2032,100.9108,35.9583,28.5125,28.4083,28.0,27.8,0.4165,0.376,0.31,0.429,0.3313
2024-03-27,28.0125,24.8,32.0,24.8042,83.5417,0.6804,1.0308,29.5923,18.432,8.8473,2.2,3.91,0.9592,-0.1206,0.3168,101.0754,30.7917,28.4917,28.375,28.0167,27.8,0.4238,0.3755,0.31,0.4285,0.3317
2024-03-28,28.3333,26.0,32.1,25.0417,83.0417,0.7038,1.0408,29.8154,20.6172,9.8963,2.4,4.36,1.2938,0.4666,1.1568,100.875,62.125,28.5042,28.3875,28.1,27.8,0.4077,0.373,0.31,0.428,0.3301
2024-03-29,27.9667,25.0,32.3,25.0,84.75,0.6362,0.9938,29.6308,21.924,10.5234,10.7,4.59,1.1125,-0.0873,0.9637,100.8238,62.5417,28.5667,28.4667,28.1,27.8,0.4322,0.3718,0.31,0.428,0.3315
2024-03-30,28.5208,25.3,32.4,25.0833,82.5,0.7513,1.1569,30.4385,21.258,10.2039,4.2,4.62,1.4625,0.3552,1.2833,100.9608,54.0,28.8958,28.5375,28.1042,27.8,0.4407,0.3794,0.31,0.4277,0.3337
2024-03-31,29.0833,26.0,33.4,24.5167,78.0,0.9829,1.5415,30.9846,23.868,11.4567,0.4,5.19,1.7304,0.7083,1.5205,100.9133,28.7917,29.1958,28.8292,28.2,27.8,0.4121,0.3772,0.31,0.427,0.3313
2024-04-01,28.85,25.3,33.7,24.825,80.375,0.8829,1.4308,31.0385,24.1956,11.6138,1.5,5.15,2.1142,0.6318,1.8975,100.6679,25.5,29.2375,28.9542,28.225,27.8,0.388,0.3712,0.31,0.427,0.3283
2024-04-02,28.8917,25.6,33.1,24.5042,79.1667,0.9421,1.5438,31.0154,24.5844,11.8003,0.2,5.31,2.3138,0.6025,2.1162,100.5429,54.3333,29.3792,29.0833,28.3,27.875,0.3704,0.3651,0.3097,0.4265,0.3256
2024-04-03,28.8333,25.0,33.2,23.9792,77.125,1.0338,1.6715,31.1462,23.6412,11.3479,0.0,5.22,2.2788,0.4868,2.1251,100.6046,24.875,29.3042,29.0833,28.3917,27.9,0.3509,0.3583,0.3095,0.426,0.3226
2024-04-04,29.0792,25.4,33.6,24.6667,78.7917,0.9667,1.56,31.3308,23.598,11.3269,0.4,5.18,2.21,0.5589,2.0488,100.5708,33.9583,29.5333,29.1667,28.4125,27.9,0.3348,0.3522,0.309,0.426,0.3199
2024-04-05,29.0167,25.6,33.0,24.7333,79.3333,0.935,1.5038,31.1308,23.4108,11.2371,0.8,5.15,2.3292,0.5628,2.1533,100.5038,51.9167,29.7125,29.3417,28.5,27.9,0.324,0.3463,0.309,0.4254,0.3179
2024-04-06,29.3542,26.0,33.4,25.225,79.7083,0.9196,1.4269,31.3923,21.9024,10.5131,0.9,4.93,2.3246,0.6866,2.0957,100.5412,29.1667,30.0542,29.55,28.5542,27.9,0.3159,0.3409,0.3085,0.425,0.3159
2024-04-07,29.5292,26.2,34.0,25.1625,78.6667,0.9717,1.4854,31.3615,22.428,10.7654,1.3,5.03,1.9808,0.5175,1.8327,100.5238,46.7917,30.3292,29.825,28.6417,27.9,0.3115,0.3361,0.308,0.4247,0.3142
2024-04-08,29.875,26.0,34.8,24.6375,75.3333,1.1654,1.7954,32.1308,23.2128,11.142,1.0,5.15,1.7883,0.6841,1.5474,100.6108,35.6667,30.6167,29.9833,28.7375,27.9,0.3074,0.3316,0.308,0.424,0.3129
2024-04-09,29.7833,26.4,34.2,25.6875,79.8333,0.9333,1.4177,31.8077,19.1052,9.1704,2.7,4.21,1.2833,0.1101,1.162,100.6242,73.4583,30.6,30.1875,28.8417,27.9,0.3058,0.3272,0.3075,0.424,0.3116
2024-04-10,29.9208,25.7,34.7,25.6125,79.625,0.9883,1.5862,32.0615,21.6396,10.387,2.6,4.76,1.0579,0.0824,0.5592,100.7338,81.1667,30.65,30.1833,28.9375,27.9,0.3206,0.3238,0.307,0.4236,0.3115
2024-04-11,29.6125,26.4,34.5,25.6208,80.75,0.8996,1.4023,31.4,21.294,10.221,1.3,4.85,1.5912,0.2222,0.3283,100.7462,98.9583,30.5583,30.2625,29.0292,27.9708,0.3235,0.321,0.307,0.423,0.3111
2024-04-12,29.2792,26.5,32.7,25.8,82.0833,0.7758,1.1485,30.8385,22.2444,10.6773,3.5,4.88,1.3904,0.7379,1.0413,100.7012,53.375,30.2875,30.1375,29.1,28.0,0.3265,0.3185,0.307,0.423,0.3108
2024-04-13,29.2417,26.9,33.6,25.1125,79.5833,0.8979,1.3446,30.7769,22.176,10.6445,1.6,4.81,1.8142,0.8127,1.5788,100.6838,71.0833,30.0083,29.9417,29.2,28.0,0.3323,0.316,0.3065,0.4226,0.3103
2024-04-14,29.2708,26.2,33.8,25.1875,79.8333,0.9038,1.3908,31.1385,22.7268,10.9087,2.2,4.99,1.9271,0.6604,1.7682,100.7379,42.7083,30.1792,29.9,29.2,28.0,0.3347,0.314,0.306,0.422,0.3097
2024-04-15,29.3417,25.8,33.7,24.9083,78.6667,0.9767,1.5546,31.3769,22.4604,10.781,0.8,5.01,1.9071,0.3206,1.8157,100.7592,44.9167,30.2667,29.975,29.2,28.0,0.3318,0.3115,0.306,0.422,0.309
2024-04-16,29.0042,26.1,33.4,24.975,80.0833,0.8775,1.3277,30.7846,21.3732,10.2591,2.4,4.74,1.8783,0.5421,1.6841,100.6604,40.9583,29.9625,29.9167,29.225,28.0208,0.329,0.3092,0.306,0.4216,0.3083
2024-04-17,28.9292,26.0,33.5,24.975,80.4167,0.8646,1.3477,30.8462,21.2076,10.1797,2.5,4.55,1.9033,0.4953,1.716,100.6021,52.625,29.9583,29.8375,29.3,28.1,0.3306,0.3075,0.3055,0.421,0.3077
2024-04-18,29.4458,26.4,33.7,25.0417,78.5417,0.9779,1.5069,31.4,23.6196,11.3374,3.2,5.23,2.0804,0.6016,1.9222,100.4921,33.5,30.1625,29.8542,29.3,28.1,0.3295,0.306,0.305,0.421,0.3069
2024-04-19,29.2583,25.6,32.8,24.9792,78.9167,0.9358,1.4331,31.1692,22.6692,10.881,2.2,4.92,2.6154,0.7877,2.4108,100.3812,32.9583,30.1708,29.9458,29.3,28.1,0.3345,0.3041,0.305,0.4206,0.3069
2024-04-20,29.425,26.1,33.3,25.2542,79.375,0.9317,1.4515,31.4846,22.4424,10.7723,1.1,4.91,2.5533,0.646,2.4182,100.3663,74.1667,30.3083,30.0125,29.3,28.1,0.3292,0.3025,0.3046,0.42,0.3059
2024-04-21,29.75,26.4,33.9,25.7083,80.25,0.9192,1.4777,31.8769,22.9104,10.9969,1.8,5.04,2.4925,0.5937,2.3398,100.4375,53.875,30.55,30.1583,29.325,28.1,0.3232,0.301,0.304,0.42,0.3048
2024-04-22,29.725,26.5,33.7,25.6417,80.2917,0.9242,1.4815,31.7769,22.8312,10.9591,1.1,5.03,2.42,0.4773,2.2806,100.43,50.9167,30.6375,30.2833,29.4,28.1833,0.3199,0.2995,0.304,0.4195,0.3042
2024-04-23,29.9708,26.3,34.6,24.3792,74.25,1.235,1.9677,32.4154,25.2936,12.1409,0.2,5.73,2.4262,0.5959,2.2876,100.4071,36.9167,30.9125,30.4167,29.4167,28.2,0.3098,0.298,0.3036,0.419,0.3028
2024-04-24,30.0458,26.2,35.3,24.5708,74.4167,1.2258,1.8746,32.4154,25.074,12.0356,0.7,5.65,2.3171,0.58,2.1341,100.4137,43.2917,30.9667,30.5208,29.5,28.2,0.2984,0.296,0.303,0.4189,0.3012
2024-04-25,30.4458,26.1,36.3,24.5458,73.0417,1.3379,2.1123,32.9385,24.7464,11.8783,0.4,5.64,2.0738,0.4974,1.9202,100.4325,24.9167,31.5208,30.8583,29.5417,28.2,0.2913,0.2941,0.3027,0.418,0.3001
2024-04-26,30.1875,26.6,35.1,25.0125,75.5833,1.1758,1.8315,32.4846,24.3756,11.7003,0.7,5.56,2.4983,0.6848,2.3212,100.4062,23.0833,31.3625,30.9667,29.6292,28.2,0.2858,0.2925,0.3023,0.418,0.2991
2024-04-27,30.475,25.9,35.9,24.7708,74.3333,1.3046,2.1223,33.1308,25.2972,12.1427,0.3,5.85,2.2621,0.7226,2.0096,100.3754,21.75,31.5542,30.9917,29.7083,28.2792,0.282,0.2912,0.302,0.4175,0.2983
2024-04-28,30.55,26.4,35.8,25.1542,75.2083,1.2392,1.9992,32.9923,24.0012,11.5204,3.8,5.6,2.4975,0.7007,2.3137,100.4854,32.1667,31.6292,31.1542,29.8,28.3,0.2819,0.2896,0.3015,0.417,0.2976
2024-04-29,31.0917,27.1,36.6,25.2917,74.0,1.3512,2.1762,33.4923,25.2648,12.1272,0.1,5.9,2.52,0.754,2.3075,100.5242,26.375,32.1167,31.375,29.8875,28.3,0.2828,0.2886,0.301,0.4166,0.2971
2024-04-30,30.85,27.0,35.8,25.2708,74.5833,1.2921,2.0946,33.3077,25.1136,12.0543,0.0,5.82,2.8529,1.0101,2.5864,100.3346,66.0833,32.0917,31.5458,29.9792,28.3,0.2761,0.2875,0.3006,0.416,0.2961
2024-05-01,30.4583,26.1,35.4,25.5042,77.125,1.1562,1.91,33.0308,24.9264,11.9647,0.4,5.61,2.9354,0.8693,2.6921,100.2475,43.125,31.7542,31.4375,30.05,28.3625,0.2722,0.2866,0.3,0.416,0.2952
2024-05-02,30.4458,26.5,35.3,25.625,77.5833,1.1246,1.8523,32.9,24.192,11.6121,0.6,5.5,2.9233,0.6055,2.774,100.3363,43.3333,31.675,31.3375,30.1125,28.4,0.2713,0.2857,0.3,0.4152,0.295
2024-05-03,30.9708,26.9,35.9,24.425,71.0417,1.4775,2.3446,33.4923,24.4152,11.7194,0.0,5.77,2.4267,0.7862,2.1507,100.4704,25.2083,32.0667,31.4458,30.2,28.4,0.2696,0.285,0.2994,0.415,0.2943
2024-05-04,30.5042,26.7,35.6,24.9958,74.5,1.2538,1.845,32.3857,24.318,11.6725,1.6,5.61,2.4908,0.5166,2.3363,100.4446,53.7083,31.875,31.55,30.2292,28.4,0.2712,0.2844,0.299,0.4145,0.294
2024-05-05,30.1708,26.6,34.7,25.8333,78.9167,1.0025,1.4507,31.8143,20.9484,10.0551,3.3,4.78,2.1125,0.372,1.9786,100.405,83.375,31.3833,31.3792,30.3,28.4875,0.2841,0.284,0.299,0.414,0.2948
2024-05-06,29.6708,27.1,33.5,25.9792,81.5417,0.8329,1.2029,31.0143,21.726,10.4284,10.0,4.66,1.6108,0.1353,1.4776,100.5496,67.0833,30.85,31.0167,30.3,28.5,0.326,0.2838,0.2985,0.414,0.2973
2024-05-07,27.2833,25.8,29.4,25.8,91.6667,0.31,0.3671,27.6143,10.17,4.8816,27.0,2.05,0.9088,-0.4377,-0.3033,100.76,88.375,28.7292,30.0625,30.2792,28.5,0.4046,0.3117,0.2982,0.414,0.3085
2024-05-08,28.9292,25.0,34.1,24.3458,78.4167,1.0017,1.5186,30.7857,22.482,10.7916,0.4,4.93,1.1542,-0.5629,-0.1289,100.6508,78.5417,29.7375,29.425,30.1333,28.5167,0.3892,0.3532,0.2985,0.4135,0.3164
2024-05-09,28.3458,25.9,31.8,25.5,85.0833,0.6112,0.8464,29.3571,17.8848,8.5848,14.3,3.82,0.8529,-0.1651,0.4707,100.6329,96.625,29.3417,29.7083,30.0292,28.6,0.4207,0.3562,0.2982,0.413,0.3189
2024-05-10,28.2875,25.5,32.3,25.3667,85.0,0.6346,0.9429,29.65,20.1996,9.6959,10.1,4.4,0.8679,0.1418,0.0674,100.6792,67.2083,29.375,29.5042,29.9292,28.6,0.4522,0.3774,0.299,0.413,0.3262
2024-05-11,27.9375,25.8,30.3,25.8667,88.7917,0.4425,0.61,28.8571,13.3128,6.3902,7.0,2.89,0.8608,-0.0748,-0.4934,100.7933,92.9167,28.775,29.2375,29.8333,28.6,0.4663,0.4051,0.299,0.413,0.333
2024-05-12,29.0625,25.4,34.4,26.025,85.0417,0.7017,1.08,30.5857,21.7944,10.4611,3.7,4.77,0.7217,-0.0336,-0.0165,100.6688,94.1667,29.575,29.3167,29.7167,28.6,0.4526,0.4144,0.2992,0.413,0.3342
2024-05-13,26.9625,25.4,31.6,25.9583,94.5417,0.22,0.3286,27.5643,12.2652,5.8873,25.4,2.61,1.0021,-0.0412,0.1672,100.6679,96.7917,28.5458,29.2667,29.6417,28.6,0.4803,0.4458,0.3006,0.4123,0.3437
2024-05-14,28.8042,24.3,33.7,24.9083,81.2083,0.8708,1.2843,30.3857,24.714,11.8627,0.1,5.34,1.4504,-0.7034,-0.8768,100.6204,51.1667,29.2375,28.8833,29.5292,28.675,0.4617,0.4759,0.3068,0.412,0.3532
2024-05-15,28.7333,27.2,31.7,26.6208,88.5,0.465,0.6021,29.4357,19.206,9.2188,17.5,4.14,0.9967,-0.0868,0.7081,100.6808,82.625,29.2958,29.4292,29.5,28.7,0.4695,0.4722,0.3105,0.412,0.3556
2024-05-16,28.9208,25.8,34.3,25.65,83.8333,0.7333,1.1036,30.3857,21.8484,10.4873,5.2,4.66,0.9379,-0.0742,0.2784,100.6242,90.8333,29.5542,29.4,29.4083,28.7,0.4757,0.4745,0.3162,0.412,0.3606
2024-05-17,28.0125,26.2,32.0,25.9417,88.9167,0.4488,0.615,28.8571,17.5284,8.4135,17.4,3.78,0.9862,0.1421,0.7953,100.6012,98.2083,28.9208,29.3125,29.4,28.7,0.4744,0.4797,0.3212,0.412,0.3652
2024-05-18,27.7708,25.7,31.7,25.85,89.7083,0.4142,0.5979,28.7357,16.938,8.1301,16.3,3.64,1.0683,-0.0444,0.671,100.4329,98.5417,28.85,29.0083,29.3333,28.7,0.4732,0.4886,0.3332,0.412,0.3757
2024-05-19,27.6292,26.0,30.3,26.0583,91.2083,0.3371,0.4707,28.4,15.6168,7.4961,6.9,3.41,1.8188,0.3615,1.6744,100.2992,98.0417,28.2583,28.6708,29.2583,28.7,0.4793,0.4903,0.3429,0.4115,0.3834
2024-05-20,27.7333,25.2,30.8,25.9583,90.375,0.3854,0.5564,28.7357,17.2152,8.2632,17.6,3.64,1.7933,0.2774,1.5929,100.2958,97.0833,28.3833,28.5583,29.1583,28.7,0.4695,0.4869,0.354,0.411,0.39
2024-05-21,26.7625,25.5,29.5,26.0542,96.0,0.1492,0.205,27.3071,11.3148,5.4311,17.3,2.25,1.5971,0.0864,1.5664,100.4325,99.9167,27.7917,28.3792,29.0792,28.7,0.459,0.4765,0.3737,0.411,0.4012
2024-05-22,26.5458,25.0,30.5,25.8125,96.0,0.1562,0.2357,27.2143,10.008,4.8039,18.6,2.13,0.9967,-0.2696,0.6547,100.4863,99.0,27.6792,28.0458,28.9583,28.7,0.4835,0.4928,0.389,0.411,0.4174
2024-05-23,26.7917,24.8,29.8,25.6417,93.5417,0.2433,0.36,27.9,14.7636,7.0864,10.4,3.11,1.4183,0.113,1.2951,100.4917,99.7917,27.5542,27.8458,28.8333,28.7,0.4802,0.4791,0.4019,0.411,0.4236
2024-05-24,27.6292,24.9,31.8,25.875,90.8333,0.39,0.6229,28.9071,19.3428,9.2845,9.4,4.09,1.3838,-0.1662,1.1615,100.4783,99.75,28.1625,28.05,28.725,28.7,0.4803,0.4955,0.4067,0.411,0.4305
2024-05-25,28.4708,25.3,32.9,25.9,86.75,0.5742,0.8757,29.9143,21.834,10.4803,2.9,4.77,1.2992,0.2412,0.8829,100.5192,95.7917,28.85,28.5333,28.7,28.7,0.4694,0.4835,0.4118,0.411,0.4309
2024-05-26,29.1125,25.4,33.1,25.7083,83.0,0.7617,1.1457,30.6,22.6908,10.8917,0.7,5.04,1.5038,0.4137,1.2374,100.5933,98.6667,29.3208,28.9583,28.7,28.7,0.4629,0.4695,0.413,0.411,0.4284
2024-05-27,29.4333,26.0,33.2,26.0792,83.1667,0.7642,1.1507,30.9357,23.6592,11.3567,0.5,5.26,2.0038,1.005,1.4445,100.4729,83.4167,29.6625,29.2958,28.7292,28.7,0.4456,0.4572,0.4126,0.411,0.4243
2024-05-28,29.8875,27.2,32.9,25.4417,78.25,0.9842,1.39,31.1571,22.518,10.8088,0.2,5.17,2.17,1.4332,1.4333,100.4479,98.9583,29.8292,29.5083,28.8125,28.7,0.4283,0.4454,0.4116,0.4106,0.4199
2024-05-29,29.1875,27.1,31.9,25.5292,81.4583,0.7933,1.1007,30.2857,16.7184,8.0249,0.8,3.96,2.2242,1.339,1.5698,100.4137,93.4167,29.5708,29.5625,28.9,28.7,0.4221,0.4358,0.4107,0.41,0.4167
2024-05-30,28.5458,26.6,31.0,25.6875,85.0,0.6142,0.8193,29.4429,17.4168,8.3603,17.9,3.77,2.4512,1.2771,2.0168,100.4146,87.0,28.9917,29.1958,28.925,28.7,0.4381,0.446,0.41,0.41,0.4195
2024-05-31,27.0667,25.5,29.5,26.0792,94.2917,0.2108,0.3036,27.8643,13.6548,6.5541,27.4,2.79,2.565,0.977,2.3324,100.4717,100.0,28.0958,28.6833,28.9333,28.7,0.4699,0.4748,0.416,0.41,0.4321
2024-06-01,26.4,25.1,28.5,25.35,94.1667,0.2129,0.2846,26.9077,7.704,3.698,22.8,1.84,2.5146,0.7116,2.3302,100.72,99.4583,27.2292,27.9292,28.8542,28.7,0.4611,0.4905,0.4458,0.41,0.4563
2024-06-02,27.4542,24.5,30.8,25.2542,88.5417,0.465,0.6686,28.6214,15.7356,7.5531,8.0,3.47,1.7504,0.716,1.3639,100.8033,91.9583,27.8667,27.8708,28.7292,28.7,0.4785,0.4776,0.46,0.41,0.465
2024-06-03,27.9208,25.5,30.6,25.15,85.5833,0.5846,0.81,29.0643,14.0256,6.7323,1.6,3.36,2.0021,1.1041,1.487,100.7033,96.9167,28.0375,28.1042,28.6375,28.7,0.4866,0.4806,0.46,0.4106,0.4662
2024-06-04,28.9542,26.0,32.5,25.3958,81.9583,0.7808,1.09,30.2786,21.1104,10.133,0.7,4.81,1.8179,0.7334,1.4671,100.5971,78.375,28.9333,28.4875,28.6,28.7,0.465,0.4733,0.4595,0.411,0.4628
2024-06-05,27.5958,25.5,31.0,25.7792,90.0417,0.385,0.5164,28.4929,17.4996,8.3998,7.6,3.71,1.8317,0.3987,1.6242,100.6771,98.4167,28.5042,28.7333,28.6,28.7,0.4766,0.4682,0.4584,0.411,0.4617
2024-06-06,28.0625,24.8,31.5,25.7333,87.7083,0.5125,0.7464,29.3571,20.6316,9.9033,4.0,4.37,1.8342,0.7414,1.3787,100.7062,99.9167,28.7042,28.5833,28.6,28.7,0.4885,0.4807,0.458,0.411,0.4649
2024-06-07,28.0958,25.1,31.2,25.375,85.875,0.5842,0.8471,29.3071,22.1148,10.6151,5.4,4.68,2.0904,0.9068,1.7345,100.5808,98.2917,28.725,28.6875,28.6,28.7,0.4902,0.4828,0.458,0.411,0.4655
2024-06-08,27.525,25.1,30.9,25.4917,88.9167,0.4308,0.585,28.4929,18.5796,8.9181,21.9,3.82,2.2338,1.339,1.6469,100.4279,86.2083,28.3,28.5542,28.6,28.7,0.4872,0.4892,0.4585,0.411,0.467
2024-06-09,26.725,24.8,29.6,25.0542,91.0833,0.34,0.4543,27.4929,11.826,5.6762,25.4,2.63,2.255,1.3189,1.7307,100.4029,99.3333,27.5958,28.0875,28.6,28.7,0.4621,0.4944,0.4797,0.4111,0.4816
2024-06-10,25.9083,24.9,27.7,25.4667,97.5,0.0892,0.1207,26.3571,8.4348,4.0486,36.9,1.89,2.7842,1.0978,2.5055,100.5475,100.0,26.9083,27.625,28.5292,28.7,0.4821,0.4946,0.5056,0.4134,0.5016
2024-06-11,25.8792,24.5,27.1,25.1542,95.875,0.1425,0.1769,26.4769,8.7336,4.1923,20.5,1.9,2.2129,0.6718,2.0789,100.7104,99.4583,26.5833,27.1625,28.3917,28.7,0.4852,0.4838,0.5125,0.4224,0.5046
2024-06-12,27.4625,24.5,30.7,25.1292,87.5833,0.49,0.6743,28.75,20.0844,9.6404,5.4,4.14,2.0875,1.218,1.644,100.7854,84.5417,27.5875,27.2958,28.2417,28.7,0.4789,0.473,0.5071,0.4294,0.498
2024-06-13,28.225,24.9,32.0,25.25,84.8333,0.6483,0.9686,29.7357,23.4972,11.2785,1.2,5.08,2.0254,1.1035,1.3837,100.6629,60.9583,28.4333,28.0208,28.2,28.7,0.4675,0.4683,0.5014,0.4317,0.4921
2024-06-14,28.5625,25.9,31.8,25.5125,84.3333,0.6679,0.9807,29.9286,22.0536,10.5856,2.1,4.78,2.0771,1.0807,1.5362,100.4571,78.0,28.8208,28.5375,28.2292,28.7,0.4539,0.4593,0.4965,0.4332,0.4857
2024-06-15,28.7,25.9,32.6,25.6792,84.75,0.6662,0.9979,30.0714,22.914,10.9986,5.0,4.9,1.5171,0.8041,0.9581,100.3679,66.125,29.1,28.8083,28.3083,28.7,0.4483,0.4517,0.4922,0.434,0.4806
2024-06-16,27.6292,25.7,30.9,25.825,90.0833,0.3858,0.5379,28.5786,15.8148,7.591,8.5,3.35,1.4225,-0.0414,1.3483,100.4575,98.4167,28.3292,28.625,28.4,28.7,0.4558,0.4547,0.4888,0.435,0.4793
2024-06-17,26.4,25.0,28.3,25.2917,93.7083,0.2225,0.2792,26.8846,6.0156,2.8874,6.4,1.39,1.7671,0.1655,1.6824,100.5371,99.3333,27.1042,27.9208,28.4,28.7,0.4809,0.4685,0.4867,0.4357,0.4824
2024-06-18,27.2125,24.7,30.5,25.1292,89.125,0.4417,0.7069,28.6538,19.3464,9.2862,17.5,4.08,1.8342,0.8245,1.4988,100.4796,99.9167,27.7833,27.6625,28.3083,28.7,0.4841,0.493,0.4947,0.4365,0.4936
2024-06-19,27.2875,24.5,30.4,25.5833,90.625,0.3617,0.4857,28.2571,18.5904,8.9233,12.0,3.75,2.0112,0.4805,1.8546,100.4137,93.2917,27.9375,27.9417,28.3,28.7,0.4549,0.4861,0.503,0.4382,0.4961
2024-06-20,27.5375,24.8,30.7,25.3708,88.5,0.4583,0.6307,28.6286,18.1296,8.7024,9.8,3.76,1.9442,0.9049,1.5056,100.3433,91.0417,28.1042,28.1208,28.2917,28.7,0.4927,0.4795,0.5013,0.4405,0.4961
2024-06-21,26.9083,24.8,30.7,25.7042,93.5,0.2579,0.3829,27.9643,16.2144,7.7828,21.6,3.34,1.6196,0.6006,1.3143,100.2742,99.8333,27.9125,28.0917,28.3,28.7,0.4638,0.4958,0.5028,0.4422,0.4986
2024-06-22,25.8458,24.8,28.0,25.275,96.7917,0.115,0.1714,26.4643,12.3624,5.934,41.1,2.52,2.3808,1.3762,1.874,100.2379,99.625,27.0083,27.6542,28.2292,28.625,0.4858,0.4914,0.5125,0.4483,0.5062
2024-06-23,25.7708,24.6,27.9,25.0125,95.7917,0.1521,0.2508,26.5231,8.8704,4.2578,17.6,2.03,2.8804,1.8542,2.1539,100.3404,100.0,26.5208,27.0875,28.1458,28.6,0.4822,0.4749,0.512,0.4603,0.5021
2024-06-24,25.4917,24.5,28.0,24.8708,96.5417,0.1242,0.1962,26.1385,11.4192,5.481,23.4,2.48,2.9017,1.6419,2.3661,100.3821,99.8333,26.4083,26.8667,28.0292,28.6,0.4921,0.4791,0.5111,0.4672,0.503
2024-06-25,25.5875,24.4,27.7,24.9083,96.1667,0.1342,0.2238,26.3231,11.6172,5.5761,23.8,2.39,2.4925,1.2639,2.0949,100.3733,99.5417,26.3792,26.775,27.9167,28.6,0.4876,0.479,0.5125,0.4767,0.5037
2024-06-26,25.4875,24.2,27.4,24.9167,96.6667,0.1117,0.1654,26.2,9.9684,4.7849,18.8,2.11,1.5417,0.3351,1.2998,100.5175,99.4167,26.1917,26.625,27.7958,28.6,0.473,0.4752,0.5129,0.486,0.5022
2024-06-27,26.9875,23.6,30.4,24.4917,87.0417,0.5183,0.7786,28.3571,18.7632,9.0063,1.4,3.97,0.89,-0.0361,0.5324,100.6258,96.9167,27.3833,26.9542,27.7,28.6,0.4642,0.4561,0.5075,0.4912,0.4937
2024-06-28,26.4875,24.7,29.9,25.4708,94.2083,0.2092,0.2631,27.3077,11.8512,5.6885,19.5,2.53,1.3517,0.2117,1.1865,100.6058,89.0833,27.0417,27.3333,27.7,28.6,0.4767,0.4684,0.5027,0.4922,0.4937
2024-06-29,26.125,24.4,29.3,25.0542,94.0417,0.2225,0.3862,27.3154,14.6556,7.0346,12.8,2.97,1.7508,-0.0987,1.5572,100.6321,98.5833,27.0042,27.2083,27.7,28.6,0.4859,0.4958,0.5018,0.493,0.4994
2024-06-30,26.375,24.2,30.6,24.9875,92.375,0.2858,0.4662,27.6,19.098,9.1671,14.6,3.84,2.0612,0.6513,1.916,100.7296,98.3333,27.175,27.1917,27.6333,28.5,0.4766,0.4977,0.5076,0.4942,0.5034
2024-07-01,26.3583,24.3,29.7,25.2375,93.8333,0.2362,0.3671,27.3071,15.1668,7.28,7.5,3.1,1.4792,0.5944,1.0236,100.6204,99.9167,27.1208,27.2792,27.6,28.5,0.4835,0.4808,0.5101,0.4966,0.5021
2024-07-02,28.0708,24.8,32.0,24.8625,83.9167,0.6867,1.0923,29.8308,22.5972,10.8468,1.6,4.82,1.2829,0.7309,0.5347,100.4288,93.2917,28.0875,27.5458,27.6208,28.5,0.4783,0.4777,0.506,0.498,0.4981
2024-07-03,27.0833,25.1,30.9,25.0833,89.0833,0.4104,0.5677,27.9923,13.9356,6.6891,6.0,2.97,1.4583,-0.1157,1.3253,100.5588,99.5417,27.6125,27.8208,27.7,28.5,0.4837,0.4717,0.5024,0.4986,0.4946
2024-07-04,26.2,24.5,29.1,24.9958,93.2917,0.24,0.3546,27.0769,14.382,6.9033,25.5,2.9,1.39,-0.0074,1.2899,100.7338,99.875,27.2083,27.5292,27.7,28.5,0.4895,0.4858,0.5003,0.499,0.4965
2024-07-05,25.3667,24.1,27.8,24.7958,96.625,0.1158,0.19,26.1462,12.2148,5.863,12.3,2.65,1.4658,0.6481,1.2021,100.5575,92.9167,26.4208,26.9958,27.7,28.5,0.4935,0.4989,0.507,0.4993,0.5044
2024-07-06,26.8083,23.9,30.6,24.1417,86.2083,0.5429,0.8592,28.2615,20.9736,10.0673,14.5,4.4,1.2225,0.5343,0.8986,100.3654,77.5,27.3333,27.0583,27.6292,28.4875,0.4909,0.4975,0.5117,0.5015,0.5072
2024-07-07,26.4292,24.5,30.2,24.7292,90.7083,0.3425,0.4808,27.4923,16.6968,8.0144,8.4,3.45,1.3754,0.0365,1.2525,100.4088,86.625,27.1125,27.3292,27.6,28.4,0.4772,0.4926,0.5087,0.5029,0.5031
2024-07-08,26.3958,24.2,29.8,24.6417,90.4583,0.355,0.5523,27.7692,18.954,9.0979,8.5,3.96,1.7521,0.1574,1.4558,100.4438,90.2083,27.0833,27.2,27.6,28.4,0.4796,0.498,0.5068,0.5035,0.5031
2024-07-09,25.9958,23.8,29.0,24.375,91.0417,0.3188,0.4954,27.0615,14.3784,6.9016,13.5,3.02,1.4379,-0.1447,1.279,100.5925,99.3333,26.7292,27.0708,27.6,28.4,0.4652,0.4807,0.5105,0.5058,0.5011
2024-07-10,25.9958,24.1,28.3,24.9458,94.125,0.2058,0.2931,26.8077,14.598,7.007,23.3,2.89,2.0467,0.3655,1.8602,100.6804,94.125,26.6458,26.9292,27.5917,28.4,0.4718,0.4721,0.5094,0.5092,0.4989
2024-07-11,26.1583,24.6,28.3,24.3042,89.9583,0.3629,0.5654,27.1308,13.2048,6.3383,21.0,2.85,1.9462,1.2877,1.2992,100.5721,99.6667,26.6208,26.8292,27.5,28.4,0.4646,0.4792,0.5095,0.511,0.5
2024-07-12,25.8,24.3,28.6,24.575,93.125,0.2454,0.4015,26.8385,12.0528,5.7853,15.3,2.7,2.215,1.0576,1.7318,100.4192,99.375,26.4125,26.7583,27.4958,28.4,0.4884,0.4862,0.5088,0.512,0.5026
2024-07-13,25.975,24.1,29.3,24.1917,90.625,0.3492,0.4838,26.8154,7.5528,3.6254,26.2,1.86,2.2658,1.5002,1.598,100.2958,98.0,26.3542,26.5917,27.4,28.3625,0.467,0.4846,0.5122,0.5148,0.5033
2024-07-14,27.125,25.0,30.0,24.1667,84.25,0.5875,0.7854,28.2615,15.0876,7.2421,11.5,3.33,2.6275,1.9897,1.6096,100.2988,98.4583,27.2083,26.9583,27.4,28.3,0.4721,0.4734,0.5016,0.516,0.4936
2024-07-15,26.4,24.9,29.8,25.2125,93.5,0.2412,0.3085,27.2538,11.286,5.4172,6.9,2.4,1.4046,1.1078,0.5982,100.3183,100.0,26.9042,27.1375,27.4,28.3,0.4945,0.4789,0.4897,0.5152,0.4877
2024-07-16,26.3958,24.7,28.9,24.7083,90.75,0.3367,0.5285,27.5077,12.9888,6.2344,8.1,2.68,2.3367,1.9521,1.0669,100.2496,90.625,26.8292,26.9708,27.4,28.3,0.48,0.4909,0.486,0.5144,0.4866
2024-07-17,25.6917,24.3,27.5,25.0708,96.4583,0.1254,0.2054,26.5231,9.594,4.6052,34.9,2.19,2.3092,1.5984,1.5312,100.2367,98.0417,26.3917,26.7875,27.3917,28.3,0.4837,0.4922,0.4935,0.514,0.4925
2024-07-18,25.8208,24.7,29.0,24.9208,95.0417,0.1808,0.3062,26.6846,9.972,4.7866,29.7,2.06,2.3008,1.4402,1.7178,100.4096,99.9583,26.3875,26.6542,27.3,28.3,0.4828,0.4841,0.5053,0.5148,0.4993
2024-07-19,25.5375,24.4,27.6,25.0417,97.125,0.0988,0.16,26.2462,9.63,4.6226,18.8,1.96,2.2846,1.3025,1.7694,100.4358,99.2083,26.1792,26.5208,27.3,28.2583,0.4775,0.4846,0.5028,0.5177,0.4972
2024-07-20,25.6542,24.7,27.8,25.2458,97.5,0.0808,0.1323,26.3769,8.514,4.0866,30.4,1.82,1.9992,1.1954,1.5605,100.5417,99.875,26.2167,26.4583,27.2,28.2,0.4836,0.4874,0.4753,0.5177,0.4785
2024-07-21,26.2083,24.5,28.6,25.2208,94.2083,0.2042,0.2962,27.0462,9.8388,4.7225,23.6,2.07,1.9542,1.181,1.4908,100.5383,99.9167,26.3833,26.4833,27.2,28.2,0.4806,0.4932,0.4804,0.5165,0.4831
2024-07-22,26.9542,24.6,30.3,25.3417,91.125,0.3383,0.5269,28.2846,15.3864,7.3854,8.4,3.24,1.775,0.9582,1.295,100.5525,99.6667,27.1083,26.8625,27.1667,28.2,0.4848,0.4878,0.4688,0.5153,0.4739
2024-07-23,26.3542,24.7,29.4,25.05,92.875,0.2675,0.4408,27.4769,12.7368,6.1137,14.4,2.77,2.3733,1.5062,1.7822,100.5112,99.7917,26.9542,27.05,27.2,28.2,0.47,0.4859,0.4675,0.5139,0.4715
2024-07-24,25.9708,24.6,27.5,24.9083,93.9583,0.2088,0.3115,26.7077,12.3156,5.9116,8.5,2.76,3.1438,2.3399,2.0325,100.3062,98.125,26.35,26.7542,27.2,28.2,0.4838,0.4921,0.4682,0.5129,0.4743
2024-07-25,26.0917,24.8,28.9,25.1667,94.8333,0.1875,0.2792,26.9769,9.63,4.6224,13.1,2.14,2.6292,1.9778,1.5846,100.1862,97.4583,26.4625,26.6417,27.2,28.1292,0.4863,0.4945,0.473,0.512,0.4785
2024-07-26,26.0667,24.5,29.6,25.1833,95.0833,0.1812,0.2854,26.9308,12.9996,6.2398,24.5,2.6,2.7783,1.8894,1.9826,100.3062,96.125,26.5583,26.6667,27.1333,28.1,0.496,0.499,0.4802,0.5113,0.4852
2024-07-27,25.5583,24.6,28.2,25.0167,96.9167,0.1088,0.1808,26.3308,8.064,3.8709,17.1,1.78,2.2846,1.3333,1.8182,100.4779,99.9167,26.2292,26.55,27.1,28.1,0.4828,0.4936,0.4953,0.511,0.4941
2024-07-28,25.6958,24.5,27.8,24.7667,94.8333,0.185,0.3169,26.5154,7.8048,3.7462,23.3,1.8,2.3029,1.383,1.8041,100.4546,100.0,26.1583,26.4333,27.1,28.1,0.4654,0.4899,0.5095,0.5134,0.5023
2024-07-29,25.0333,24.4,26.6,24.7458,98.3333,0.0542,0.0815,25.4,6.048,2.9032,30.8,1.39,2.4321,1.3409,1.9809,100.4758,100.0,25.7292,26.2,27.0417,28.1,0.4828,0.4866,0.5049,0.5167,0.4995
2024-07-30,26.2458,24.1,29.1,24.8208,92.125,0.2871,0.43,27.3538,11.0952,5.3258,9.3,2.51,2.3575,1.1861,1.9733,100.5804,100.0,26.3583,26.2333,27.0,28.0875,0.4608,0.481,0.4993,0.5174,0.4928
2024-07-31,25.9917,24.6,29.1,24.975,94.2083,0.2042,0.3146,26.9,12.9636,6.2226,16.4,2.59,2.1758,0.6748,1.9692,100.7317,99.9167,26.5375,26.575,27.0,28.0,0.4878,0.4885,0.4882,0.5166,0.4882
2024-08-01,25.9208,24.0,29.4,25.0417,95.0833,0.1821,0.3108,27.1846,16.5996,7.9679,13.5,3.38,2.0108,0.5635,1.8649,100.775,99.5417,26.6542,26.6583,27.0,28.0,0.4829,0.4965,0.4832,0.5156,0.486
2024-08-02,26.3292,24.2,29.4,24.6542,91.1667,0.3379,0.5538,27.5385,13.8672,6.6563,2.3,3.03,1.7058,0.6055,1.3114,100.7046,99.0833,26.6917,26.7083,27.0,28.0,0.5002,0.499,0.4821,0.5147,0.4869
2024-08-03,26.5583,24.5,29.9,24.65,89.6667,0.3883,0.6123,27.7615,14.4144,6.9189,6.2,3.08,1.3988,0.2975,1.1901,100.7133,99.125,26.8875,26.85,27.0,28.0,0.4846,0.4954,0.4777,0.5138,0.4819
2024-08-04,25.9292,24.2,28.9,24.0917,90.0833,0.3575,0.5738,26.9308,16.524,7.9316,9.6,3.65,1.41,0.7198,1.0565,100.7108,89.9583,26.4833,26.775,27.0,28.0,0.452,0.4874,0.4892,0.513,0.4862
2024-08-05,26.5958,23.9,30.7,24.1917,87.2917,0.4875,0.76,28.1077,21.5928,10.3645,4.5,4.52,1.4979,0.7842,1.0772,100.6321,83.7083,27.0875,26.8375,27.0,27.95,0.4702,0.4747,0.4851,0.5125,0.4819
2024-08-06,26.4583,24.2,30.4,24.8542,91.125,0.3288,0.4762,27.6692,18.0792,8.678,10.9,3.82,1.535,0.5119,1.2535,100.5438,95.4583,26.95,27.0208,27.0792,27.9,0.4788,0.4834,0.4781,0.512,0.4793
2024-08-07,26.2667,24.2,29.2,25.0458,93.125,0.2446,0.3546,27.4077,17.2692,8.2892,25.2,3.5,1.4483,0.2675,1.3485,100.6208,92.2083,26.8042,26.9167,27.1,27.9,0.477,0.4952,0.4802,0.511,0.4831
2024-08-08,26.375,23.9,29.1,25.0625,92.6667,0.2688,0.4292,27.7154,17.3844,8.3446,12.9,3.6,1.3325,-0.0168,1.208,100.6875,96.4167,26.9542,26.9333,27.1,27.9,0.4747,0.4925,0.4879,0.511,0.488
2024-08-09,27.1333,24.8,30.4,25.4292,90.7083,0.3625,0.5677,28.5538,19.1124,9.174,6.3,3.87,1.8075,0.2549,1.605,100.6296,88.75,27.5208,27.2208,27.1167,27.9,0.4678,0.48,0.4881,0.51,0.485
2024-08-10,27.1375,24.7,31.0,25.1375,89.2917,0.4204,0.6538,28.4231,19.6848,9.4486,6.7,4.16,2.0092,0.6406,1.7467,100.5033,70.5,27.4375,27.3583,27.2,27.9,0.484,0.4776,0.4827,0.51,0.4817
2024-08-11,27.6917,25.1,31.4,25.2667,87.25,0.5158,0.7854,29.1615,20.088,9.6422,11.4,4.22,2.0679,1.019,1.5718,100.3304,81.8333,28.05,27.6208,27.2333,27.9,0.4741,0.4866,0.4779,0.5091,0.4795
2024-08-12,27.1375,24.8,30.2,25.4083,90.375,0.3579,0.4877,28.2615,16.4052,7.8745,12.2,3.39,2.3188,1.0961,1.9773,100.3729,97.9583,27.6458,27.7125,27.3208,27.9,0.4601,0.492,0.4833,0.509,0.4835
2024-08-13,27.225,24.8,30.7,25.0625,88.4167,0.4558,0.7308,28.7,17.586,8.4414,14.7,3.54,1.9821,0.4789,1.8411,100.5021,98.1667,27.7792,27.6417,27.4,27.8125,0.4906,0.4832,0.486,0.5081,0.4858
2024-08-14,27.3792,25.0,31.1,25.1167,87.9583,0.475,0.7408,28.8385,19.7064,9.4591,6.6,4.1,1.6329,0.3872,1.5197,100.5188,82.5,27.8417,27.7167,27.4292,27.8,0.4907,0.4851,0.4815,0.508,0.4829
2024-08-15,27.5292,24.9,31.3,25.5292,89.3333,0.4275,0.6485,29.0538,19.5588,9.388,7.9,4.1,1.7462,0.3244,1.6614,100.445,76.2083,27.9875,27.7875,27.5,27.8,0.4771,0.4908,0.4777,0.5074,0.4804
2024-08-16,27.4875,25.0,31.0,25.4292,89.0,0.4388,0.6754,28.8846,20.9628,10.0621,12.7,4.37,1.7121,0.2064,1.6079,100.3946,92.1667,27.9917,27.8917,27.5375,27.8,0.4694,0.4946,0.4753,0.507,0.479
2024-08-17,27.35,25.3,31.1,25.3917,89.4167,0.4142,0.6223,28.6385,17.3268,8.3171,8.6,3.57,1.5521,-0.1135,1.5179,100.5538,99.9167,27.85,27.8625,27.6,27.8,0.4808,0.4971,0.4755,0.5064,0.4804
2024-08-18,27.6,24.9,31.3,25.2333,87.4167,0.5067,0.7838,29.2231,22.4532,10.7776,1.9,4.81,1.7538,0.0217,1.6829,100.5975,94.4167,28.2458,27.9292,27.625,27.8,0.4708,0.4883,0.4768,0.506,0.4788
2024-08-19,27.5833,25.4,31.0,25.5625,89.25,0.4304,0.6538,28.9846,22.05,10.5839,3.5,4.59,2.2117,0.5047,2.0975,100.5646,90.2083,28.1833,28.0625,27.7,27.8,0.4809,0.4803,0.4735,0.5055,0.4754
2024-08-20,27.6292,25.3,31.3,24.9375,85.9583,0.5658,0.8854,29.1385,20.2572,9.7233,2.9,4.24,1.9912,0.8352,1.5866,100.6446,99.3333,28.2125,28.1208,27.7292,27.8,0.4787,0.476,0.4699,0.505,0.4718
2024-08-21,27.2958,23.8,31.7,25.4917,90.2083,0.3917,0.5969,28.9385,21.51,10.3247,2.6,4.51,1.5017,0.3139,1.3137,100.6967,98.4583,28.1583,28.0833,27.8,27.8,0.488,0.4763,0.4665,0.5045,0.4701
2024-08-22,27.8,25.1,31.1,25.0417,85.6667,0.5838,0.9215,29.4385,21.8088,10.4683,3.4,4.6,1.435,0.0223,1.3275,100.6733,92.2083,28.2667,28.1,27.8042,27.8,0.4825,0.4758,0.4636,0.504,0.4675
2024-08-23,27.375,24.7,31.4,24.8667,86.875,0.5242,0.8215,28.7615,19.6632,9.4385,4.7,4.1,1.1592,-0.0468,0.8424,100.7808,97.875,28.0208,28.0917,27.8792,27.8,0.488,0.4759,0.4607,0.5032,0.4658
2024-08-24,27.1708,25.1,30.5,25.0958,88.8333,0.4317,0.6577,28.4462,19.3644,9.295,10.1,4.0,1.2742,-0.1512,0.9049,100.7088,99.0,27.8458,27.9458,27.9,27.8,0.4941,0.4833,0.4585,0.503,0.4662
2024-08-25,26.7875,24.7,31.1,24.8417,89.4583,0.4008,0.6331,28.0462,18.612,8.9337,11.4,3.92,1.1754,0.4565,0.8135,100.6146,99.375,27.7792,27.8292,27.9,27.8,0.4753,0.494,0.462,0.5021,0.4696
2024-08-26,26.7792,24.5,29.7,25.3125,91.75,0.3025,0.4262,27.9923,17.388,8.3462,5.1,3.63,1.3417,-0.0929,1.2854,100.5221,98.75,27.4708,27.6625,27.875,27.8,0.4734,0.4849,0.4683,0.502,0.4722
2024-08-27,26.9083,24.1,31.0,24.6875,88.1667,0.46,0.7354,28.4077,19.08,9.1585,7.0,4.07,1.5404,-0.0559,1.3871,100.5633,94.2917,27.6042,27.5958,27.8,27.8,0.4826,0.4836,0.4685,0.5015,0.4727
2024-08-28,26.0375,24.7,28.7,25.2083,95.25,0.1704,0.2892,26.9923,14.76,7.0847,14.0,2.87,2.1154,0.6952,1.9038,100.5329,92.5833,27.1917,27.5375,27.8,27.8,0.4904,0.4944,0.4738,0.501,0.4793
2024-08-29,25.7833,24.5,28.5,24.9125,95.0417,0.1775,0.2992,26.6846,12.3264,5.9167,18.5,2.38,2.1492,1.0865,1.7005,100.5962,97.8333,26.7917,27.1958,27.7458,27.8,0.4596,0.4935,0.4968,0.501,0.4935
2024-08-30,26.1708,23.5,29.7,25.025,93.7083,0.235,0.3669,27.5846,17.7624,8.5259,16.2,3.55,1.6712,0.8379,1.1619,100.6183,87.7917,26.8417,27.0042,27.675,27.8,0.476,0.4913,0.5073,0.5016,0.5018
2024-08-31,26.4917,24.0,29.6,24.9042,91.4583,0.3204,0.4908,27.7231,12.8664,6.1758,19.2,2.83,1.4467,0.6368,0.9858,100.5762,77.5,26.8917,27.0333,27.6,27.8,0.4845,0.4931,0.5083,0.503,0.5035
2024-09-01,27.0667,24.7,30.6,25.1042,89.3333,0.4092,0.6046,28.3769,19.404,9.3139,26.3,3.95,1.435,0.6495,0.8142,100.4192,74.7083,27.4333,27.2708,27.55,27.8,0.4603,0.4684,0.5092,0.507,0.4972
2024-09-02,25.625,24.2,28.4,24.725,94.9167,0.1808,0.2969,26.4231,6.8004,3.2643,118.3,1.41,0.9338,0.4368,0.4981,100.3925,97.2917,26.675,27.1958,27.5167,27.8,0.4846,0.4885,0.5127,0.5106,0.5057
2024-09-03,25.5667,24.0,28.5,24.9083,96.25,0.1329,0.2115,26.4923,11.0556,5.3068,13.9,2.18,1.8721,0.5898,1.4155,100.5321,99.0417,26.4,26.7833,27.4917,27.8,0.4668,0.4762,0.4838,0.5169,0.481
2024-09-04,25.7625,24.4,28.4,24.9125,95.25,0.1713,0.2254,26.4,6.9552,3.3386,20.3,1.57,1.9712,1.3673,1.299,100.4354,99.5833,26.1333,26.5375,27.4,27.8,0.4733,0.4882,0.4734,0.5168,0.4765
2024-09-05,26.65,24.2,29.8,24.8167,90.0417,0.3729,0.5538,27.9538,17.8812,8.5829,13.3,3.65,2.1979,1.6759,1.2301,100.2767,86.625,26.6958,26.6333,27.3042,27.8,0.4761,0.4842,0.468,0.5155,0.472
2024-09-06,26.7542,25.1,28.9,25.1542,91.125,0.3275,0.4815,27.8769,16.7508,8.0406,17.9,3.52,2.2812,1.7558,1.2556,100.2779,95.0,26.8292,26.8708,27.3,27.8,0.4701,0.4822,0.4656,0.5142,0.4694
2024-09-07,27.0667,24.7,29.9,24.9792,88.625,0.4279,0.6154,28.2231,18.1368,8.7058,6.1,3.83,3.2117,2.511,1.9679,100.43,100.0,27.2583,27.075,27.2583,27.8,0.482,0.4889,0.4621,0.5128,0.4691
2024-09-08,26.9958,25.3,30.1,25.0417,89.25,0.3954,0.5162,27.9231,18.9036,9.0737,11.0,3.8,2.9325,2.1024,2.0074,100.5854,99.8333,27.425,27.3708,27.3,27.8,0.4846,0.4904,0.4611,0.5118,0.4689
2024-09-09,26.7375,24.5,30.4,25.1292,91.3333,0.3375,0.5569,28.0,18.0936,8.6849,13.1,3.71,2.2321,1.3689,1.546,100.5004,99.9167,27.3042,27.3458,27.3,27.75,0.4875,0.496,0.4644,0.5109,0.4726
2024-09-10,26.5417,24.1,29.9,24.9833,91.625,0.3238,0.5285,27.9692,16.1856,7.769,10.6,3.28,1.9592,0.8375,1.5713,100.4371,100.0,27.175,27.2208,27.3,27.7,0.4555,0.4835,0.4753,0.51,0.4757
2024-09-11,26.4042,24.5,29.3,25.325,93.9583,0.2204,0.3385,27.3846,15.9192,7.6412,16.2,3.18,1.5738,0.2463,1.3146,100.5629,100.0,26.9708,27.1625,27.3,27.7,0.4763,0.489,0.4757,0.5096,0.4786
2024-09-12,26.2667,24.1,29.1,25.4,95.0833,0.1788,0.2862,27.3538,12.6108,6.0529,6.3,2.6,1.065,0.1537,0.8012,100.6062,99.0,27.0417,27.0625,27.3,27.7,0.4617,0.491,0.4834,0.509,0.4835
2024-09-13,26.4083,24.5,29.4,24.5167,89.875,0.3833,0.6308,27.6462,15.246,7.318,19.7,3.1,1.6575,0.7462,1.3042,100.4604,96.6667,27.1292,27.1458,27.3,27.7,0.4952,0.4904,0.4908,0.509,0.491
2024-09-14,26.0417,24.4,28.5,24.7583,92.9167,0.2571,0.4131,27.0385,13.0176,6.2486,14.1,2.72,1.5158,0.9513,1.0498,100.325,99.125,26.7208,27.0167,27.3,27.7,0.4838,0.4928,0.5002,0.509,0.4975
2024-09-15,26.4167,24.4,30.0,24.7708,91.1667,0.3367,0.5262,27.6385,13.3452,6.4057,21.3,2.77,1.8208,1.2897,1.0046,100.2525,99.5,26.9625,26.975,27.3,27.7,0.4641,0.4781,0.5035,0.5114,0.4954
2024-09-16,26.4375,24.3,29.1,25.0125,92.125,0.2858,0.3985,27.3615,11.6064,5.5712,8.3,2.51,1.6717,1.4276,0.6388,100.1983,95.0833,26.6,26.8417,27.25,27.7,0.492,0.4844,0.5,0.512,0.4962
2024-09-17,26.9583,24.5,30.4,25.2167,90.625,0.3638,0.5983,28.3917,15.4584,7.42,15.1,3.22,1.0167,0.7286,0.2001,100.1142,99.1667,27.0958,26.9833,27.2,27.7,0.4971,0.4994,0.4974,0.5115,0.4978
2024-09-18,25.7167,24.2,28.4,25.1042,96.5,0.1267,0.2192,26.7167,11.3724,5.4587,32.7,2.3,0.9058,0.6172,0.4066,100.0354,99.7917,26.6625,26.9792,27.2,27.7,0.4849,0.4971,0.5093,0.5122,0.505
2024-09-19,26.4125,24.3,30.5,24.8417,91.8333,0.3312,0.6325,28.0833,11.1636,5.3584,2.8,2.45,1.1533,0.7737,0.514,100.0075,99.6667,27.1125,26.9458,27.2,27.7,0.4777,0.4797,0.5118,0.5145,0.5027
2024-09-20,25.9667,24.2,28.2,25.1167,95.0417,0.1733,0.3025,27.2083,15.1524,7.2732,22.0,2.95,1.8108,1.0078,1.4168,100.085,98.8333,26.7833,27.0208,27.2,27.7,0.4764,0.4809,0.5013,0.5168,0.4953
2024-09-21,25.7458,24.6,27.6,24.9167,95.2083,0.1683,0.31,26.6667,13.8816,6.663,22.2,2.88,2.5121,1.5327,1.9174,100.2279,96.0833,26.5333,26.8042,27.2,27.7,0.4902,0.4962,0.5032,0.5168,0.5008
2024-09-22,25.625,24.4,27.6,24.7875,95.4167,0.1637,0.2933,26.5583,11.5308,5.5347,21.6,2.34,2.5683,1.266,2.214,100.3883,99.375,26.3167,26.6042,27.1417,27.6417,0.4838,0.4786,0.479,0.5182,0.4792
2024-09-23,26.5458,24.3,29.0,24.8833,90.9583,0.3379,0.5717,27.9667,13.1328,6.3037,5.8,2.7,1.9221,0.4159,1.7659,100.6383,99.7917,26.8292,26.7083,27.1,27.6,0.5032,0.5012,0.468,0.5164,0.4774
2024-09-24,25.5875,24.0,27.7,24.9708,96.5,0.1188,0.1517,26.575,10.764,5.1667,11.2,2.22,1.2254,0.3031,1.008,100.765,99.8333,26.35,26.6833,27.1,27.6,0.4775,0.494,0.467,0.5149,0.4734
2024-09-25,25.7833,23.4,30.0,24.5875,93.4583,0.2483,0.4683,27.4833,14.2668,6.848,8.8,2.96,0.8238,-0.5408,-0.4771,100.7929,98.0833,26.6833,26.6667,27.0583,27.6,0.4796,0.4909,0.47,0.5138,0.4751
2024-09-26,26.2375,23.4,30.9,24.5,90.875,0.3646,0.6642,27.8583,18.4356,8.849,5.2,3.9,1.0046,-0.5214,-0.0765,100.7517,97.1667,26.9958,26.8917,27.0292,27.6,0.4631,0.4924,0.4712,0.5128,0.4751
2024-09-27,26.4583,24.3,30.7,24.8333,91.4167,0.3362,0.6,27.9,16.1784,7.7657,24.4,3.34,0.6771,-0.2018,-0.0456,100.7338,79.7083,27.1792,27.05,27.1,27.6,0.4536,0.4855,0.473,0.512,0.4743
2024-09-28,26.7792,24.2,30.6,24.9917,90.375,0.375,0.6367,28.45,20.1168,9.6559,3.6,4.16,1.1062,0.3158,0.8591,100.6883,80.7917,27.4083,27.2375,27.1,27.6,0.4646,0.4846,0.4703,0.511,0.4729
2024-09-29,27.3167,24.3,31.1,24.7583,86.5833,0.5317,0.8717,29.075,19.944,9.5732,4.1,4.16,1.5687,0.1477,1.3525,100.6542,83.25,27.5833,27.375,27.125,27.6,0.4684,0.4742,0.4647,0.5102,0.4669
2024-09-30,26.9542,24.6,30.5,25.1583,90.2083,0.3767,0.6033,28.6,17.6508,8.4725,9.4,3.65,1.5767,0.0567,1.4628,100.5292,95.4167,27.5667,27.4917,27.2,27.6,0.4791,0.47,0.4593,0.5094,0.4629
2024-10-01,26.15,24.9,29.2,24.8042,92.3333,0.2654,0.3958,27.0833,15.174,7.2835,18.0,3.18,1.6292,-0.1781,1.5243,100.4712,98.7083,26.8792,27.2625,27.2,27.6,0.4772,0.4847,0.4555,0.5085,0.4632
2024-10-02,26.5917,24.4,30.0,25.0583,91.5417,0.3208,0.525,28.1833,14.9076,7.1555,15.3,3.18,1.3208,-0.3015,1.1517,100.6517,96.3333,27.1458,27.0458,27.2,27.6,0.4882,0.488,0.4542,0.5078,0.4637
2024-10-03,26.7458,24.3,30.4,24.6958,88.6667,0.4171,0.6133,27.8583,15.48,7.4304,5.9,3.26,0.8975,-0.5805,-0.183,100.7488,97.4167,27.0042,27.0958,27.2,27.6,0.4933,0.4932,0.4529,0.507,0.4642
2024-10-04,25.9292,23.8,30.0,24.5292,92.3333,0.2758,0.4183,27.0333,14.1588,6.7963,8.2,2.87,1.3708,-0.8138,-1.0119,100.8138,94.0,26.6042,26.8958,27.2,27.6,0.4815,0.4945,0.4563,0.5062,0.4661
2024-10-05,26.4375,23.4,31.1,24.1625,88.25,0.4621,0.81,28.1333,19.404,9.3138,7.5,4.05,1.4696,-0.6651,-0.8299,100.7358,72.625,26.8333,26.8167,27.2,27.525,0.4591,0.4881,0.4629,0.5056,0.4679
2024-10-06,26.4667,23.7,31.4,24.6792,90.75,0.3817,0.72,28.3417,19.0584,9.148,7.9,4.0,1.4579,-1.0259,-0.9838,100.8075,87.4583,27.15,27.0583,27.2,27.5,0.4719,0.4839,0.4632,0.505,0.4681
2024-10-07,27.1917,23.8,31.7,24.8208,88.0833,0.5067,0.9225,29.1833,19.0728,9.1549,0.9,4.1,1.3829,-0.8799,-1.0208,100.8471,86.0,27.5042,27.2625,27.2,27.5,0.4798,0.4805,0.4606,0.5044,0.4661
2024-10-08,27.0167,24.8,30.1,24.6083,87.1667,0.4921,0.8233,28.4833,14.0184,6.7286,0.2,3.05,1.4554,-0.7395,-0.7778,100.8058,98.75,27.3042,27.3542,27.2,27.5,0.4682,0.4723,0.4576,0.5039,0.4614
2024-10-09,26.3125,24.0,29.3,24.8083,91.6667,0.3021,0.4967,27.3333,10.1556,4.8748,4.3,2.27,1.6925,-0.9706,-1.3739,100.7108,97.0417,26.7958,27.0958,27.2,27.5,0.4817,0.4729,0.4548,0.503,0.4605
2024-10-10,25.9792,23.2,30.1,24.4417,91.8333,0.3108,0.5525,27.5917,13.7124,6.5821,8.8,2.84,1.345,-0.8241,-0.8791,100.6554,73.5,26.6833,26.8792,27.2,27.5,0.4872,0.4918,0.4542,0.5028,0.4644
2024-10-11,26.8792,23.8,31.5,24.9167,89.9167,0.4304,0.8075,28.9167,11.934,5.7283,0.4,2.59,1.2142,-0.7467,-0.7922,100.6562,90.0,27.525,27.1167,27.2,27.5,0.4853,0.4978,0.4569,0.502,0.4675
2024-10-12,26.7625,24.4,30.4,25.0042,90.7083,0.3667,0.6258,28.3083,14.652,7.033,6.5,3.07,1.4612,-0.8927,-1.0328,100.7133,92.9167,27.275,27.3375,27.2,27.5,0.4777,0.4975,0.4596,0.5016,0.4688
2024-10-13,26.9208,24.5,31.6,24.8792,89.2083,0.4246,0.6892,28.3083,15.228,7.3094,6.0,3.31,1.4183,-0.919,-0.9253,100.7104,98.5833,27.1125,27.1583,27.2,27.5,0.482,0.4921,0.4635,0.501,0.4708
2024-10-14,26.8917,24.5,32.0,25.1583,90.9583,0.3775,0.7033,28.725,17.1972,8.2547,25.7,3.62,0.7296,-0.4101,-0.2732,100.6762,93.875,27.7292,27.475,27.2375,27.5,0.4757,0.4911,0.4688,0.501,0.4739
2024-10-15,26.9875,24.2,31.7,25.0833,89.9167,0.4038,0.6817,28.625,18.3816,8.8231,24.9,3.86,0.6496,0.1617,0.1353,100.7021,88.6667,27.575,27.525,27.3,27.5,0.471,0.4946,0.479,0.5002,0.4817
2024-10-16,27.0,25.4,30.9,25.3542,91.0833,0.3425,0.5383,28.175,13.8564,6.651,7.3,2.88,0.4392,0.0354,0.0763,100.7492,99.875,27.3917,27.4375,27.3,27.5,0.468,0.4941,0.4854,0.5,0.486
2024-10-17,26.275,24.4,30.1,24.8833,92.2917,0.2817,0.4892,27.5167,14.0616,6.7495,15.5,2.96,0.8938,-0.1155,0.3705,100.7258,92.6667,27.1542,27.3083,27.3,27.5,0.4695,0.4899,0.4926,0.5,0.4904
2024-10-18,24.9833,23.5,27.5,24.5458,97.5417,0.0829,0.0925,25.6083,8.3016,3.9847,18.0,1.71,0.7487,-0.2288,0.1883,100.6829,98.0417,25.8542,26.6917,27.3,27.5,0.4752,0.4852,0.5066,0.5019,0.4999
2024-10-19,25.0833,23.4,28.2,24.0708,94.3333,0.1975,0.3308,26.2083,11.4372,5.4899,14.3,2.42,1.1871,-0.7226,-0.0202,100.7167,98.8333,25.95,26.2625,27.2167,27.5,0.4765,0.4725,0.5103,0.5068,0.5
2024-10-20,25.1083,23.3,28.1,24.1,94.3333,0.1942,0.3175,26.2917,9.6696,4.6414,122.1,2.09,1.1933,-0.431,0.7038,100.8742,98.75,25.95,26.2417,27.1125,27.5,0.4671,0.4788,0.5099,0.5087,0.5004
2024-10-21,26.5375,23.4,29.9,24.3792,88.5,0.4392,0.7408,28.2,16.2756,7.8122,5.0,3.41,0.7408,0.291,-0.0002,100.8179,98.375,26.5833,26.4083,27.0167,27.5,0.4671,0.463,0.5075,0.512,0.4954
2024-10-22,26.5375,23.5,31.0,24.9833,91.6667,0.3254,0.5908,28.1167,15.6132,7.4943,14.0,3.31,0.9158,0.2489,-0.6172,100.7404,88.5,27.05,26.8708,27.0,27.5,0.4645,0.4853,0.5026,0.512,0.4963
2024-10-23,26.9417,23.4,30.9,24.6583,88.375,0.4808,0.8792,28.7167,16.938,8.1301,2.3,3.6,1.5971,-0.6389,-1.0557,100.7546,97.125,27.1875,27.05,27.0,27.4917,0.4882,0.4912,0.497,0.5116,0.4951
2024-10-24,27.2083,23.8,31.4,23.425,81.1667,0.7642,1.2558,29.2583,22.6728,10.8828,0.0,4.86,1.9575,-1.0048,-1.636,100.6967,21.2917,27.3417,27.1833,27.0292,27.4042,0.4671,0.4803,0.4901,0.511,0.4864
2024-10-25,27.4125,22.9,31.9,23.3667,80.125,0.8321,1.3942,29.825,21.0888,10.1225,0.0,4.57,1.3129,0.1801,-0.5353,100.5742,79.8333,27.4792,27.2917,27.1,27.4,0.4498,0.4675,0.4828,0.5104,0.4773
2024-10-26,28.1417,25.3,31.6,24.8083,83.0833,0.7054,1.1133,29.825,19.6812,9.4469,0.7,4.29,1.2188,0.6895,-0.0479,100.3783,91.25,27.7583,27.475,27.125,27.4,0.4384,0.4564,0.4757,0.5097,0.4691
2024-10-27,26.6333,24.4,29.4,25.65,94.5833,0.2021,0.3108,28.025,9.9936,4.7971,10.9,2.1,1.1346,0.1166,0.5765,100.2392,99.625,27.3583,27.5583,27.2,27.4,0.4874,0.4606,0.4698,0.509,0.4691
2024-10-28,25.5458,24.0,28.9,24.1625,92.5417,0.2721,0.4367,26.2333,9.756,4.6828,13.0,2.15,1.4692,-1.0885,-0.9378,100.3325,95.1667,26.5542,26.9958,27.2,27.4,0.4635,0.4933,0.4743,0.5083,0.4775
2024-10-29,26.7792,24.5,31.1,24.3125,87.1667,0.5029,0.8108,28.3167,19.0008,9.1205,1.7,4.03,0.9429,-0.0254,-0.4703,100.5038,72.7917,27.1542,27.0,27.2,27.4,0.4572,0.4765,0.4756,0.508,0.4745
2024-10-30,26.4125,24.3,30.4,24.6375,90.4167,0.3617,0.5708,27.7917,17.7048,8.4981,9.2,3.7,0.8825,0.2558,0.0838,100.7108,73.6667,26.9208,27.0208,27.2,27.4,0.4705,0.4788,0.4712,0.5072,0.4728
2024-10-31,26.9458,23.1,31.4,24.7,88.4583,0.4767,0.8208,28.95,20.5164,9.8479,1.0,4.31,0.8162,0.3297,-0.2044,100.6738,71.5,27.3625,27.125,27.2,27.4,0.47,0.4839,0.4683,0.5068,0.4717
2024-11-01,26.95,24.3,31.7,25.075,90.1667,0.3996,0.6892,28.5417,18.7164,8.9839,7.4,3.9,0.7375,0.2012,-0.1698,100.6667,79.4167,27.4667,27.3792,27.2,27.4,0.477,0.4862,0.465,0.506,0.4703
2024-11-02,26.5542,23.0,30.0,22.4167,79.5,0.7804,1.225,28.2083,21.2796,10.2142,0.0,4.6,2.1588,-1.3249,-1.6491,100.7467,65.0833,27.2208,27.2458,27.2,27.4,0.4787,0.493,0.4652,0.5055,0.472
2024-11-03,26.4833,24.3,29.7,22.0375,77.0417,0.8267,1.1333,27.825,14.9148,7.1589,0.1,3.56,2.5546,-1.735,-1.8428,100.8046,72.625,26.8417,27.1,27.2,27.4,0.4603,0.4772,0.4622,0.5049,0.4652
2024-11-04,26.4708,24.2,30.0,22.7375,80.5417,0.705,0.9858,27.9,14.4468,6.9346,1.3,3.31,2.0975,-1.4304,-1.4072,100.7825,86.9167,26.6667,26.8542,27.2,27.4,0.4501,0.4657,0.4584,0.504,0.4593
2024-11-05,25.15,23.7,27.8,23.4083,90.5417,0.3238,0.3783,25.6083,8.2584,3.964,6.7,1.99,2.5321,-1.6133,-1.9115,100.8562,98.8333,25.7833,26.4792,27.1542,27.4,0.483,0.4748,0.4554,0.5036,0.4614
2024-11-06,26.1208,24.2,29.1,22.3,79.8333,0.7017,0.895,27.175,16.1496,7.7519,0.2,3.63,2.8092,-1.8614,-2.0217,100.8992,90.0417,26.3083,26.3417,27.0625,27.4,0.4715,0.4801,0.454,0.503,0.4607
2024-11-07,26.7667,24.1,30.0,22.3917,77.375,0.8321,1.1042,28.175,16.5312,7.9349,0.0,3.97,3.3162,-2.7425,-1.7263,100.8767,50.6667,26.8333,26.6583,27.0,27.4,0.4543,0.4688,0.4511,0.5022,0.455
2024-11-08,26.5958,24.5,29.4,22.2958,77.5417,0.8062,1.0458,27.8917,15.8076,7.5876,0.4,3.67,2.6767,-2.0038,-1.7253,100.86,68.3333,26.725,26.8292,27.0,27.4,0.4413,0.4582,0.4478,0.5016,0.4495
2024-11-09,26.6,23.7,30.5,21.825,75.7917,0.8933,1.2417,28.2333,21.3624,10.254,0.0,4.75,2.6058,-1.6588,-1.9665,100.8229,66.1667,26.7792,26.7583,27.0,27.4,0.4273,0.4481,0.4445,0.501,0.444
2024-11-10,26.7375,23.0,31.1,21.5458,74.3333,0.9783,1.4433,28.7583,20.1024,9.649,0.0,4.58,1.8696,-1.1897,-1.4288,100.8304,29.0833,27.0083,26.9125,27.0,27.4,0.4113,0.4374,0.4406,0.5,0.4379
2024-11-11,26.6292,22.7,31.4,22.1167,77.5417,0.8771,1.3775,29.0667,20.7432,9.9568,0.0,4.69,1.9742,-1.1382,-1.5994,100.7517,18.0,27.0042,26.975,27.0,27.4,0.3968,0.4272,0.4371,0.4994,0.4322
2024-11-12,26.4542,21.9,31.4,22.5042,80.4167,0.7833,1.3267,29.1417,19.62,9.4176,0.0,4.45,2.0567,-1.045,-1.7493,100.6617,55.9583,26.825,26.9208,27.0,27.3917,0.3842,0.4182,0.4337,0.4986,0.4269
2024-11-13,27.0917,22.9,31.8,23.65,82.7083,0.7108,1.22,29.525,18.9756,9.1082,0.7,4.18,1.6708,-0.933,-1.3398,100.5583,56.2083,27.2917,27.0208,27.0,27.3,0.3749,0.4098,0.4305,0.498,0.4223
2024-11-14,27.0042,24.2,30.5,24.8542,88.3333,0.4429,0.6733,28.225,13.2192,6.3452,8.0,2.82,0.84,-0.4751,-0.1525,100.6175,70.3333,27.3583,27.3417,27.0417,27.3,0.3788,0.404,0.4278,0.497,0.4194
2024-11-15,26.775,24.9,30.3,24.6292,88.5417,0.4329,0.6967,28.2667,14.6808,7.0468,7.7,3.04,0.9138,-0.0202,0.6602,100.6558,73.2917,27.175,27.225,27.1,27.3,0.3942,0.4005,0.4256,0.4966,0.4181
2024-11-16,27.5292,23.3,31.8,24.3333,83.9167,0.6758,1.1508,29.6833,18.8316,9.0391,0.4,4.01,0.8083,-0.137,-0.0522,100.6025,36.875,27.6125,27.2583,27.1,27.3,0.4041,0.3975,0.4231,0.496,0.4164
2024-11-17,27.25,24.4,31.4,24.8542,87.4583,0.4988,0.8392,28.7917,16.1928,7.7727,2.1,3.38,1.1642,-0.4471,-0.7772,100.6362,59.0417,27.5208,27.5167,27.15,27.3,0.4094,0.3938,0.421,0.4952,0.4144
2024-11-18,26.6167,23.2,30.9,22.425,79.3333,0.8154,1.3183,28.8417,19.6992,9.4557,0.0,4.3,2.2196,-1.5203,-1.5459,100.68,15.3333,27.1083,27.2458,27.2,27.3,0.4133,0.3918,0.4185,0.4946,0.4126
2024-11-19,26.2792,21.5,31.7,21.5042,76.4167,0.9221,1.4325,29.0083,20.682,9.9273,0.0,4.64,2.3242,-1.5587,-1.6363,100.7688,41.1667,26.6542,26.8625,27.2,27.3,0.3907,0.3872,0.416,0.4939,0.4082
2024-11-20,26.5542,23.3,30.9,21.8875,76.4167,0.8846,1.2617,28.5,16.272,7.8104,0.0,3.84,3.0292,-2.0248,-2.2075,100.7413,79.75,26.6292,26.8333,27.1375,27.3,0.3732,0.3817,0.4132,0.493,0.4038
2024-11-21,27.3333,24.5,31.3,21.1792,69.5417,1.1492,1.4667,28.7583,17.3952,8.3497,0.0,4.36,3.3837,-2.1878,-2.5197,100.6958,74.8333,27.15,26.975,27.1,27.3,0.358,0.3764,0.411,0.4924,0.4
2024-11-22,27.5583,24.6,31.5,20.9583,67.625,1.2242,1.4642,28.8083,17.0856,8.201,0.3,4.44,3.5279,-2.5185,-2.3689,100.7113,63.9583,27.6167,27.3667,27.1208,27.3,0.3445,0.3707,0.4082,0.4916,0.3959
2024-11-23,27.7333,25.2,31.8,21.4125,68.9167,1.1971,1.5108,29.2,17.8524,8.5693,0.0,4.44,3.4212,-2.4595,-2.2661,100.7575,90.125,27.825,27.5583,27.2,27.3,0.3332,0.3655,0.406,0.491,0.3924
2024-11-24,27.9167,25.3,32.0,21.8167,70.0,1.1729,1.4992,29.3,15.4368,7.4098,0.0,4.1,3.4988,-2.6578,-2.1391,100.7525,96.7917,28.0042,27.725,27.225,27.3,0.3225,0.3601,0.4036,0.49,0.3888
2024-11-25,28.2875,25.4,32.6,21.9667,69.25,1.2396,1.6033,29.8917,18.1368,8.7057,0.2,4.49,3.1004,-2.3892,-1.8607,100.6988,98.5,28.3625,27.9208,27.3,27.3,0.3138,0.3555,0.4011,0.4895,0.3854
2024-11-26,28.2583,24.9,33.0,21.8625,69.9167,1.2612,1.8125,30.425,20.2716,9.7303,0.0,4.78,2.9504,-2.3256,-1.6332,100.6883,70.7083,28.3833,28.0583,27.4,27.3,0.3054,0.3502,0.399,0.4886,0.3822
2024-11-27,27.6,23.8,32.3,21.3667,70.25,1.1996,1.71,29.85,18.2088,8.7403,0.0,4.45,2.8983,-2.1681,-1.7751,100.7221,65.5,27.8667,27.9,27.425,27.3,0.297,0.3452,0.3964,0.488,0.3787
2024-11-28,27.45,24.5,31.2,19.125,61.2917,1.47,1.7808,28.7833,19.5552,9.3865,0.0,5.25,4.2379,-2.9215,-2.9854,100.8592,49.75,27.8542,27.8208,27.5,27.3,0.2901,0.3407,0.3941,0.487,0.3756
2024-11-29,25.3042,22.3,29.0,16.1208,57.2917,1.4138,1.5992,26.1583,17.3556,8.3307,0.0,4.99,4.7358,-3.1168,-3.5246,100.9108,59.5417,26.6958,27.4125,27.5,27.3,0.284,0.3362,0.392,0.4864,0.3728
2024-11-30,25.2417,21.4,29.7,16.6375,59.375,1.3562,1.6583,26.9417,20.4696,9.8254,0.0,4.97,3.3762,-2.2746,-2.4758,100.795,36.7083,26.4833,26.8458,27.4375,27.3,0.2792,0.3322,0.3899,0.4856,0.37
2024-12-01,26.1208,21.7,31.7,18.1875,62.875,1.3642,1.8958,28.6917,20.4408,9.8116,0.0,4.72,2.3688,-1.4199,-1.853,100.6412,16.4583,26.7583,26.7583,27.35,27.3,0.2752,0.3283,0.3875,0.485,0.3672
2024-12-02,26.6167,20.9,33.0,18.9625,64.9167,1.3904,2.0717,29.7,20.4408,9.8116,0.0,4.71,2.1104,-1.4008,-1.5514,100.5746,51.375,27.1917,26.9958,27.3,27.3,0.2717,0.3246,0.3852,0.484,0.3645
2024-12-03,27.35,21.8,33.3,19.7417,65.6667,1.4296,2.1525,30.3667,20.5884,9.8823,0.0,4.79,2.2371,-1.5184,-1.6075,100.6208,61.5,27.7875,27.3875,27.3,27.3,0.2691,0.3215,0.3831,0.4834,0.3622
2024-12-04,27.4917,22.0,33.0,20.3125,67.125,1.3692,2.0458,30.225,17.6724,8.4828,0.0,4.25,2.1708,-1.5783,-1.332,100.6208,86.75,27.975,27.7,27.3125,27.3,0.267,0.3185,0.3811,0.4826,0.3599
2024-12-05,27.6667,23.2,33.2,20.5375,67.4167,1.3571,1.9658,30.125,16.5168,7.928,0.0,4.05,1.9946,-1.1657,-1.6081,100.6067,83.1667,28.0708,27.8125,27.4,27.3,0.2655,0.3156,0.3792,0.482,0.3579
2024-12-06,28.0042,23.2,33.4,20.0542,63.2917,1.5021,2.0758,30.3917,18.2232,8.7472,0.0,4.44,2.1304,-1.5732,-1.3537,100.6004,95.5417,28.375,27.9875,27.4167,27.3,0.264,0.313,0.3773,0.481,0.3558
2024-12-07,28.425,23.9,33.6,21.5417,67.5833,1.3608,1.8958,30.7417,16.8552,8.0905,0.3,4.21,2.5446,-2.116,-1.2291,100.645,91.375,28.7125,28.2583,27.5,27.3,0.2633,0.3105,0.3755,0.4805,0.354
2024-12-08,27.575,25.6,31.5,21.825,71.625,1.0887,1.4517,28.9917,13.4172,6.4403,0.0,3.38,2.4163,-1.6197,-1.7831,100.7646,87.2083,28.2375,28.3417,27.5958,27.3,0.264,0.3085,0.3741,0.4798,0.3526
2024-12-09,27.6708,24.1,32.1,19.2292,60.7083,1.5217,1.9242,29.4083,18.3312,8.7988,0.0,4.63,2.9317,-1.7887,-2.3009,100.7162,74.75,28.3167,28.0708,27.6042,27.3,0.2633,0.3069,0.3725,0.479,0.3511
2024-12-10,27.4375,23.2,32.6,19.0042,61.0833,1.5171,2.0308,29.5833,19.4256,9.3243,0.0,4.61,2.3583,-1.3734,-1.8868,100.6021,74.625,28.1417,28.0333,27.6958,27.3,0.2617,0.3049,0.371,0.4784,0.3494
2024-12-11,27.8958,24.2,33.4,19.9667,63.2917,1.4758,1.9283,29.7667,14.454,6.938,0.3,3.95,2.6454,-1.6538,-1.9494,100.5104,98.5,28.1167,27.9958,27.7,27.3,0.2615,0.303,0.3691,0.4776,0.3477
2024-12-12,28.1042,26.2,30.8,21.0917,66.2083,1.3221,1.5808,29.2083,10.9872,5.2739,0.1,3.4,2.8804,-2.0228,-1.919,100.5029,94.5833,28.325,28.1958,27.7,27.3583,0.2623,0.3015,0.3676,0.477,0.3464
2024-12-13,25.4042,23.7,28.3,22.6875,85.5417,0.4967,0.5517,25.8833,7.1352,3.425,10.4,2.2,3.2504,-2.1061,-2.4593,100.6379,98.6667,26.4875,27.6333,27.7,27.4,0.3357,0.3011,0.367,0.4765,0.351
2024-12-14,24.8,22.1,26.6,19.7125,73.7917,0.8425,0.8492,24.85,7.8732,3.7791,2.1,2.75,3.7775,-2.4147,-2.892,100.8042,96.9583,25.3917,26.3833,27.6417,27.4,0.3726,0.3026,0.367,0.476,0.3539
2024-12-15,24.8583,21.8,29.1,16.5083,59.9167,1.2829,1.3775,25.4417,13.6404,6.5472,0.0,4.43,4.8671,-3.5791,-3.1823,100.9704,57.9167,25.5833,26.025,27.4625,27.4,0.3596,0.3032,0.3663,0.4755,0.3526
2024-12-16,23.0042,20.8,25.5,14.7875,60.0833,1.1388,1.2142,23.5083,8.3124,3.9899,0.0,3.38,3.7017,-2.3122,-2.874,101.0625,67.6667,24.2583,25.5833,27.3083,27.4,0.3431,0.303,0.365,0.475,0.3504
2024-12-17,24.5917,20.4,29.8,16.2083,60.375,1.2904,1.65,26.6,19.9548,9.5782,0.0,4.85,3.1962,-2.1526,-2.3249,100.9637,15.75,25.1292,25.2458,27.0958,27.4,0.3292,0.3025,0.3641,0.4744,0.3487
2024-12-18,25.2875,21.4,30.5,17.4958,63.4167,1.2804,1.76,27.6167,19.4508,9.3365,0.0,4.72,3.1167,-2.0334,-2.2864,100.9046,29.4167,25.5375,25.6333,26.9417,27.4,0.3152,0.3011,0.3626,0.4736,0.3464
2024-12-19,24.8167,21.2,29.6,15.9792,58.9167,1.3554,1.7075,26.5667,20.0304,9.6147,0.0,4.88,3.5992,-2.2736,-2.7531,100.9521,55.25,25.5208,25.8667,26.8375,27.3375,0.3033,0.2996,0.3615,0.473,0.3444
2024-12-20,24.4583,20.5,29.7,15.9042,59.8333,1.3071,1.6733,26.4,19.3752,9.3,0.0,4.61,3.2338,-2.188,-2.3198,100.8925,71.2917,25.325,25.7417,26.75,27.3,0.2936,0.2985,0.3601,0.4724,0.3425
2024-12-21,24.475,19.7,30.3,16.3833,62.8333,1.2742,1.8092,27.1333,20.376,9.7805,0.0,4.49,2.5417,-1.5925,-1.9502,100.9054,77.3333,25.2583,25.5958,26.6583,27.3,0.286,0.2971,0.3586,0.4716,0.3406
2024-12-22,23.525,20.3,28.2,15.45,61.625,1.1833,1.5617,25.5083,18.0576,8.6676,0.0,4.14,3.1158,-1.9944,-2.3587,100.9167,94.3333,24.5917,25.4083,26.5792,27.3,0.28,0.2956,0.3575,0.471,0.3391
2024-12-23,23.6625,18.9,29.2,14.9375,59.2083,1.2792,1.65,25.5333,18.954,9.0977,0.0,4.39,2.95,-1.9186,-2.1583,100.8438,68.875,24.3792,24.9208,26.4542,27.3,0.2755,0.2946,0.3565,0.4704,0.3378
2024-12-24,25.25,21.0,30.0,16.25,58.2083,1.4129,1.7083,26.8333,19.0872,9.1618,0.0,4.65,3.2492,-1.9608,-2.5722,100.8821,36.75,25.65,25.3875,26.3542,27.3,0.2717,0.2936,0.3551,0.4697,0.3363
2024-12-25,25.5583,21.3,30.1,16.2625,57.0833,1.4654,1.7492,27.0333,19.7136,9.4625,0.0,4.98,3.4175,-2.0201,-2.7405,100.9558,65.4167,26.3792,26.0792,26.3125,27.3,0.2686,0.2925,0.3536,0.469,0.3348
2024-12-26,26.25,22.7,29.8,17.8292,60.0,1.3933,1.5933,27.4083,13.2048,6.3381,0.0,3.81,3.0471,-1.9627,-2.2586,101.0225,79.25,26.6167,26.3917,26.4,27.3,0.2662,0.2916,0.3525,0.4685,0.3337
2024-12-27,27.5375,23.8,32.4,19.7542,63.2917,1.4108,1.7833,29.1667,16.7436,8.0369,0.0,4.31,2.9367,-2.149,-1.8297,101.0296,61.0,27.7417,26.9542,26.425,27.2333,0.2645,0.2907,0.3515,0.468,0.3327
2024-12-28,26.975,24.2,31.1,18.5042,60.375,1.4496,1.7333,28.1417,17.316,8.3119,0.0,4.55,3.5454,-2.3001,-2.6162,101.0875,43.25,27.4583,27.2042,26.5333,27.2,0.2631,0.29,0.3505,0.4672,0.3317
2024-12-29,25.4667,21.8,29.9,15.5583,54.7083,1.5204,1.7708,26.7917,19.0152,9.1272,0.0,4.95,3.8454,-2.5206,-2.8677,101.0846,4.7083,26.8125,27.025,26.6125,27.2,0.2616,0.2895,0.3495,0.4666,0.3307
2024-12-30,25.45,20.7,31.2,15.9125,56.5833,1.5096,1.9775,27.7833,20.4768,9.8289,0.0,4.87,2.7304,-1.7952,-2.0285,101.0358,5.7083,26.3458,26.55,26.6875,27.2,0.2606,0.2885,0.3483,0.466,0.3296
2024-12-31,24.9958,19.7,31.0,15.9417,58.5,1.4325,1.9308,27.5083,20.5992,9.8878,0.0,4.75,2.5658,-1.4893,-2.0422,100.965,47.25,25.9417,26.2583,26.6542,27.2,0.26,0.2876,0.347,0.4654,0.3285
2025-01-01,25.6042,21.4,30.9,16.8167,59.2917,1.42,1.8467,27.625,19.8468,9.5264,0.0,4.67,2.895,-1.8371,-2.1879,100.83,60.9167,26.4292,26.3833,26.6208,27.2,0.2593,0.287,0.3456,0.4647,0.3272
2025-01-02,26.5083,21.9,32.2,17.075,58.0,1.5904,2.18,29.0667,19.9188,9.5611,0.0,4.79,2.4175,-1.5494,-1.8292,100.805,37.1667,27.0292,26.625,26.6375,27.2,0.2586,0.2865,0.3445,0.464,0.3263
2025-01-03,26.3708,22.8,31.5,17.1708,57.875,1.5254,1.8983,28.2583,17.7444,8.5173,0.0,4.55,3.0379,-1.8388,-2.3876,100.8546,47.4167,27.0375,26.9208,26.7,27.2,0.258,0.286,0.3435,0.4634,0.3255
2025-01-04,26.35,22.3,31.6,16.475,55.3333,1.6067,1.9933,28.2167,20.4444,9.8135,0.0,5.07,3.1196,-2.142,-2.2223,100.8342,7.875,27.2708,27.05,26.7167,27.2,0.2575,0.2854,0.3425,0.4627,0.3246
2025-01-05,25.05,21.7,29.6,14.0125,51.5417,1.6104,2.0308,26.8833,20.7864,9.9774,0.0,5.22,3.5008,-2.1065,-2.7839,101.0075,65.7083,26.4292,26.8625,26.8,27.2,0.257,0.2848,0.3415,0.462,0.3237
2025-01-06,24.2375,19.6,30.0,13.1958,51.1667,1.5663,2.0142,26.475,21.1392,10.1469,0.0,5.04,2.9025,-1.9172,-2.1525,100.9354,14.5417,25.4125,26.1208,26.7542,27.2,0.2566,0.2844,0.3404,0.4615,0.3228
2025-01-07,25.1625,18.5,32.1,15.4,57.2083,1.5588,2.2175,28.2417,21.0348,10.0967,0.0,4.81,2.1638,-1.523,-1.5035,100.9046,17.5,26.0542,25.9917,26.7,27.2,0.256,0.284,0.3391,0.4608,0.3217
2025-01-08,25.9833,18.9,32.9,16.1042,57.7917,1.6533,2.3725,29.1917,20.5128,9.8461,0.0,4.73,1.8533,-1.4158,-1.1709,100.875,46.5417,26.7958,26.4125,26.7,27.1042,0.2559,0.2835,0.3376,0.46,0.3205
2025-01-09,26.1958,20.3,32.3,16.1125,56.0417,1.6625,2.2917,29.0167,20.6748,9.9239,0.0,4.99,2.6088,-1.9855,-1.6302,100.9783,57.625,27.0333,26.8083,26.7,27.1,0.255,0.283,0.3366,0.4595,0.3196
2025-01-10,25.5208,21.9,30.3,16.5667,58.5,1.4246,1.7625,27.3833,17.2764,8.2927,0.0,4.61,3.72,-2.6081,-2.5524,101.17,51.125,26.4417,26.7958,26.7,27.1,0.255,0.283,0.3356,0.459,0.3189
2025-01-11,24.3917,20.7,28.5,13.4917,51.2083,1.5379,1.7408,25.5333,20.1528,9.6732,0.0,5.75,5.6058,-3.789,-4.1131,101.2721,60.2917,25.9625,26.4667,26.7,27.1,0.255,0.2825,0.3347,0.4583,0.3182
2025-01-12,21.5917,17.5,25.7,10.2833,49.125,1.3587,1.5542,22.675,19.9476,9.5748,0.0,5.32,5.6317,-3.6443,-4.2762,101.295,56.5833,24.0583,25.55,26.6708,27.1,0.2545,0.282,0.3342,0.4577,0.3176
2025-01-13,21.5083,16.3,27.3,10.2417,49.2917,1.3671,1.6508,23.3167,21.5604,10.3491,0.0,5.14,3.9029,-2.6718,-2.816,101.1096,12.625,23.5833,24.6292,26.5333,27.1,0.254,0.282,0.3335,0.457,0.3171
2025-01-14,23.1667,16.9,30.3,12.7417,53.25,1.4588,1.9792,26.0083,21.708,10.4198,0.0,5.12,2.9658,-1.9095,-2.2301,101.0662,8.625,24.2583,24.4583,26.3417,27.1,0.254,0.282,0.3325,0.4565,0.3164
2025-01-15,25.2458,20.9,30.3,16.0958,57.3333,1.435,1.79,27.2917,17.2224,8.2667,0.0,4.76,3.3996,-2.0055,-2.7063,101.0158,35.625,25.6667,25.25,26.2292,27.1,0.254,0.2815,0.3315,0.456,0.3156
2025-01-16,26.6125,22.3,32.1,16.3708,54.125,1.6688,1.9558,28.0083,19.2456,9.238,0.0,5.63,4.6525,-3.3412,-3.1363,101.0379,38.375,27.0625,26.2542,26.2042,27.1,0.2537,0.281,0.3306,0.4554,0.3148
2025-01-17,25.0792,20.7,30.2,14.6667,53.0417,1.5608,1.87,26.7667,21.1932,10.1727,0.0,5.45,4.0933,-2.7567,-2.9867,100.9867,31.875,26.525,26.5917,26.3,27.1,0.253,0.281,0.3297,0.4547,0.3141
2025-01-18,24.4458,19.2,30.7,13.7542,52.5833,1.565,2.035,26.8333,21.8484,10.4872,0.0,5.18,2.9471,-1.9141,-2.1754,100.9025,5.0,25.7917,26.1292,26.3,27.0333,0.253,0.281,0.3292,0.454,0.3137
2025-01-19,24.95,19.3,31.5,14.5042,53.9167,1.6,2.195,27.8083,21.7188,10.4251,0.0,5.1,2.4742,-1.6608,-1.8177,100.7892,73.0833,26.0042,26.0042,26.3,27.0,0.253,0.281,0.3284,0.4535,0.3132
2025-01-20,25.3708,18.7,32.6,15.875,58.7083,1.5558,2.2708,28.7,21.6432,10.3889,0.0,4.76,1.7971,-1.1859,-1.331,100.7042,95.9583,26.4,26.1875,26.3,27.0,0.253,0.2807,0.3275,0.453,0.3124
2025-01-21,25.325,18.2,32.9,14.5708,55.9167,1.7,2.5283,29.025,22.2048,10.6582,0.0,4.93,1.4917,-1.0723,-0.9612,100.7488,57.3333,26.5958,26.4083,26.325,27.0,0.253,0.2802,0.3265,0.4521,0.3116
2025-01-22,25.3542,17.6,33.3,14.0208,54.2083,1.7733,2.6775,29.0583,22.1256,10.6204,0.0,4.89,1.2775,-0.6787,-0.2686,100.7771,78.2083,26.3458,26.3625,26.4,27.0,0.2525,0.28,0.3255,0.4516,0.3108
2025-01-23,25.8458,18.3,33.5,17.6958,66.25,1.4133,2.35,29.1833,20.7144,9.9429,0.0,4.49,1.0462,-0.0668,0.1667,100.7975,93.7083,26.65,26.4958,26.4,27.0,0.252,0.28,0.3245,0.451,0.3101
2025-01-24,26.6625,19.7,34.8,19.1167,68.9167,1.4125,2.4567,30.3417,21.3156,10.2314,0.0,4.67,1.0058,0.1404,0.1917,100.6692,79.5417,27.375,26.8167,26.4292,27.0,0.252,0.28,0.3236,0.4505,0.3094
2025-01-25,26.875,21.2,34.2,20.8125,73.375,1.1867,2.0592,30.1667,21.1428,10.1485,0.0,4.65,0.9508,0.4677,0.6023,100.6475,77.1667,27.8,27.2625,26.525,27.0,0.252,0.28,0.3227,0.45,0.3088
2025-01-26,27.8417,22.0,35.2,21.4,73.2917,1.2958,2.3233,31.1333,20.664,9.9187,0.0,4.56,0.9775,-0.2335,0.4577,100.6729,48.625,28.5708,27.7083,26.6333,27.0,0.252,0.28,0.3222,0.4492,0.3084
2025-01-27,25.375,20.7,30.1,15.3417,56.2917,1.4917,1.9558,26.4917,21.6504,10.3923,0.8,5.4,3.8042,-2.744,-2.446,100.8104,18.3333,27.0708,27.6292,26.7792,27.0,0.2563,0.28,0.3215,0.4487,0.3082
2025-01-28,24.9167,20.6,30.0,12.8667,47.5833,1.7121,2.0115,26.5231,21.8124,10.4699,0.0,5.48,3.4812,-2.5558,-2.3288,101.0654,71.875,26.6125,26.9875,26.8,27.0,0.2557,0.28,0.3206,0.448,0.3075
2025-01-29,24.2917,19.3,30.4,13.05,50.5,1.5958,1.9838,26.2769,22.428,10.7653,0.0,5.39,3.3062,-2.4848,-2.1373,101.1879,69.625,25.9208,26.4333,26.8,27.0,0.255,0.28,0.32,0.4475,0.307
2025-01-30,24.3,17.4,31.6,14.3292,56.4583,1.5254,2.1677,27.4846,22.374,10.7394,0.0,4.95,2.0088,-1.53,-1.2206,100.9125,51.7083,25.7458,26.0458,26.7458,27.0,0.2547,0.2796,0.3195,0.447,0.3066
2025-01-31,24.9042,17.8,32.8,15.4167,60.0417,1.5154,2.3262,28.3769,22.7412,10.9157,0.0,4.72,0.9238,-0.1483,0.0742,100.7812,42.9167,26.1542,26.1042,26.7,27.0,0.254,0.279,0.3185,0.4464,0.3057
2025-02-01,25.9,18.9,33.7,18.65,69.9583,1.31,2.2169,29.3077,22.3092,10.7083,0.0,4.69,0.86,-0.0032,0.2602,100.6379,72.0,26.9292,26.525,26.6875,26.9917,0.254,0.279,0.3176,0.4458,0.3051
2025-02-02,26.7125,21.2,34.3,20.7667,74.375,1.1579,1.9715,29.7231,22.1544,10.634,0.0,4.85,1.0708,0.3376,0.7168,100.6167,44.5833,27.6208,27.0792,26.7,26.9042,0.254,0.279,0.317,0.445,0.3046
2025-02-03,27.6167,22.0,35.1,21.5375,73.7917,1.2388,2.0846,30.7308,21.8916,10.508,0.0,4.73,1.0546,-0.1933,0.7925,100.6475,18.625,28.4583,27.6042,26.75,26.9,0.2535,0.279,0.3165,0.4446,0.3042
2025-02-04,27.4958,23.6,33.5,19.8208,67.125,1.4008,2.1638,29.6923,20.2248,9.708,0.9,4.65,2.0871,-1.4604,-0.4686,100.8387,50.125,28.2333,27.9875,26.8833,26.9,0.2585,0.279,0.3157,0.444,0.304
2025-02-05,27.2958,21.1,33.9,18.0167,60.5,1.6458,2.4408,29.8692,22.6764,10.8847,0.0,4.99,1.5438,-1.0394,-0.5481,100.7642,47.7083,28.2,27.85,26.9958,26.9,0.2588,0.279,0.315,0.4435,0.3035
2025-02-06,27.1917,21.4,33.7,20.4875,71.0,1.2704,2.0323,29.8077,20.5308,9.8549,0.0,4.53,1.1196,-0.1614,0.7578,100.7038,54.9167,28.3167,27.9708,27.0833,26.9,0.258,0.279,0.3145,0.443,0.3031
2025-02-07,27.3292,22.4,33.7,21.3792,74.3333,1.1508,1.9408,29.8154,18.4752,8.8681,0.0,4.11,0.9204,-0.0945,0.3238,100.7767,49.0,28.1875,27.9708,27.1375,26.9,0.2575,0.279,0.314,0.4425,0.3027
2025-02-08,27.6208,22.1,33.7,18.3458,62.0833,1.6383,2.4285,29.9923,21.4272,10.285,0.0,5.32,2.4338,-1.7023,-1.3608,100.8479,43.2083,28.1792,27.9,27.2083,26.9417,0.257,0.279,0.3135,0.442,0.3023
2025-02-09,26.2958,21.5,31.6,14.6042,49.5417,1.8158,2.1769,27.9923,23.22,11.1457,0.0,5.85,3.6458,-2.5845,-2.5308,100.9325,28.0,27.875,27.9708,27.3,27.0,0.2565,0.279,0.3126,0.4412,0.3016
2025-02-10,25.775,20.2,32.2,14.2333,50.2083,1.7808,2.2669,28.1154,23.4792,11.2701,0.0,5.6,2.7767,-1.9022,-1.9859,100.9429,49.7917,27.0792,27.3542,27.3,27.0,0.256,0.279,0.312,0.4407,0.3011
2025-02-11,26.975,20.6,33.8,16.1333,53.625,1.8404,2.51,29.7923,22.554,10.8261,0.0,5.11,1.6742,-0.6912,-1.0262,100.8817,88.4583,27.8083,27.4125,27.3,27.0,0.2555,0.279,0.3115,0.44,0.3008
2025-02-12,27.9458,21.3,35.0,19.2958,63.7917,1.6429,2.5354,31.0769,20.682,9.9275,0.0,4.67,1.0946,-0.2626,0.1233,100.8217,64.9167,28.7333,27.9875,27.3083,27.0,0.255,0.279,0.3109,0.4396,0.3003
2025-02-13,28.1708,22.9,35.6,21.5417,71.6667,1.34,2.22,31.0923,21.2688,10.2091,0.0,4.79,1.1304,0.1465,0.7836,100.8238,48.4167,29.2625,28.5417,27.4083,27.0,0.2547,0.279,0.3105,0.439,0.3
2025-02-14,27.7917,24.0,33.8,22.8292,77.4583,1.0054,1.6762,30.1,19.4184,9.321,0.2,4.32,1.2142,0.4069,0.7308,100.7833,46.1667,29.0208,28.7208,27.5125,27.0,0.2562,0.279,0.3099,0.4386,0.2997
2025-02-15,28.2792,24.3,33.9,23.0833,76.625,1.0783,1.7938,30.7077,19.5372,9.3779,0.2,4.38,1.1083,0.4899,0.5768,100.6633,39.5833,29.3083,28.7625,27.6083,27.0,0.259,0.279,0.3095,0.438,0.2995
2025-02-16,27.5375,24.8,32.9,23.65,80.9583,0.8012,1.3038,29.4538,18.6912,8.9718,3.2,4.12,1.5229,0.253,1.3991,100.7679,54.3333,28.875,28.8167,27.7,27.0,0.2671,0.279,0.309,0.4376,0.2998
2025-02-17,26.55,23.9,31.6,23.6167,85.0,0.5904,0.9469,28.1385,17.334,8.3204,9.1,3.68,1.1613,0.1022,1.0368,100.9188,36.7917,27.7875,28.2833,27.7958,27.0,0.3049,0.279,0.309,0.437,0.3024
2025-02-18,26.025,23.3,30.6,23.7125,87.9583,0.4621,0.7669,27.4846,16.5744,7.9558,8.8,3.48,1.0012,0.3423,0.8125,100.9667,79.6667,27.225,27.6667,27.7375,27.0,0.3881,0.2805,0.309,0.437,0.3086
2025-02-19,25.2875,22.8,28.1,23.6792,91.25,0.3096,0.51,26.6,13.0824,6.2796,15.0,2.72,0.9538,0.3269,0.0805,100.92,64.0833,26.5,27.0958,27.6917,27.0,0.4572,0.2982,0.309,0.437,0.3171
2025-02-20,27.0042,22.8,32.4,23.5417,83.1667,0.7121,1.2008,29.1077,19.3788,9.3018,1.7,4.1,1.1025,-0.1888,-0.0119,100.8858,80.25,27.1917,26.9667,27.6,27.0,0.4351,0.3243,0.309,0.4365,0.321
2025-02-21,26.7708,25.2,31.6,24.4292,87.6667,0.4729,0.7338,27.7846,16.2504,7.8002,2.0,3.42,0.9371,0.3388,0.5632,100.9954,87.7917,27.3333,27.375,27.5167,27.0875,0.4153,0.3289,0.309,0.436,0.3206
2025-02-22,27.4708,23.2,33.0,23.3208,80.6667,0.8546,1.4492,29.6769,20.0484,9.6232,0.5,4.35,1.2704,-0.3865,-0.1772,100.97,78.7917,27.8042,27.4458,27.5,27.1,0.3973,0.3301,0.309,0.436,0.3196
2025-02-23,27.9417,24.6,32.8,23.4208,78.4167,0.9146,1.4462,29.6538,16.6572,7.9954,2.9,3.99,1.9408,-1.4931,-0.5948,101.0258,98.0833,28.0542,27.8375,27.5,27.1,0.3804,0.3288,0.309,0.4354,0.3181
2025-02-24,26.0875,24.2,28.7,21.9792,78.8333,0.7475,0.9692,27.0077,9.54,4.5791,1.4,2.64,3.0242,-2.2365,-1.9612,101.1879,99.625,26.7625,27.4875,27.5,27.1,0.3793,0.3276,0.309,0.435,0.3178
2025-02-25,27.7208,24.7,32.2,18.9083,59.5417,1.5704,1.9615,29.3154,16.8552,8.0908,0.0,4.69,2.9775,-2.3436,-1.6103,101.2379,88.0833,27.5083,27.1875,27.4667,27.1,0.3653,0.3258,0.3086,0.435,0.3162
2025-02-26,27.7667,23.8,33.2,18.6833,58.25,1.6133,1.9192,29.4077,20.7396,9.9549,0.5,5.43,3.0171,-2.2561,-1.8268,101.185,73.5,28.05,27.6625,27.4375,27.1,0.3451,0.3226,0.308,0.4342,0.3137
2025-02-27,28.4042,23.6,34.4,20.9458,66.0,1.4533,2.0523,30.8,22.482,10.7912,1.3,5.2,1.7171,-0.9042,-0.3707,100.9596,37.5833,28.675,28.0833,27.5,27.1,0.3333,0.3192,0.308,0.434,0.3121
2025-02-28,27.6417,24.4,32.7,23.7583,80.9583,0.8042,1.2746,29.5077,20.2068,9.6993,6.4,4.31,1.1833,0.3125,0.9989,100.9038,47.875,28.375,28.25,27.5208,27.1,0.3491,0.3161,0.3077,0.4335,0.3124
2025-03-01,27.2458,25.2,31.7,24.0583,83.625,0.6483,0.9869,28.6538,19.3608,9.2932,3.3,4.09,1.5029,0.78,1.2301,100.7942,62.0417,27.9458,28.0708,27.6,27.1,0.3815,0.3155,0.3075,0.433,0.3144
2025-03-02,27.6042,25.0,31.9,24.0792,82.1667,0.7275,1.1338,29.2846,20.5416,9.8599,2.1,4.36,1.4492,0.596,1.2161,100.6279,68.5833,28.1792,27.9458,27.6,27.1,0.3851,0.3155,0.3071,0.433,0.3143
2025-03-03,27.4458,25.0,31.6,24.4042,84.4583,0.6279,1.0062,29.0538,19.9512,9.5766,1.8,4.27,1.7462,0.7362,1.5632,100.6058,83.25,28.2708,28.1,27.6,27.1,0.3808,0.3155,0.307,0.4325,0.314
2025-03-04,27.6083,24.9,32.1,24.0,81.8333,0.7446,1.1754,29.4308,20.6676,9.9204,1.6,4.43,1.8492,0.872,1.6247,100.565,55.7083,28.3875,28.1583,27.675,27.1,0.3695,0.3149,0.307,0.432,0.313
2025-03-05,28.0958,24.7,33.7,23.1208,76.5833,1.0208,1.6362,30.3231,23.1228,11.099,0.3,5.12,1.8942,0.8922,1.6371,100.52,39.25,28.7542,28.3125,27.7,27.1,0.3539,0.3131,0.307,0.4319,0.3116
2025-03-06,28.1042,24.8,33.0,23.875,79.25,0.8817,1.3746,30.0077,21.3804,10.2626,2.0,4.68,1.7942,0.4084,1.6523,100.6371,30.875,28.7125,28.4458,27.725,27.1042,0.3378,0.311,0.3066,0.431,0.3097
2025-03-07,25.8708,23.8,29.3,24.2625,91.2083,0.3175,0.4623,26.5462,11.8332,5.6799,28.5,2.52,1.1192,-0.4768,-0.271,100.7012,88.5833,27.325,28.1583,27.8,27.2,0.3884,0.3325,0.3069,0.431,0.318
2025-03-08,24.2,21.9,26.7,21.0125,83.0417,0.5371,0.7823,25.0,11.97,5.7457,4.0,2.36,2.5071,-1.553,-1.9447,100.85,76.9167,25.7042,26.8125,27.7375,27.2,0.4557,0.384,0.307,0.431,0.3336
2025-03-09,26.4042,21.7,32.1,19.8917,68.5833,1.19,1.6577,28.7615,24.3036,11.6657,0.3,5.26,2.5262,-1.8175,-1.6273,100.8988,13.4167,26.7292,26.4625,27.5583,27.2,0.4208,0.3849,0.307,0.4305,0.3313
2025-03-10,28.0417,23.4,33.6,21.2417,68.0,1.3404,1.9077,30.5385,23.1732,11.1231,0.1,5.45,2.3579,-1.9454,-1.0882,100.9062,30.5833,27.9542,27.325,27.5,27.2,0.3897,0.3778,0.307,0.43,0.3277
2025-03-11,27.6125,24.8,31.7,24.575,84.0417,0.6212,0.8054,28.9231,18.8496,9.0477,7.0,4.03,0.7375,0.3272,0.0862,100.83,71.0833,28.0417,27.9375,27.5,27.2,0.4118,0.3737,0.307,0.43,0.3283
2025-03-12,27.35,25.3,31.1,25.0292,87.625,0.4892,0.7446,28.6231,18.5688,8.9129,7.6,4.02,1.3788,0.5695,1.1516,100.69,88.7083,27.9,27.8917,27.5083,27.2,0.4474,0.3781,0.307,0.4296,0.3318
2025-03-13,26.7792,25.1,30.4,24.4375,87.4583,0.4704,0.6469,27.7462,15.1272,7.2611,10.6,3.08,0.6783,0.0868,0.395,100.7283,91.7917,27.2875,27.6167,27.525,27.2,0.4395,0.399,0.307,0.429,0.3356
2025-03-14,26.9083,23.3,31.5,23.8708,84.6667,0.6217,0.9777,28.6615,20.2032,9.6976,1.7,4.3,0.99,0.1098,0.604,100.8054,59.1667,27.4542,27.3708,27.5,27.2,0.4097,0.4219,0.308,0.429,0.339
2025-03-15,27.5667,24.2,31.9,24.35,83.4167,0.6704,1.0262,29.1615,20.6388,9.9066,2.0,4.43,1.1092,0.2785,0.9333,100.805,60.7083,27.7917,27.575,27.5,27.2,0.4091,0.4135,0.3083,0.429,0.3374
2025-03-16,27.7833,25.2,32.2,24.85,84.9167,0.6212,0.9623,29.3308,21.852,10.489,3.6,4.59,1.1588,0.5271,0.6793,100.7442,66.5417,28.0125,27.825,27.5,27.2,0.4197,0.4065,0.309,0.4285,0.3372
2025-03-17,26.0125,23.9,33.0,24.3958,91.375,0.3342,0.5162,27.2308,12.924,6.2035,29.1,2.72,1.0129,-0.56,-0.0278,100.8171,85.5833,27.1208,27.5875,27.5,27.2,0.4828,0.4484,0.3101,0.428,0.3512
2025-03-18,27.3333,23.3,32.3,22.9,78.9167,0.9038,1.4023,29.6077,22.7304,10.9104,0.0,4.87,1.92,-1.4204,-1.1399,100.8858,60.25,27.5917,27.3042,27.5,27.2,0.4658,0.4709,0.3155,0.428,0.3586
2025-03-19,26.3042,22.9,30.8,18.6,63.5833,1.2929,1.6623,27.6,26.0784,12.5177,0.0,5.78,3.3829,-2.2328,-2.4745,101.1583,66.7083,26.9583,27.3042,27.5,27.2,0.4372,0.4512,0.3178,0.428,0.3542
2025-03-20,24.9458,21.5,29.5,16.225,59.0833,1.3375,1.6031,26.3231,25.4016,12.1926,0.0,5.68,3.6217,-2.3665,-2.7188,101.2892,70.2083,26.1042,26.7667,27.425,27.2,0.411,0.4341,0.3189,0.4271,0.3495
2025-03-21,25.125,20.8,31.0,17.625,64.4167,1.2379,1.7038,27.4846,24.4548,11.7382,0.0,5.4,2.8179,-1.9067,-2.0112,101.2467,54.0833,25.675,26.125,27.3125,27.2,0.3902,0.4198,0.319,0.427,0.3452
2025-03-22,25.775,21.4,31.8,18.5708,65.9167,1.2433,1.7438,28.3154,20.898,10.0311,0.0,4.82,2.5467,-1.5688,-1.9378,101.0646,48.4583,26.0708,26.2208,27.1667,27.2,0.3729,0.4075,0.319,0.4267,0.3414
2025-03-23,26.8292,20.0,33.7,20.2917,70.875,1.2612,2.0508,30.2846,26.01,12.4849,0.0,5.62,1.5679,-0.4932,-0.6189,100.9588,36.25,27.2042,26.6875,27.1,27.2,0.3569,0.3962,0.319,0.426,0.3379
2025-03-24,27.325,22.9,33.3,23.1167,80.0833,0.8646,1.4431,29.6462,23.5404,11.2993,0.1,5.06,1.2588,0.1298,0.83,100.7604,52.1667,27.8375,27.4458,27.1,27.2,0.3435,0.3861,0.3185,0.426,0.3345
2025-03-25,27.425,24.2,31.7,23.6708,81.3333,0.7696,1.2454,29.4077,21.7512,10.4405,1.2,4.68,1.97,0.5137,1.7512,100.4867,50.125,28.0542,27.7583,27.1875,27.2,0.3367,0.3778,0.318,0.4255,0.3319
2025-03-26,27.5042,24.7,31.2,24.1083,82.7083,0.6996,1.1154,29.3154,21.8268,10.477,0.7,4.53,2.1775,0.7154,1.9813,100.3671,91.875,28.2375,27.9417,27.2292,27.2,0.334,0.3713,0.318,0.425,0.3303
2025-03-27,27.5583,24.1,31.5,23.8833,81.7917,0.7608,1.2562,29.5846,22.626,10.8604,1.0,4.76,2.3879,0.6462,2.2182,100.2912,88.875,28.2875,27.9917,27.3083,27.2,0.3293,0.3649,0.318,0.425,0.3286
2025-03-28,27.8792,24.5,32.4,24.1583,81.625,0.7825,1.29,29.9462,21.9348,10.5286,1.3,4.73,2.0867,0.5268,1.9546,100.3658,44.625,28.5625,28.15,27.4,27.2,0.3266,0.3587,0.3175,0.4246,0.3268
2025-03-29,28.1417,24.9,32.8,24.6417,82.5417,0.7521,1.2215,30.1077,21.8808,10.5029,3.2,4.58,1.5408,0.0823,1.4287,100.4746,52.7083,28.8167,28.3875,27.4792,27.2,0.336,0.3533,0.317,0.424,0.326
2025-03-30,26.9333,24.7,30.4,24.8583,88.7917,0.4283,0.67,28.1385,15.5988,7.4874,11.8,3.36,1.2129,-0.0579,0.6252,100.7275,71.25,28.0167,28.2458,27.5583,27.2,0.4107,0.3521,0.317,0.424,0.3309
2025-03-31,26.3958,23.9,30.5,24.6708,90.7917,0.3542,0.6008,27.7538,13.7592,6.6045,2.9,2.74,1.2788,-0.6946,-0.534,100.7671,95.0417,27.4208,27.7167,27.6,27.2,0.4492,0.3636,0.317,0.424,0.336
2025-04-01,28.025,24.1,32.8,23.6833,79.5,0.9042,1.4869,30.1385,23.4684,11.2649,1.1,5.1,1.4258,-0.8286,-0.4633,100.7008,81.75,28.2708,27.7458,27.6,27.2,0.4231,0.3678,0.317,0.4236,0.3351
2025-04-02,27.5958,24.7,31.4,24.4,83.6667,0.6571,1.0115,29.0154,16.74,8.0352,5.8,3.67,1.3075,-0.788,-0.2982,100.7692,95.9583,28.0833,28.0667,27.6,27.2083,0.4168,0.3656,0.317,0.423,0.3342
2025-04-03,28.0208,25.0,33.2,24.775,84.0833,0.6979,1.1462,29.7615,20.7,9.9359,2.2,4.52,1.2283,-0.273,0.1314,100.8762,93.7083,28.6875,28.2375,27.6292,27.2958,0.4265,0.3669,0.3166,0.423,0.3348
2025-04-04,27.4792,25.1,31.8,24.6125,85.25,0.5975,0.9169,28.9462,22.0572,10.5875,6.3,4.68,1.28,0.6737,0.9045,100.8212,81.625,28.35,28.3125,27.7,27.3,0.4199,0.3664,0.3161,0.423,0.3339
2025-04-05,27.4583,23.7,31.3,23.9208,82.1667,0.7217,1.1223,29.1308,21.6828,10.4075,1.9,4.62,1.5742,0.4442,1.4247,100.7679,74.375,28.1667,28.1125,27.7,27.3,0.4253,0.3668,0.316,0.4226,0.3343
2025-04-06,27.9875,25.3,32.6,24.4708,82.2083,0.7425,1.1438,29.6923,22.3884,10.7464,3.2,4.84,1.4629,0.3542,1.3742,100.7367,59.625,28.4458,28.1792,27.7625,27.3,0.4174,0.3657,0.316,0.422,0.3335
2025-04-07,27.6042,25.0,31.7,24.5292,84.0,0.6412,0.9654,29.1,20.3868,9.7857,4.8,4.29,1.2663,0.2515,0.9506,100.8767,59.5,28.4208,28.35,27.8,27.3,0.4298,0.3653,0.316,0.422,0.3343
2025-04-08,26.9208,24.6,30.8,24.4208,86.875,0.5125,0.8123,28.3154,20.16,9.6767,9.6,4.2,1.0804,0.3659,0.8882,100.9642,82.125,27.8833,28.0583,27.8,27.3,0.4478,0.3699,0.316,0.422,0.3365
2025-04-09,27.3958,24.7,30.7,24.5417,84.9167,0.5892,0.8685,28.8692,19.8,9.5039,12.1,4.06,1.5621,0.6486,1.3442,100.7758,78.25,27.9875,27.9208,27.8,27.3,0.455,0.3823,0.316,0.4218,0.3397
2025-04-10,26.2125,24.7,29.7,24.7042,91.75,0.3029,0.4277,27.0231,14.4972,6.9588,11.7,2.91,1.1025,0.205,0.9442,100.6387,99.625,27.1583,27.6667,27.8,27.3,0.4508,0.3994,0.316,0.421,0.343
2025-04-11,26.8792,23.5,30.4,24.8458,89.0417,0.43,0.6731,28.5615,19.476,9.3485,4.5,3.97,1.7383,0.3282,1.4088,100.5283,75.625,27.4792,27.375,27.725,27.3,0.43,0.4217,0.3168,0.421,0.3467
2025-04-12,27.3708,24.3,31.1,24.5625,85.4583,0.5842,0.9315,29.1154,20.1132,9.6544,4.4,4.32,1.9496,0.4469,1.7303,100.5979,78.7083,27.9333,27.7292,27.7,27.3,0.4306,0.416,0.317,0.421,0.3457
2025-04-13,27.8042,24.2,32.9,24.9625,85.4167,0.6183,0.99,29.8385,21.924,10.5236,11.6,4.7,1.0983,-0.438,0.5678,100.6242,61.875,28.3,27.9708,27.7,27.3,0.4384,0.4105,0.317,0.421,0.3451
2025-04-14,26.4042,24.3,30.1,24.8875,91.8333,0.3129,0.5092,27.6231,13.302,6.3848,15.9,2.83,0.9817,-0.6057,-0.5782,100.7646,99.7083,27.5417,27.8833,27.7,27.3,0.4757,0.458,0.3185,0.421,0.3588
2025-04-15,26.5917,24.6,31.1,25.2458,92.875,0.2879,0.48,27.7769,15.6744,7.5237,28.0,3.35,1.0054,-0.4128,-0.3457,100.7396,98.875,27.4042,27.5792,27.7,27.3,0.4842,0.4852,0.3252,0.4204,0.3699
2025-04-16,26.4917,23.8,30.6,24.775,90.5833,0.3525,0.5523,27.7308,16.9272,8.1251,8.2,3.59,1.2638,0.5999,0.956,100.7342,99.375,27.3417,27.4667,27.7,27.3,0.4789,0.4891,0.3382,0.42,0.3798
2025-04-17,27.0667,24.5,30.6,24.9458,88.5833,0.4388,0.6531,28.3615,16.6212,7.978,4.7,3.56,1.3296,0.3602,1.197,100.6604,99.125,27.525,27.4667,27.6125,27.3,0.4727,0.4768,0.3445,0.42,0.3813
2025-04-18,27.65,25.1,31.6,25.2458,87.2917,0.5125,0.7746,29.3,19.998,9.5989,6.6,4.14,1.7475,0.3243,1.634,100.6017,79.875,27.925,27.675,27.6,27.3833,0.4731,0.4646,0.3472,0.42,0.3807
2025-04-19,28.1375,24.6,32.0,25.025,84.0417,0.6675,1.0254,29.8769,22.8996,10.9917,5.8,4.92,1.6483,0.0795,1.5011,100.5329,72.625,28.325,27.9667,27.6042,27.4,0.4678,0.4574,0.3488,0.42,0.38
2025-04-20,28.0083,25.2,31.8,24.8708,83.9167,0.6671,1.0262,29.7231,22.1004,10.6083,1.8,4.79,1.6267,0.1952,1.5093,100.5958,54.0833,28.4792,28.2292,27.7,27.4,0.4531,0.448,0.3499,0.4197,0.3777
2025-04-21,28.3292,24.9,32.8,24.5583,81.2917,0.8062,1.2692,30.2769,23.328,11.1975,0.5,5.01,1.3171,0.074,1.2697,100.7512,60.0417,28.75,28.3833,27.7167,27.4,0.4372,0.438,0.35,0.419,0.3746
2025-04-22,28.1875,25.9,31.8,25.0083,83.4167,0.6696,0.9215,29.4385,21.9564,10.5391,4.4,4.6,1.6179,0.2841,1.5568,100.7838,85.0417,28.6583,28.5333,27.8,27.4,0.4292,0.4285,0.35,0.419,0.372
2025-04-23,27.8583,25.4,30.9,24.9708,84.7917,0.605,0.8715,29.2615,19.6128,9.4141,5.1,4.14,1.41,0.2269,1.2557,100.6654,97.7083,28.3917,28.3583,27.8333,27.4,0.4423,0.423,0.35,0.419,0.3718
2025-04-24,27.7875,25.4,31.4,25.0875,85.625,0.5712,0.8323,29.2769,20.9844,10.0726,6.5,4.41,1.8325,0.324,1.6728,100.6258,96.8333,28.4292,28.3292,27.9,27.4,0.4535,0.4208,0.35,0.419,0.3721
2025-04-25,28.0417,25.1,31.9,25.2417,85.375,0.6008,0.9246,29.7077,20.8692,10.0173,4.1,4.45,1.7613,0.2381,1.6817,100.6183,84.9583,28.4833,28.3,27.9,27.4,0.4537,0.4217,0.35,0.4186,0.3723
2025-04-26,27.0708,25.1,30.9,24.8083,87.7917,0.4592,0.7069,28.1615,17.0568,8.187,10.0,3.53,1.6354,-0.0417,1.5165,100.6871,78.75,27.8583,28.175,27.9,27.4,0.4381,0.4358,0.35,0.418,0.3742
2025-04-27,27.2208,24.5,31.8,24.5542,86.1667,0.5546,0.8962,28.8692,18.0072,8.6433,5.0,3.79,0.9471,-0.3283,0.388,100.7238,83.4167,27.8625,27.8583,27.9,27.4,0.4331,0.4483,0.351,0.418,0.3772
2025-04-28,27.5875,24.5,31.9,24.9833,86.4167,0.5542,0.88,29.3,22.1868,10.6497,2.3,4.77,0.9396,0.3467,0.6954,100.6325,68.2917,28.1917,27.9708,27.9,27.4,0.4501,0.4403,0.3516,0.418,0.3771
2025-04-29,27.7458,24.7,32.0,24.475,83.25,0.6862,1.0323,29.3462,20.3112,9.7495,2.3,4.38,1.045,0.008,-0.3432,100.6613,93.6667,28.3417,28.15,27.9,27.4,0.4475,0.4343,0.352,0.418,0.376
2025-04-30,28.3833,25.4,33.2,24.9458,82.7917,0.7479,1.1838,30.3,22.4928,10.7964,3.0,4.87,1.0887,-0.3413,0.1427,100.615,85.375,28.8958,28.475,27.9083,27.4,0.4342,0.4271,0.352,0.4177,0.3735
2025-05-01,28.3208,25.5,32.3,25.275,84.375,0.6604,1.0315,30.0615,22.6512,10.8727,2.5,4.9,0.8608,0.3764,0.6306,100.7137,57.9583,28.975,28.6875,28.0,27.4,0.4319,0.4203,0.3516,0.417,0.3716
2025-05-02,27.0292,25.9,29.6,25.2083,89.9167,0.3704,0.4769,27.7,15.156,7.2748,16.9,3.22,1.0375,0.2888,0.8029,100.6296,88.7917,28.0167,28.4542,28.0,27.4542,0.4585,0.4399,0.3521,0.417,0.378
2025-05-03,26.2167,24.7,29.1,25.1,93.625,0.2258,0.3446,27.1077,12.2436,5.8769,15.2,2.58,0.8762,-0.4703,0.0274,100.6321,99.9583,27.3417,27.7958,28.0,27.5,0.475,0.479,0.3549,0.417,0.3893
2025-05-04,26.9083,23.5,30.8,24.6583,88.1667,0.4762,0.7992,28.7154,19.5516,9.3849,3.0,4.08,0.82,0.0744,0.0118,100.5175,93.2917,27.7625,27.6292,27.9375,27.5,0.4811,0.4799,0.3602,0.417,0.3938
2025-05-05,27.4417,24.4,31.5,24.625,85.5417,0.5838,0.8636,28.6,19.2708,9.2499,2.9,4.2,1.1279,0.1309,0.9988,100.4762,95.625,27.9583,27.875,27.9,27.5,0.486,0.4732,0.3631,0.417,0.3948
2025-05-06,26.9625,25.1,30.1,25.3708,91.2917,0.3242,0.4515,28.0077,14.5728,6.9949,14.0,3.19,1.4433,0.0097,1.3669,100.4483,90.3333,27.5917,27.7917,27.9,27.5,0.4871,0.484,0.3665,0.417,0.3996
2025-05-07,26.5875,24.8,28.8,24.6125,89.2917,0.3913,0.55,27.3714,14.8176,7.1124,10.1,3.25,1.9417,0.0162,1.816,100.4046,96.7083,27.1875,27.5125,27.8417,27.5,0.4795,0.4916,0.3736,0.417,0.4058
2025-05-08,27.1458,24.8,30.2,25.1875,89.375,0.4071,0.5843,28.2357,19.476,9.3482,8.1,4.03,1.9496,0.1532,1.8415,100.4029,90.25,27.5208,27.4333,27.8,27.5,0.4815,0.4859,0.3796,0.417,0.409
2025-05-09,28.0,25.2,31.4,25.4083,86.5417,0.5604,0.8493,29.4286,19.6272,9.4211,3.7,4.25,1.825,0.2682,1.6838,100.405,91.125,28.1208,27.8083,27.7625,27.5,0.4745,0.4761,0.383,0.4164,0.409
2025-05-10,26.9708,25.4,30.2,25.5458,92.0833,0.2946,0.39,27.6286,12.4812,5.991,11.3,2.56,1.3754,0.0807,1.1096,100.4775,99.0,27.55,27.8458,27.8,27.5,0.4697,0.4788,0.3854,0.416,0.4109
2025-05-11,26.6375,24.4,30.4,25.15,91.875,0.3112,0.4529,27.7571,16.2864,7.8175,12.9,3.36,0.7158,-0.2546,0.3557,100.3908,95.375,27.5,27.5708,27.7292,27.5,0.4783,0.4894,0.39,0.416,0.4171
2025-05-12,25.6292,24.3,30.1,25.1458,97.25,0.1004,0.1471,26.3,9.054,4.3459,28.8,1.82,0.9792,-0.4478,0.6226,100.4017,100.0,26.7125,27.2667,27.7,27.5,0.4694,0.4959,0.4117,0.416,0.4334
2025-05-13,25.9583,23.9,29.2,24.8875,94.1667,0.2212,0.3657,27.0,14.904,7.1538,14.1,3.09,1.1604,-0.2551,0.7587,100.5317,98.625,26.9417,27.0458,27.6208,27.5,0.4514,0.484,0.4344,0.416,0.446
2025-05-14,26.3458,23.4,30.8,24.8833,92.0417,0.305,0.4779,27.5429,16.5384,7.9383,8.8,3.4,1.145,-0.1063,0.6319,100.6379,97.875,27.0375,27.1042,27.5458,27.5,0.4814,0.4952,0.4386,0.416,0.4535
2025-05-15,27.6667,24.5,32.2,25.1917,87.0833,0.5325,0.8257,29.0357,17.8056,8.5466,6.9,3.82,0.8925,-0.7113,-0.3294,100.6692,98.9583,27.8625,27.4542,27.5,27.5,0.4801,0.4877,0.4429,0.416,0.4549
2025-05-16,27.4125,25.1,31.3,25.2375,88.75,0.4642,0.7229,28.5786,17.9388,8.6108,11.4,3.8,0.7704,-0.6048,-0.1707,100.6246,98.4583,28.0083,27.8625,27.5292,27.5,0.4862,0.4822,0.4441,0.416,0.455
2025-05-17,27.0708,24.6,31.5,25.2583,90.4583,0.3883,0.6164,28.3571,17.7444,8.5174,19.9,3.79,1.0283,-0.6067,-0.2904,100.6296,96.625,27.8458,27.825,27.6,27.5,0.4783,0.4927,0.4499,0.416,0.4609
2025-05-18,27.3458,23.7,32.8,24.9667,88.1667,0.5171,0.8307,28.9286,20.52,9.8497,7.7,4.42,1.0408,-0.6225,-0.288,100.5721,97.9583,28.0875,27.8208,27.6,27.5,0.4572,0.4764,0.4645,0.416,0.4665
2025-05-19,27.0375,24.9,30.0,25.6333,92.375,0.2971,0.4436,27.9857,16.6608,7.997,13.6,3.46,0.89,0.2752,0.4383,100.5475,96.4583,27.9042,27.95,27.6125,27.5,0.4904,0.4867,0.4643,0.4162,0.4708
2025-05-20,27.5208,24.9,31.3,25.3667,88.4583,0.4588,0.6843,28.7357,17.3304,8.3187,15.8,3.69,0.8442,-0.0971,0.1178,100.5046,91.0833,28.2333,27.9542,27.6875,27.5,0.4596,0.4937,0.4726,0.417,0.4761
2025-05-21,27.1833,25.6,30.5,25.7375,91.8333,0.3008,0.38,27.7357,15.4476,7.4149,17.0,3.14,1.0804,0.2257,0.5905,100.5258,95.2083,27.6667,27.8875,27.7,27.5,0.4711,0.4912,0.4818,0.417,0.483
2025-05-22,27.5667,24.6,31.4,25.1792,87.625,0.5133,0.7993,28.9429,21.222,10.1867,6.5,4.41,1.0521,0.0887,0.1385,100.3729,98.25,28.1542,27.8833,27.7,27.5,0.4763,0.492,0.4857,0.418,0.4863
2025-05-23,26.9458,25.0,31.1,25.675,93.1667,0.2679,0.3986,27.9571,17.6508,8.4722,34.7,3.59,1.5338,-0.0002,1.4486,100.2292,97.875,27.7833,27.925,27.7,27.5,0.463,0.4889,0.4961,0.4188,0.4923
2025-05-24,26.2208,24.6,29.3,25.6083,96.4167,0.1275,0.1921,27.0857,10.8504,5.2081,13.7,2.28,1.2667,-0.265,1.1788,100.3246,99.7083,27.175,27.55,27.7,27.5,0.4774,0.4926,0.5104,0.4222,0.5044
2025-05-25,25.8458,24.2,29.0,25.0208,95.2917,0.1675,0.2636,26.7429,13.2084,6.34,31.0,2.63,1.4821,-0.4751,1.3072,100.505,98.4167,26.7958,27.1583,27.6667,27.5,0.4833,0.4818,0.512,0.4305,0.5037
2025-05-26,25.475,24.5,28.3,24.9542,96.9583,0.1046,0.1585,26.1462,8.6004,4.1281,41.8,1.8,1.5029,-0.4335,1.2744,100.5771,96.75,26.35,26.8208,27.5792,27.5,0.4908,0.4929,0.514,0.4439,0.5079
2025-05-27,25.9292,24.2,28.8,25.3708,96.7917,0.1167,0.1879,26.8643,12.4308,5.9667,26.7,2.5,1.4112,0.1321,1.1302,100.5421,95.75,26.7208,26.8042,27.4958,27.5,0.4871,0.492,0.5132,0.4537,0.507
2025-05-28,27.2333,24.2,31.1,25.4667,90.625,0.3783,0.565,28.4071,14.5224,6.9706,4.9,3.13,1.0783,0.0035,0.8574,100.4467,98.25,27.4833,27.1167,27.4,27.5,0.4957,0.4858,0.5096,0.461,0.5036
2025-05-29,26.4708,24.5,29.7,25.0542,92.0833,0.2912,0.4271,27.3071,14.8644,7.1348,25.0,3.0,1.6412,0.7248,1.1976,100.5387,99.6667,27.1875,27.3625,27.4,27.5,0.4668,0.4897,0.5105,0.4645,0.5031
2025-05-30,26.2792,24.4,28.9,25.2375,94.2917,0.2146,0.3,27.1077,8.73,4.1904,17.3,1.95,1.8979,0.5199,1.5659,100.7004,99.875,26.7333,27.0333,27.4,27.5,0.4765,0.4705,0.5128,0.4739,0.5014
2025-05-31,26.2,24.5,29.7,25.2417,94.6667,0.1971,0.2829,26.9286,11.6892,5.6107,16.5,2.36,1.755,0.1386,1.5193,100.7692,97.5833,26.725,26.9375,27.3375,27.5,0.4896,0.4831,0.5074,0.4786,0.501
2025-06-01,27.3625,24.8,30.4,25.15,88.2083,0.4671,0.6764,28.5571,14.7096,7.0606,3.8,3.11,2.2412,1.1392,1.752,100.6967,92.875,27.375,27.0875,27.3,27.5,0.4897,0.4932,0.5052,0.4804,0.5016
2025-06-02,27.3,25.1,30.9,25.2625,88.8333,0.4283,0.5879,28.2071,15.8292,7.5978,6.2,3.29,2.3167,1.1212,1.962,100.6146,90.5833,27.5375,27.4417,27.3,27.5,0.493,0.4874,0.5027,0.4817,0.4988
2025-06-03,26.7375,24.7,29.6,25.3625,92.2917,0.285,0.3686,27.6286,15.0264,7.2125,19.0,3.21,1.8383,0.8337,1.5905,100.5592,95.0417,27.2208,27.3458,27.3,27.5,0.4632,0.4929,0.5091,0.4834,0.5025
2025-06-04,27.0042,24.9,30.3,25.1167,89.6667,0.3883,0.4936,27.9857,16.776,8.0526,7.4,3.55,1.53,0.4979,1.244,100.5462,93.4167,27.25,27.2375,27.3,27.5,0.4778,0.4865,0.5091,0.4862,0.5022
2025-06-05,26.7583,24.4,29.7,25.6458,93.7917,0.235,0.3279,27.7286,15.9408,7.6516,7.4,3.33,1.2958,-0.0068,1.2123,100.5612,96.25,27.2833,27.3042,27.3,27.5,0.4719,0.4798,0.5085,0.4893,0.4999
2025-06-06,26.5167,24.0,30.6,25.3208,93.375,0.25,0.35,27.5286,17.9424,8.6125,27.3,3.62,1.5367,0.4671,1.2744,100.5479,99.0417,27.0917,27.2125,27.3,27.5,0.4706,0.4794,0.5094,0.4942,0.5004
2025-06-07,27.15,25.0,29.9,25.3792,90.1667,0.3646,0.465,28.0643,17.0784,8.1976,21.3,3.52,1.6504,0.4858,1.4357,100.4767,91.75,27.3708,27.3,27.3,27.5,0.4778,0.4791,0.5112,0.4988,0.5022
2025-06-08,27.0208,24.5,30.2,25.3875,91.125,0.335,0.43,27.9571,18.1692,8.721,17.1,3.64,2.3229,0.559,2.1811,100.395,94.5833,27.4458,27.375,27.3125,27.5,0.4854,0.4745,0.51,0.504,0.5008
2025-06-09,26.0833,24.7,29.0,24.9792,94.0,0.2217,0.3457,26.8857,15.246,7.3181,32.8,2.95,2.4375,0.9131,2.2101,100.3421,87.4583,26.9583,27.2667,27.3417,27.5,0.4738,0.4845,0.5125,0.5089,0.5039
2025-06-10,27.0375,24.2,30.3,25.1,89.625,0.4062,0.6021,28.2714,17.9712,8.6263,15.0,3.76,2.2146,1.2522,1.7197,100.27,95.7083,27.4167,27.2083,27.3,27.5,0.4599,0.4667,0.5102,0.5138,0.4975
2025-06-11,26.2667,24.5,28.7,24.925,92.6667,0.2629,0.3314,26.7571,8.0604,3.8689,11.8,1.82,1.9512,1.2662,1.2663,100.2942,99.75,26.7958,27.1458,27.3,27.5,0.496,0.4813,0.4998,0.5146,0.4957
2025-06-12,26.125,25.0,28.8,24.9333,93.1667,0.2408,0.2964,26.5857,11.0844,5.3205,22.1,2.39,2.2975,1.4335,1.6907,100.3138,100.0,26.6667,26.9333,27.3,27.5,0.4841,0.4922,0.4963,0.515,0.4946
2025-06-13,25.8792,24.3,28.2,24.7083,93.3333,0.2308,0.2893,26.4,9.7992,4.7035,13.6,2.09,2.5421,1.7395,1.7865,100.455,100.0,26.325,26.6833,27.2458,27.5,0.4673,0.4881,0.5052,0.5146,0.499
2025-06-14,26.3125,24.3,29.6,25.0125,92.75,0.2646,0.3686,27.2714,14.904,7.1539,14.5,2.92,2.4808,1.6855,1.7358,100.5892,99.7917,26.5833,26.6,27.2,27.5,0.4767,0.4915,0.5085,0.5145,0.5027
2025-06-15,26.7833,24.1,29.9,24.8375,89.4583,0.3958,0.5586,27.85,18.4752,8.8681,9.9,3.73,2.1062,1.2356,1.639,100.5692,90.4583,27.0667,26.9083,27.1208,27.5,0.4731,0.4861,0.5068,0.5148,0.5001
2025-06-16,27.4583,25.6,30.6,24.9708,86.875,0.5138,0.7207,28.5286,15.93,7.6464,5.1,3.44,1.565,0.6935,1.1892,100.5946,94.5,27.4542,27.2292,27.1292,27.5,0.4786,0.4864,0.4984,0.514,0.4945
2025-06-17,27.95,25.4,31.5,24.8792,83.9583,0.6454,0.8921,29.1357,21.7692,10.4491,3.7,4.67,1.4292,0.6883,1.0344,100.6283,95.125,27.8958,27.5083,27.2,27.5,0.4807,0.4834,0.4898,0.5136,0.4878
2025-06-18,27.3,24.6,30.8,25.3667,89.6667,0.4054,0.5707,28.35,19.1376,9.1861,13.6,4.01,1.2546,0.2858,1.0654,100.6004,99.625,27.7292,27.6875,27.2417,27.5,0.4836,0.4893,0.4818,0.513,0.4835
2025-06-19,27.2792,25.0,30.8,25.1042,88.375,0.4554,0.6629,28.45,18.3888,8.8264,11.1,3.85,1.4479,0.555,1.1063,100.5692,99.5417,27.6167,27.5792,27.3,27.5,0.4682,0.4955,0.4816,0.512,0.4836
2025-06-20,26.6042,24.2,30.8,24.7333,90.2917,0.3862,0.5921,27.8786,18.6804,8.9667,15.4,3.94,1.4342,0.6732,0.7199,100.5312,99.625,27.5125,27.5208,27.3208,27.5,0.468,0.4864,0.4839,0.5115,0.4833
2025-06-21,26.2042,24.2,29.6,24.4875,90.5,0.3458,0.5243,27.2571,15.552,7.4649,16.9,3.24,1.9938,0.8317,1.7131,100.4792,99.625,26.9833,27.275,27.3875,27.5,0.468,0.4936,0.4913,0.511,0.4902
2025-06-22,25.5125,24.2,27.5,24.5375,94.4583,0.1896,0.28,26.2286,13.0032,6.2416,23.8,2.54,2.3608,0.9619,2.0768,100.4817,98.375,26.3875,26.8792,27.3125,27.4792,0.4893,0.5,0.4985,0.511,0.4982
2025-06-23,25.1667,23.9,27.4,24.2667,94.9167,0.1737,0.2708,25.9308,8.4168,4.0402,19.7,1.82,2.02,0.8951,1.6401,100.52,96.125,25.8583,26.4042,27.2458,27.4,0.4648,0.4769,0.5143,0.5142,0.503
2025-06-24,26.0083,23.2,29.5,24.1708,90.1667,0.3638,0.54,27.0929,19.1772,9.2049,6.3,3.78,1.8475,0.6628,1.6176,100.5021,96.375,26.5583,26.45,27.1375,27.4,0.4765,0.4554,0.4998,0.517,0.4888
2025-06-25,26.5708,24.3,29.5,24.8167,90.0417,0.3571,0.4886,27.5714,16.236,7.7932,17.0,3.3,1.7883,0.9738,1.2793,100.5471,98.6667,26.875,26.8083,27.1,27.4,0.4793,0.4754,0.4855,0.516,0.4829
2025-06-26,26.6625,24.1,30.2,24.925,90.7083,0.3529,0.51,27.8692,15.3,7.344,15.5,3.09,2.1263,1.1377,1.6676,100.5692,85.0833,26.9083,26.875,27.1,27.4,0.4629,0.4888,0.484,0.515,0.4835
2025-06-27,26.1875,24.5,29.4,24.6333,91.5,0.3158,0.5277,27.3385,16.4844,7.9126,23.2,3.36,1.9408,1.2615,1.3322,100.5442,99.875,27.0375,27.0833,27.1,27.4,0.4796,0.4882,0.4852,0.514,0.4855
2025-06-28,26.0417,24.2,28.7,24.3417,90.9167,0.3321,0.4762,26.9769,9.828,4.7175,13.0,2.19,2.0896,1.4728,1.4082,100.4942,96.9583,26.425,26.7625,27.1,27.4,0.4677,0.4973,0.4948,0.5136,0.4935
2025-06-29,26.0667,24.1,29.3,24.2833,90.2917,0.3454,0.4608,26.9385,11.9232,5.7232,9.3,2.45,2.4271,1.7119,1.6115,100.4371,99.5,26.3333,26.5542,27.0417,27.4,0.4515,0.488,0.4995,0.513,0.4937
2025-06-30,25.9292,23.6,29.2,24.3917,91.625,0.3042,0.4577,27.0692,14.0688,6.7531,14.1,3.01,1.9229,0.871,1.5202,100.4092,95.0,26.4042,26.525,27.0,27.4,0.4687,0.4829,0.4991,0.513,0.4936
2025-07-01,26.475,24.1,29.6,24.1875,87.8333,0.4567,0.7154,27.8231,15.228,7.3094,4.3,3.28,1.7692,1.4529,0.9027,100.4717,99.125,26.7542,26.6875,27.0,27.4,0.4818,0.491,0.4923,0.5124,0.4913
2025-07-02,25.9167,24.1,29.1,24.8417,94.0417,0.2171,0.3285,26.8923,14.2776,6.8532,23.5,3.03,1.4671,0.6503,1.0303,100.5471,97.7083,26.6,26.7333,27.0,27.4,0.4922,0.4973,0.491,0.512,0.4924
2025-07-03,25.1583,23.7,26.7,24.6833,97.3333,0.0904,0.1338,25.9923,6.498,3.1191,24.9,1.43,1.1454,0.3341,0.6454,100.6446,99.7083,25.9167,26.4208,26.9333,27.4,0.477,0.4721,0.5128,0.5149,0.5017
2025-07-04,26.1333,23.3,29.0,24.65,91.9167,0.3033,0.4615,27.6692,14.3748,6.9001,13.4,2.96,1.7192,0.6395,1.2671,100.5604,93.0417,26.4,26.2875,26.9,27.4,0.4973,0.489,0.5025,0.517,0.4993
2025-07-05,26.5375,24.6,30.9,24.7667,90.5417,0.3654,0.5815,27.9538,20.1168,9.6559,26.2,4.09,1.9133,1.1118,1.2439,100.4471,77.75,27.0625,26.8125,26.8792,27.4,0.487,0.4975,0.4965,0.516,0.496
2025-07-06,26.3083,23.9,29.7,24.825,91.9167,0.3058,0.5162,27.7154,18.6228,8.9391,9.8,3.76,2.1358,1.3169,1.6273,100.4675,99.4167,27.05,27.0083,26.9,27.4,0.4775,0.4981,0.5015,0.5155,0.4991
2025-07-07,25.9042,23.9,29.2,24.9708,94.6667,0.1929,0.3062,27.0923,17.0316,8.1752,24.6,3.4,1.9775,1.0042,1.6256,100.5412,97.3333,26.7458,26.9083,26.9,27.3583,0.4748,0.4907,0.5056,0.515,0.5003
2025-07-08,26.0667,24.2,28.7,25.0917,94.6667,0.1917,0.2569,27.0308,16.56,7.9486,21.8,3.01,2.1871,0.5982,1.9453,100.6133,96.125,26.675,26.75,26.9,27.3,0.4659,0.4843,0.5,0.5165,0.4943
2025-07-09,25.6708,24.2,27.9,24.7917,95.0417,0.1737,0.2323,26.4308,11.5308,5.5347,17.6,2.23,2.0162,1.108,1.5146,100.5625,96.6667,26.2833,26.6083,26.9,27.3,0.4881,0.4763,0.4633,0.5168,0.4678
2025-07-10,26.6542,23.7,30.8,24.7625,90.0,0.3933,0.6477,28.4077,20.1816,9.6872,12.1,4.17,2.0621,1.1132,1.5839,100.3262,94.75,27.0625,26.7125,26.9,27.3,0.4849,0.4909,0.4605,0.515,0.4686
2025-07-11,26.525,24.7,28.6,24.9625,91.375,0.3154,0.5,27.6538,14.3316,6.8792,15.4,3.06,2.3467,1.3407,1.771,100.1904,98.3333,26.8667,26.9583,26.9,27.3,0.4984,0.4948,0.4628,0.5136,0.472
2025-07-12,26.5667,23.8,30.8,24.9417,91.2917,0.3433,0.5931,28.2154,19.2672,9.2481,18.7,4.07,1.9429,0.9392,1.5963,100.3392,99.2917,27.2667,27.0417,26.9208,27.3,0.4824,0.4991,0.4657,0.5125,0.4739
2025-07-13,26.7625,24.0,30.5,25.0167,90.4583,0.3671,0.5777,28.2692,18.1188,8.6971,10.5,3.6,1.8738,0.7344,1.6157,100.4642,90.875,27.3625,27.1875,27.0,27.3,0.4909,0.4953,0.4727,0.5117,0.4787
2025-07-14,26.2375,23.6,28.5,24.9958,93.0,0.2504,0.3531,27.3308,12.2796,5.8943,15.9,2.48,1.4646,0.4237,1.2315,100.4758,96.75,26.8583,27.0833,27.0,27.3,0.4624,0.4937,0.482,0.511,0.4831
2025-07-15,26.0875,24.6,28.6,25.1375,94.5833,0.1912,0.2969,26.9692,15.498,7.439,28.9,3.12,2.2412,0.6312,2.0592,100.3958,97.9583,26.7875,26.9167,27.0,27.3,0.4953,0.4999,0.4869,0.5106,0.4902
2025-07-16,26.3417,24.4,29.8,25.1458,93.4167,0.2475,0.3862,27.3923,17.3196,8.3133,15.4,3.36,2.2262,0.5493,2.0876,100.4438,99.6667,26.925,26.9,27.0,27.3,0.4771,0.4913,0.495,0.511,0.4929
2025-07-17,26.3792,24.1,29.3,24.9833,92.2917,0.2829,0.4077,27.4846,14.3244,6.8758,9.1,2.9,2.1287,1.0175,1.8462,100.5275,98.375,26.8333,26.8792,27.0,27.3,0.4893,0.483,0.4976,0.5108,0.4939
2025-07-18,26.1417,24.3,29.9,24.4208,90.7083,0.35,0.6092,27.5615,17.424,8.3634,13.8,3.6,2.4563,1.668,1.7473,100.4496,85.0417,26.8333,26.9042,27.0,27.3,0.4965,0.5044,0.494,0.51,0.4964
2025-07-19,25.675,24.0,28.2,24.6583,94.1667,0.2013,0.3085,26.6231,14.6916,7.0518,25.2,2.95,2.9288,2.1695,1.9242,100.2233,85.625,26.4167,26.7042,27.0,27.3,0.4918,0.5049,0.5009,0.51,0.5011
2025-07-20,25.2208,24.1,27.4,24.5333,96.0417,0.1342,0.2177,25.7923,9.6048,4.6103,18.0,2.2,3.5062,2.8687,1.9729,100.2158,99.9583,25.9,26.35,26.9625,27.3,0.4855,0.4779,0.51,0.5135,0.5015
2025-07-21,26.375,24.8,28.4,24.9042,91.8333,0.2942,0.4277,27.1923,12.0348,5.7769,10.2,2.54,3.4721,2.9519,1.8158,100.2904,100.0,26.3875,26.3417,26.9,27.3,0.4662,0.4883,0.5082,0.5144,0.5011
2025-07-22,26.8583,25.7,28.4,24.65,87.8333,0.4371,0.5285,27.4385,11.4228,5.483,4.5,2.5,3.9012,3.1815,2.2337,100.2017,100.0,26.6917,26.6208,26.9,27.3,0.4508,0.465,0.504,0.515,0.4921
2025-07-23,27.1208,25.7,29.5,24.7625,87.25,0.4733,0.5646,27.8538,17.4708,8.3859,11.3,3.59,3.9096,2.9542,2.511,100.1346,99.9583,27.1375,26.9125,26.9,27.2917,0.4723,0.4712,0.4927,0.5148,0.4867
2025-07-24,27.6083,25.6,30.4,24.5042,83.6667,0.6346,0.8931,28.7923,22.2912,10.6998,4.8,4.7,3.2292,2.2928,2.196,100.3421,90.9167,27.4958,27.1333,26.9,27.2,0.4745,0.4855,0.4836,0.514,0.4834
2025-07-25,27.7208,24.8,30.6,24.4708,83.2917,0.6696,1.0208,29.2,22.1004,10.6082,1.9,4.8,2.8229,2.1112,1.6682,100.3883,80.875,27.9167,27.5042,26.9542,27.2,0.4717,0.4775,0.4752,0.513,0.4755
2025-07-26,27.5083,25.3,30.9,24.7,85.3333,0.5758,0.8562,28.6231,19.8504,9.5281,5.4,4.28,2.8888,2.0955,1.9,100.4371,93.125,27.85,27.7125,27.05,27.2,0.4714,0.4703,0.4677,0.5121,0.4685
2025-07-27,25.8208,25.1,27.4,25.5208,98.3333,0.0575,0.0769,26.1692,8.5428,4.1006,27.6,1.64,2.3558,1.4375,1.7412,100.4121,99.5833,26.7083,27.2333,27.1,27.2,0.477,0.489,0.4727,0.5111,0.4764
2025-07-28,26.0833,24.7,28.7,25.2792,95.4583,0.1625,0.2531,26.8,13.968,6.7046,31.8,2.67,2.6471,1.6297,2.0106,100.3354,98.9167,26.6875,26.8333,27.1,27.2,0.4829,0.4959,0.4914,0.511,0.4918
2025-07-29,26.2833,24.9,29.0,25.275,94.2917,0.2054,0.2938,27.0154,15.4584,7.42,20.7,3.09,2.8292,1.8318,2.1259,100.3392,93.2083,26.7333,26.8,27.1,27.2,0.4718,0.4842,0.5103,0.5122,0.5021
2025-07-30,27.0375,24.6,30.3,25.225,90.375,0.3783,0.5885,28.3538,18.756,9.0028,10.2,3.91,2.9379,1.956,2.1527,100.4433,82.5417,27.2417,26.975,27.0708,27.2,0.4911,0.4695,0.5065,0.515,0.4977
2025-07-31,27.2458,24.8,30.2,24.9708,87.8333,0.4708,0.7231,28.5769,19.1916,9.2121,11.5,3.96,2.6342,1.709,1.932,100.4475,90.0,27.5458,27.325,27.1,27.2,0.4875,0.485,0.4957,0.5144,0.4929
2025-08-01,27.6042,24.3,31.0,24.65,84.875,0.6146,0.9777,29.2923,22.2876,10.698,2.0,4.71,2.6287,1.6844,1.8302,100.3837,97.0417,27.9417,27.5333,27.1125,27.2,0.4818,0.4874,0.487,0.5137,0.4867
2025-08-02,27.7375,24.4,31.1,25.1458,86.7083,0.5546,0.9062,29.4538,22.4532,10.7775,2.4,4.69,2.5754,1.3626,2.0992,100.4775,87.625,28.2083,27.8458,27.2,27.2,0.4818,0.4809,0.4787,0.5128,0.4794
2025-08-03,27.2333,24.9,30.4,25.2792,89.2917,0.41,0.6162,28.6462,20.4372,9.8099,6.6,4.22,2.1579,0.7216,1.9535,100.6442,98.8333,27.7958,27.7833,27.3,27.2,0.4738,0.4828,0.4717,0.5119,0.4742
2025-08-04,27.9875,25.2,31.3,24.8958,84.2083,0.6537,1.0485,29.6,22.0896,10.6031,0.3,4.71,2.3192,1.1828,1.8709,100.6062,81.5,28.1083,27.7958,27.3167,27.2,0.464,0.4782,0.4663,0.5109,0.4686
2025-08-05,27.9292,25.2,31.4,24.9125,84.7083,0.6354,1.0046,29.4692,23.4036,11.2337,1.2,4.85,2.425,0.8734,2.1279,100.5329,96.5833,28.375,28.0583,27.4,27.2,0.4582,0.468,0.4604,0.5099,0.4618
2025-08-06,27.1708,24.9,30.6,25.4708,90.6667,0.3575,0.5146,28.5154,19.9836,9.5922,9.2,3.97,2.1508,0.6714,2.0177,100.525,99.875,27.9833,28.0458,27.4875,27.2,0.4665,0.4615,0.455,0.509,0.4572
2025-08-07,26.5667,24.6,30.2,25.1083,91.9167,0.2992,0.4377,27.6846,18.3312,8.7988,4.3,3.67,1.9729,0.1221,1.8485,100.6608,97.3333,27.4542,27.6458,27.5,27.2,0.4931,0.474,0.4511,0.5081,0.4588
2025-08-08,27.2583,24.7,31.1,25.325,89.4583,0.41,0.58,28.5692,21.2652,10.2072,8.3,4.31,1.3429,0.711,1.0175,100.7483,80.0833,27.6958,27.5833,27.5,27.2,0.4891,0.478,0.4481,0.5072,0.4572
2025-08-09,27.0708,25.5,30.3,25.0542,88.9583,0.4154,0.5877,28.0308,17.6616,8.4776,20.8,3.65,1.3029,0.7212,0.7158,100.7433,93.6667,27.3375,27.4875,27.5,27.2,0.4789,0.488,0.4496,0.5064,0.4597
2025-08-10,27.0583,24.5,30.7,25.0958,89.6667,0.415,0.69,28.7308,20.034,9.6162,15.9,4.12,1.7071,0.6662,1.2932,100.5579,88.1667,27.6792,27.5167,27.5,27.2,0.4788,0.4914,0.4556,0.5058,0.4647
2025-08-11,25.6833,24.2,28.0,24.7625,94.7083,0.1817,0.2646,26.4308,11.0124,5.286,27.1,2.23,1.6967,0.4624,1.3801,100.4838,99.625,26.7042,27.2917,27.5,27.25,0.454,0.4938,0.4744,0.505,0.477
2025-08-12,26.0125,23.6,28.8,24.475,91.4583,0.3083,0.4469,27.2923,18.18,8.7264,16.2,3.63,1.7883,0.3202,1.663,100.4971,84.6667,26.7,26.8458,27.4042,27.3,0.4827,0.4951,0.4851,0.505,0.487
2025-08-13,26.2375,24.0,30.5,24.475,90.4583,0.3592,0.5954,27.6769,18.9036,9.0738,14.7,3.7,1.8829,0.8201,1.3801,100.6017,98.7083,27.0958,27.0417,27.3292,27.3,0.461,0.4874,0.495,0.505,0.4911
2025-08-14,26.2542,23.9,29.8,24.8,92.0,0.3004,0.5015,27.6462,17.964,8.6226,20.7,3.61,1.7258,0.7793,1.2248,100.4954,97.875,27.0292,27.0875,27.3,27.3,0.4789,0.4923,0.5065,0.5052,0.5016
2025-08-15,25.7167,24.1,28.5,24.5375,93.4583,0.2342,0.3869,26.8615,14.3028,6.8655,27.5,2.86,1.5033,0.2162,1.376,100.2883,99.75,26.6667,26.9708,27.3,27.3,0.4705,0.4797,0.511,0.5095,0.5016
2025-08-16,24.5542,23.5,25.8,24.2708,98.4167,0.0538,0.0738,25.0462,6.2316,2.9911,25.8,1.33,1.6,0.6384,1.327,100.3446,99.9583,25.6,26.4,27.2167,27.3,0.4815,0.4865,0.5125,0.5145,0.5049
2025-08-17,25.4292,23.5,28.3,23.7667,90.9167,0.3175,0.4538,26.3923,10.3464,4.9661,8.3,2.15,1.6608,1.2666,0.8328,100.5629,99.875,25.7625,26.0417,27.0792,27.3,0.4609,0.4812,0.5066,0.517,0.4981
2025-08-18,26.8708,24.6,30.4,23.8292,84.2917,0.6063,0.9185,28.3692,21.5748,10.3557,2.6,4.55,1.8692,1.3285,1.0871,100.6904,93.875,26.7917,26.4083,27.0,27.2708,0.4474,0.4642,0.4967,0.5166,0.4864
2025-08-19,25.2667,23.8,27.1,24.6375,96.2917,0.1208,0.1454,25.9615,8.0496,3.8637,14.1,1.7,1.2896,0.2648,1.1229,100.7246,87.75,26.025,26.5583,26.95,27.2,0.4752,0.4728,0.4838,0.5156,0.4809
2025-08-20,26.5667,23.2,30.7,24.475,88.9167,0.4317,0.6746,28.4769,21.3588,10.2524,3.3,4.42,1.4112,-0.2507,1.2377,100.6275,70.75,26.9458,26.55,26.9,27.2,0.4703,0.4896,0.4757,0.5146,0.4783
2025-08-21,25.9167,24.1,29.8,24.3958,91.625,0.3021,0.4254,26.9462,17.5968,8.4463,19.1,3.54,1.5783,-0.145,1.4474,100.6675,97.7917,26.6792,26.8542,26.9,27.2,0.4665,0.4901,0.4708,0.5135,0.4746
2025-08-22,24.1833,23.2,25.3,24.025,99.1667,0.0275,0.0354,24.6538,6.156,2.9548,29.2,1.33,1.0829,-0.1086,0.8052,100.6512,99.7917,25.3792,26.2708,26.9,27.2,0.4778,0.494,0.4877,0.513,0.4883
2025-08-23,25.9833,23.1,29.3,23.8875,88.5417,0.4121,0.61,27.4769,17.8452,8.5656,16.8,3.63,1.3733,0.6433,1.0699,100.6033,94.8333,26.2875,26.0542,26.8,27.2,0.462,0.4881,0.506,0.5121,0.4992
2025-08-24,26.2958,23.8,29.3,23.7833,86.5833,0.4904,0.7346,27.5769,17.3268,8.3168,11.3,3.66,1.9458,1.3975,1.0832,100.4825,96.5833,26.5667,26.5083,26.7875,27.2,0.4771,0.4762,0.5056,0.512,0.4974
2025-08-25,25.7042,23.6,27.7,24.2125,91.5833,0.2846,0.3346,26.3846,12.1104,5.813,16.4,2.51,2.3667,1.4915,1.7656,100.3238,99.9583,26.0667,26.4042,26.7375,27.2,0.484,0.4908,0.5016,0.512,0.4981
2025-08-26,25.2708,24.2,27.5,24.1583,93.7083,0.2117,0.3069,25.9615,12.7836,6.1362,23.7,2.69,2.8871,1.7663,2.2264,100.5121,99.9583,25.8542,26.1542,26.7,27.2,0.4685,0.4861,0.5084,0.5134,0.5009
2025-08-27,26.1542,23.1,29.5,23.9,88.125,0.4417,0.6754,27.7385,18.6552,8.9545,8.4,3.8,1.9908,1.224,1.3601,100.6288,99.75,26.4208,26.2292,26.6792,27.2,0.4739,0.4665,0.505,0.5155,0.4948
2025-08-28,26.2958,24.0,30.5,24.6042,90.7083,0.3458,0.52,27.6615,17.9928,8.6364,14.3,3.63,1.6067,0.8142,0.9638,100.5954,91.1667,26.7625,26.65,26.7,27.2,0.4799,0.479,0.4934,0.5149,0.4894
2025-08-29,26.9958,23.7,31.0,24.8083,88.5417,0.4608,0.7392,28.7692,18.954,9.0978,6.7,3.93,1.6646,1.0177,0.8143,100.5363,89.875,27.2708,26.9,26.7,27.2,0.4893,0.4888,0.485,0.514,0.4861
2025-08-30,26.9542,24.4,30.4,24.6417,87.9167,0.4742,0.7508,28.3692,17.5824,8.4396,9.3,3.67,1.8262,1.1711,0.9098,100.4183,100.0,27.3667,27.2,26.7583,27.2,0.4972,0.4902,0.4779,0.513,0.4818
2025-08-31,25.9958,24.0,29.0,24.6292,92.375,0.2717,0.4392,27.2154,16.6248,7.9799,21.8,3.28,1.8167,0.4529,1.5912,100.3608,98.3333,26.8292,27.025,26.8,27.2,0.4703,0.4923,0.4855,0.5121,0.4859
2025-09-01,25.5417,24.0,28.5,24.6792,95.1667,0.17,0.2492,26.2846,11.1312,5.343,17.6,2.33,1.6304,0.3638,1.3905,100.3558,95.0,26.1833,26.575,26.8,27.1583,0.478,0.4913,0.496,0.512,0.4938
2025-09-02,25.6375,24.2,27.3,25.05,96.5417,0.1167,0.1792,26.4692,9.792,4.7002,13.2,2.03,1.1958,0.5038,0.7996,100.4879,100.0,26.1292,26.3583,26.8,27.1,0.4656,0.4841,0.5046,0.5128,0.4976
2025-09-03,26.1333,23.6,29.7,24.15,89.4583,0.3954,0.6008,27.3154,14.2668,6.8481,7.8,3.09,1.4658,0.627,0.8167,100.5083,94.3333,26.3792,26.325,26.7458,27.1,0.4798,0.4714,0.5031,0.5135,0.4948
2025-09-04,25.9458,23.9,28.4,24.4167,91.4583,0.2992,0.4154,26.8923,14.7636,7.0866,13.7,3.03,0.9762,0.3442,0.6377,100.4592,91.0,26.4375,26.55,26.7,27.1,0.4749,0.4832,0.4982,0.513,0.4934
2025-09-05,26.1,23.7,30.2,24.5042,91.3333,0.3217,0.5,27.3769,16.8084,8.0682,17.6,3.47,1.2125,-0.0316,0.9909,100.4704,96.375,26.6542,26.5667,26.7,27.1,0.4672,0.4892,0.4966,0.5128,0.493
2025-09-06,26.0458,23.7,29.4,24.9667,93.9167,0.2208,0.3515,27.4154,14.958,7.18,9.1,3.11,1.3571,0.0223,1.2584,100.5087,99.8333,26.6458,26.6458,26.7,27.1,0.4632,0.4926,0.4966,0.512,0.4934
2025-09-07,25.55,24.1,27.9,24.6292,94.75,0.1792,0.2662,26.4308,10.008,4.8037,9.1,2.08,1.7704,0.6329,1.4988,100.5242,100.0,26.0917,26.475,26.7,27.1,0.4816,0.479,0.4997,0.512,0.4941
2025-09-08,24.9333,24.0,26.8,24.4333,97.0,0.0954,0.15,25.4231,10.1412,4.8677,18.3,1.95,2.0704,0.4918,1.9293,100.6088,100.0,25.6958,26.1375,26.7,27.1,0.4841,0.4907,0.5008,0.512,0.4975
2025-09-09,24.6875,24.0,26.6,24.3667,97.9583,0.0617,0.1025,25.1417,7.7004,3.6962,24.4,1.56,2.2529,0.3871,2.1235,100.7471,99.2917,25.3917,25.8375,26.6292,27.1,0.4851,0.49,0.5067,0.5127,0.5016
2025-09-10,26.0458,23.1,29.4,23.9417,88.8333,0.4175,0.6892,27.5308,15.9156,7.6395,10.8,3.31,1.6571,0.5369,1.2342,100.7379,98.125,26.1792,25.9375,26.5417,27.1,0.4898,0.4865,0.5089,0.5154,0.5029
2025-09-11,26.6125,24.2,30.6,24.2917,87.75,0.4737,0.7431,28.1538,18.684,8.9683,4.9,3.93,1.3038,0.4439,0.9703,100.6758,97.4583,26.8458,26.5,26.5167,27.1,0.4828,0.4802,0.4976,0.515,0.4929
2025-09-12,27.1708,24.1,31.3,24.7625,87.3333,0.5025,0.7615,28.5769,20.6604,9.917,5.3,4.3,0.865,0.0018,0.5875,100.6625,83.3333,27.1667,26.8375,26.6,27.1,0.4852,0.4768,0.487,0.514,0.4847
2025-09-13,26.3875,24.3,30.9,24.7167,91.125,0.3383,0.5277,27.4615,15.6564,7.5151,13.3,3.26,0.5692,-0.2062,0.2184,100.6888,97.0417,26.9083,26.9875,26.6375,27.1,0.4813,0.4892,0.479,0.5131,0.4813
2025-09-14,25.0083,23.9,27.1,24.6208,97.5833,0.075,0.0977,25.5846,7.5672,3.6322,22.3,1.64,0.6517,-0.2899,0.4648,100.76,97.8333,25.8583,26.4458,26.7,27.1,0.47,0.4965,0.4891,0.5123,0.4893
2025-09-15,26.0458,23.1,30.3,24.225,90.1667,0.3642,0.5831,27.6154,19.2276,9.2291,4.4,3.98,1.3342,0.0747,1.1728,100.7504,90.9583,26.5542,26.3167,26.6208,27.0,0.4509,0.4735,0.4969,0.512,0.4888
2025-09-16,25.9833,23.5,28.8,24.2625,90.6667,0.3371,0.4923,27.1538,13.2048,6.3381,6.3,2.77,1.2638,0.6356,0.8418,100.73,93.7917,26.3625,26.4667,26.6,27.0,0.4916,0.4777,0.4898,0.512,0.4874
2025-09-17,25.7583,24.1,28.4,24.5667,93.2917,0.2288,0.2815,26.5692,13.9572,6.6994,21.3,2.76,1.3858,0.7016,1.0446,100.6121,96.4583,26.2417,26.4417,26.6,27.0,0.4879,0.4927,0.4858,0.5113,0.4874
2025-09-18,26.0125,23.1,30.2,24.4417,91.4583,0.3212,0.5558,27.8333,20.2716,9.7303,20.6,4.17,1.6396,0.8896,1.0098,100.5125,85.0,26.7125,26.4792,26.6,27.0,0.4872,0.4977,0.4909,0.511,0.4921
2025-09-19,25.5,24.0,27.7,24.4083,93.875,0.2112,0.3125,26.4583,8.298,3.983,16.3,1.92,2.4283,1.3114,1.9623,100.6054,99.4167,26.0208,26.4292,26.6,27.0,0.4881,0.4933,0.504,0.511,0.5006
2025-09-20,25.8083,23.7,29.5,24.4417,92.5,0.2712,0.4292,27.0583,17.0064,8.1629,14.7,3.39,2.2246,0.9493,1.877,100.5858,90.9583,26.2375,26.25,26.6,27.0,0.4819,0.4885,0.5075,0.5116,0.5018
2025-09-21,26.7167,24.0,30.0,24.4375,87.7917,0.4596,0.7225,28.2417,17.2548,8.2824,7.6,3.63,2.1867,1.3325,1.6203,100.5412,87.1667,26.8625,26.5417,26.6,27.0,0.47,0.4808,0.5057,0.512,0.498
2025-09-22,26.625,24.7,29.3,24.4542,88.2083,0.4346,0.6742,27.9417,14.0184,6.729,9.8,3.07,1.755,0.7126,1.4091,100.5971,99.5417,26.8333,26.8,26.6042,27.0,0.4915,0.4843,0.499,0.512,0.4954
2025-09-23,25.7625,23.8,27.5,24.4167,92.5417,0.2613,0.35,26.625,9.198,4.4151,13.7,2.02,1.8871,1.0289,1.4287,100.5483,98.5,26.1083,26.5167,26.6458,27.0,0.4934,0.5003,0.4962,0.5111,0.4969
2025-09-24,25.65,24.1,28.9,24.4208,93.0833,0.2412,0.3792,26.6917,11.9052,5.7144,20.8,2.61,2.3033,1.2307,1.9112,100.3746,99.7917,26.0208,26.2208,26.6,27.0,0.4768,0.4966,0.503,0.5114,0.4998
2025-09-25,25.65,24.2,28.6,24.4,93.0,0.2442,0.3933,26.8,10.8756,5.2204,15.0,2.43,2.2179,1.2441,1.7695,100.4117,99.5417,25.95,26.1333,26.6,27.0,0.4897,0.4852,0.5053,0.5134,0.5
2025-09-26,25.5125,23.9,27.4,24.4917,94.1667,0.1971,0.2225,26.25,9.6588,4.6362,22.2,2.02,2.0025,0.933,1.6143,100.6008,97.2083,25.7125,26.0042,26.5333,27.0,0.4723,0.4852,0.5054,0.5155,0.4988
2025-09-27,24.8792,23.6,27.4,24.125,95.75,0.1429,0.1817,25.6583,6.7104,3.2209,21.6,1.46,1.0254,0.6737,0.4208,100.6462,99.75,25.3125,25.7458,26.4958,27.0,0.4752,0.4961,0.5088,0.516,0.5038
2025-09-28,25.5333,23.4,29.2,24.2417,93.0,0.2592,0.4758,27.0667,14.616,7.0157,14.2,3.09,1.2204,0.8081,0.4756,100.3625,98.7917,25.9375,25.8167,26.4,26.9875,0.4682,0.4842,0.5082,0.516,0.5003
2025-09-29,25.1208,24.2,26.7,24.6917,97.4167,0.0854,0.155,25.9417,9.8496,4.7277,36.9,2.03,2.4404,0.4914,2.3515,100.3288,100.0,25.7625,26.0042,26.4,26.9,0.4808,0.4886,0.5002,0.5172,0.4964
2025-09-30,25.0375,23.9,27.4,24.3208,95.75,0.1383,0.2258,25.7417,12.906,6.1949,19.0,2.69,2.2996,0.1576,2.0997,100.6517,99.75,25.6458,25.85,26.3458,26.9,0.4855,0.4853,0.4659,0.5176,0.4714
2025-10-01,25.6333,23.2,29.0,24.5917,94.3333,0.2104,0.3858,27.2833,17.4384,8.3704,11.6,3.54,0.8962,-0.0558,0.5292,100.7633,94.2083,26.2458,26.0208,26.3,26.9,0.4732,0.4911,0.4605,0.5155,0.4678
2025-10-02,25.8208,23.6,29.7,24.6792,93.625,0.2383,0.4417,27.4,15.408,7.3957,10.8,3.24,0.7025,-0.2415,-0.2515,100.7825,93.0417,26.4333,26.35,26.3125,26.9,0.4574,0.4868,0.4619,0.5142,0.4668
2025-10-03,26.2833,23.0,31.2,24.15,88.9167,0.4438,0.805,28.2667,18.7488,8.9994,5.7,3.93,0.5438,-0.0489,0.0806,100.79,70.9167,26.8125,26.5,26.3833,26.9,0.4693,0.4835,0.4587,0.5128,0.4647
2025-10-04,25.9583,23.4,29.0,24.1583,90.125,0.3575,0.5733,27.6667,17.5608,8.4292,6.5,3.5,1.4204,0.2104,1.1021,100.8367,89.9583,26.6083,26.6417,26.4,26.9,0.4842,0.4807,0.4536,0.5117,0.4614
2025-10-05,26.5792,24.4,30.0,24.05,86.5833,0.5067,0.8092,28.225,19.0836,9.1602,3.8,3.88,1.8517,0.3,1.6338,100.8363,89.375,26.6125,26.5458,26.45,26.9,0.4772,0.4777,0.4493,0.5105,0.4572
2025-10-06,26.5625,23.5,30.0,23.975,86.4167,0.5221,0.8642,28.4833,19.9584,9.5801,3.2,4.12,2.3879,1.0857,1.9783,100.7863,98.4167,26.9,26.7042,26.5,26.9,0.4797,0.4732,0.4452,0.5095,0.4535
2025-10-07,25.6375,23.6,29.5,24.2833,92.5,0.2704,0.4533,27.05,16.4844,7.9125,16.9,3.36,1.4246,-0.004,1.2929,100.8442,96.9583,26.4583,26.6792,26.5167,26.9,0.4797,0.485,0.4443,0.5084,0.4553
2025-10-08,25.9833,23.2,30.5,24.3417,91.4167,0.3375,0.635,27.8333,17.3016,8.3047,8.0,3.64,0.8838,0.1547,0.0932,100.8008,98.25,26.6583,26.5042,26.55,26.9,0.46,0.4822,0.4514,0.5075,0.4585
2025-10-09,26.475,23.7,31.0,24.2,88.2083,0.4662,0.79,28.3083,16.1568,7.7553,2.7,3.42,1.0363,0.0057,-0.2705,100.7121,96.5417,26.9583,26.7542,26.6,26.9,0.4796,0.4798,0.4497,0.5067,0.4581
2025-10-10,25.6708,23.0,30.4,24.3125,92.8333,0.2788,0.4808,27.2333,14.8536,7.1297,22.5,3.12,0.7542,-0.4405,-0.3726,100.6454,83.5417,26.5375,26.7708,26.6,26.9,0.4778,0.4851,0.4531,0.506,0.4615
2025-10-11,26.0333,23.3,29.9,24.0833,89.7917,0.3904,0.6708,27.5083,16.218,7.7845,6.5,3.34,0.71,-0.2384,0.0838,100.6192,88.125,26.6708,26.5958,26.6,26.9,0.4788,0.4893,0.4615,0.5052,0.4685
2025-10-12,25.6625,23.8,30.3,24.5542,93.8333,0.22,0.3583,26.8,10.7316,5.1511,24.9,2.24,0.5767,0.0507,0.4137,100.6129,93.1667,26.3333,26.5125,26.6,26.8417,0.4829,0.4975,0.4703,0.505,0.4769
2025-10-13,25.5458,23.7,28.9,24.5208,94.2917,0.2042,0.3675,26.875,13.4892,6.4748,14.7,2.8,0.7208,-0.1698,0.1832,100.6058,99.2917,26.3917,26.475,26.6,26.8,0.4744,0.4978,0.4862,0.5045,0.4878
2025-10-14,25.3833,23.5,29.0,24.2875,94.0417,0.2188,0.4042,26.7333,11.4156,5.4793,10.8,2.41,0.9154,-0.5099,-0.2017,100.6075,98.7083,26.2083,26.3792,26.6,26.8,0.4634,0.4908,0.4929,0.504,0.4904
2025-10-15,26.3958,23.6,30.8,24.2417,88.8333,0.4367,0.7717,28.0167,15.2028,7.2974,0.8,3.23,1.2062,-0.5908,-0.8481,100.5942,98.0417,26.6625,26.4375,26.6,26.8,0.4541,0.483,0.4941,0.504,0.489
2025-10-16,27.4,23.8,32.1,24.2208,84.0,0.67,1.075,29.4,20.8872,10.0258,0.7,4.59,2.2046,-1.3345,-1.7046,100.5533,77.25,27.4292,26.8917,26.6,26.8,0.4518,0.4704,0.4902,0.504,0.4833
2025-10-17,27.4833,24.9,31.9,24.4833,84.5417,0.6246,1.0092,29.3333,19.6272,9.421,2.2,4.36,2.1017,-1.3846,-1.4862,100.6117,73.625,27.65,27.3417,26.6958,26.8,0.4478,0.4597,0.4855,0.5035,0.4774
2025-10-18,27.0583,24.5,31.7,24.7333,87.7917,0.4908,0.8242,29.0,19.3428,9.2847,7.6,4.03,1.5467,-1.0798,-0.8991,100.565,90.875,27.5625,27.3875,26.7667,26.8,0.4632,0.4538,0.481,0.503,0.474
2025-10-19,27.1792,24.5,31.6,24.4583,85.7917,0.5671,0.9225,28.9833,18.2952,8.7817,0.5,3.95,1.7271,-1.145,-1.2663,100.4629,96.875,27.4417,27.3042,26.8208,26.8,0.4638,0.4548,0.4768,0.5029,0.4712
2025-10-20,27.1083,24.9,31.8,24.55,86.9583,0.5275,0.8975,28.75,18.5724,8.9147,5.6,4.01,1.2554,-0.6147,-0.8302,100.4888,77.0,27.5167,27.3625,26.9,26.8,0.4592,0.4506,0.4726,0.502,0.467
2025-10-21,26.5417,24.2,30.7,23.25,83.25,0.6404,0.9225,27.65,12.4236,5.9633,2.6,3.19,2.3575,-1.3083,-1.9124,100.5708,91.7083,26.8083,27.0583,26.9,26.8,0.4783,0.456,0.4688,0.502,0.4667
2025-10-22,26.6333,24.1,29.6,20.925,71.0833,1.0217,1.1517,27.525,18.2628,8.766,0.0,4.66,4.0704,-2.6999,-3.0208,100.6279,86.625,26.9417,26.9625,26.9,26.8,0.4503,0.4535,0.4648,0.5012,0.4614
2025-10-23,25.7292,23.0,28.4,19.775,69.875,1.0054,1.1242,26.4917,17.9064,8.5951,0.0,4.58,4.1908,-2.8251,-3.064,100.6783,92.625,26.4,26.7042,26.9,26.8,0.4281,0.4446,0.4607,0.5008,0.455
2025-10-24,25.8042,23.2,29.2,21.025,75.375,0.8383,1.0392,26.9417,16.5816,7.9592,2.5,3.95,3.3579,-2.1622,-2.5495,100.7038,90.4167,26.3583,26.5417,26.9,26.8,0.4152,0.4357,0.4567,0.5,0.4494
2025-10-25,26.15,23.6,29.8,21.7708,77.2083,0.7992,1.0283,27.3333,14.454,6.938,0.6,3.36,2.6392,-1.7246,-1.9522,100.7021,91.6667,26.075,26.2917,26.8167,26.8,0.4179,0.4296,0.4532,0.4996,0.4457
2025-10-26,26.0458,23.6,29.2,21.8083,78.0417,0.7729,1.0183,27.2333,15.2244,7.3077,0.2,3.67,3.1158,-1.8574,-2.4801,100.7471,97.3333,26.2167,26.35,26.7917,26.8,0.415,0.4243,0.4497,0.499,0.4419
2025-10-27,24.5167,23.1,26.9,21.4958,83.7917,0.5162,0.5583,24.9333,8.8668,4.2561,6.9,2.35,2.895,-1.3705,-2.5222,100.825,84.6667,25.3625,26.1208,26.7,26.8,0.4236,0.4199,0.4466,0.4985,0.4394
2025-10-28,24.1667,21.8,27.2,21.95,87.875,0.3871,0.3992,24.725,9.558,4.5878,16.0,2.33,3.2171,-1.3736,-2.8906,100.7367,98.125,24.7042,25.3083,26.6042,26.8,0.4673,0.4486,0.4444,0.498,0.4469
2025-10-29,23.7917,22.5,25.1,20.9792,84.4167,0.4633,0.4592,23.8917,7.6356,3.6652,3.3,2.14,3.0021,-1.5236,-2.5745,100.6712,99.5833,24.3792,25.1208,26.45,26.8,0.4652,0.4706,0.4435,0.4977,0.4507
2025-10-30,24.8042,22.8,28.3,22.5917,87.875,0.3983,0.5617,26.0,9.7524,4.6811,0.8,2.2,2.1912,-1.2877,-1.7114,100.6308,99.7083,24.9917,25.075,26.3125,26.8,0.4648,0.466,0.4425,0.497,0.449
2025-10-31,25.6833,23.0,29.4,23.5542,88.625,0.4154,0.6892,27.3333,13.5504,6.5042,6.9,2.85,1.4067,-0.8915,0.2897,100.7283,79.9583,25.7833,25.5583,26.2,26.8,0.4736,0.463,0.441,0.4967,0.4479
2025-11-01,24.8542,23.3,27.6,24.0125,95.3333,0.1571,0.2458,25.7083,8.5284,4.0936,21.7,1.81,0.9158,-0.7611,-0.1975,100.8067,97.875,25.4292,25.7333,26.2,26.8,0.483,0.4882,0.4426,0.496,0.455
2025-11-02,25.2042,23.3,28.6,24.1125,94.125,0.2108,0.3558,26.1583,9.5652,4.5915,30.8,2.0,0.8021,-0.0785,-0.2532,100.8008,98.25,25.6917,25.7,26.1333,26.8,0.4873,0.4941,0.4706,0.496,0.4767
2025-11-03,24.6625,23.4,26.1,23.5958,93.8333,0.1962,0.2592,25.3333,5.85,2.808,7.9,1.3,1.2137,-0.3791,-1.0665,100.735,99.5,25.1625,25.625,26.1,26.8,0.4648,0.4904,0.4845,0.496,0.4844
2025-11-04,25.0208,22.5,28.3,21.8292,83.0417,0.5767,0.86,26.5667,14.8104,7.1089,0.6,3.09,1.9675,-0.6192,-1.8109,100.7012,82.9167,25.3625,25.4125,26.1,26.8,0.4689,0.4805,0.484,0.4957,0.4822
2025-11-05,25.3458,22.7,29.0,21.7792,80.9583,0.65,0.8942,27.0,15.7428,7.5566,0.3,3.39,1.9021,-1.0684,-1.5641,100.5638,97.9167,25.7167,25.6625,26.0125,26.7542,0.4575,0.4707,0.4816,0.495,0.4776
2025-11-06,26.0208,22.8,30.3,23.4292,86.375,0.5071,0.8425,27.95,15.7644,7.567,0.1,3.38,1.6546,-0.5629,-1.3824,100.4654,99.9167,26.1042,25.8958,26.0042,26.7,0.4481,0.4621,0.479,0.495,0.4733
2025-11-07,26.2458,23.9,28.8,24.4583,90.375,0.3562,0.6067,27.5583,9.7236,4.6673,2.7,2.08,1.0442,0.4045,-0.0947,100.4525,99.7917,26.1958,26.1667,26.1,26.7,0.4463,0.4557,0.4762,0.495,0.4698
2025-11-08,25.6542,22.8,28.5,24.0333,91.2083,0.3217,0.5725,27.2,12.0456,5.7818,1.9,2.56,1.2488,-0.3433,0.9728,100.6575,98.1667,25.9583,26.075,26.1,26.7,0.4565,0.453,0.474,0.4949,0.4684
2025-11-09,25.9417,23.4,30.2,24.4958,92.0833,0.2938,0.5117,27.3917,14.364,6.8946,10.8,3.06,0.4571,-0.304,-0.0391,100.655,84.625,26.3292,26.1667,26.1,26.7,0.4584,0.4656,0.4717,0.494,0.4695
2025-11-10,26.2625,23.9,30.3,24.6667,91.4167,0.3329,0.595,27.9833,16.056,7.7069,6.3,3.35,0.5217,0.2132,0.228,100.6204,94.8333,26.7333,26.4625,26.2,26.7,0.4709,0.4798,0.4706,0.494,0.4725
2025-11-11,26.975,24.1,31.6,24.95,89.375,0.4267,0.7283,28.6667,18.5364,8.8975,1.8,3.95,0.625,0.0265,0.3935,100.6246,98.2917,26.9542,26.6292,26.225,26.7,0.4796,0.4781,0.4692,0.494,0.4718
2025-11-12,26.2667,23.7,30.8,24.6375,91.375,0.3388,0.6067,27.8583,14.0004,6.7203,8.3,2.95,0.545,-0.3265,-0.1557,100.7296,100.0,26.6458,26.7208,26.3,26.7,0.4671,0.4822,0.4677,0.4937,0.4707
2025-11-13,26.0833,24.1,30.1,24.3208,90.5417,0.3546,0.6033,27.5,13.2876,6.3781,3.3,2.78,1.1071,-0.6759,-0.817,100.8904,93.3333,26.5292,26.5292,26.4,26.7,0.4725,0.4846,0.4676,0.493,0.4715
2025-11-14,25.3292,22.9,28.8,20.8625,77.125,0.7742,1.075,26.7,19.872,9.5385,0.0,4.36,2.8292,-1.6873,-2.2591,100.9079,75.25,25.8667,26.2458,26.4,26.7,0.4706,0.4775,0.4662,0.493,0.4689
2025-11-15,23.7875,20.2,27.7,18.3375,71.75,0.8579,1.0592,25.2333,22.1364,10.6256,0.0,4.91,3.1746,-1.9115,-2.5177,100.9554,27.3333,24.7292,25.4875,26.3292,26.7,0.4501,0.4665,0.464,0.4927,0.4635
2025-11-16,24.6625,21.4,28.7,20.1958,76.5417,0.7646,1.0142,26.2833,17.3448,8.3255,0.0,3.92,3.4121,-2.062,-2.7008,100.9775,63.9583,24.8917,25.15,26.225,26.7,0.4349,0.4558,0.4611,0.492,0.4581
2025-11-17,25.0333,22.7,28.3,21.6583,81.875,0.595,0.7442,26.0583,11.4804,5.5105,0.6,2.8,3.6896,-2.7048,-2.428,100.8879,91.9167,25.3167,25.4167,26.125,26.6333,0.4261,0.447,0.4586,0.492,0.4539
2025-11-18,25.0417,23.0,27.7,22.7583,87.6667,0.4146,0.6225,26.2333,10.2024,4.8972,11.4,2.4,3.3562,-2.1504,-2.5485,100.8338,81.7917,25.4583,25.6375,26.1,26.6,0.4382,0.4411,0.4563,0.4916,0.4518
2025-11-19,21.75,19.9,24.7,18.9292,85.0,0.4092,0.45,21.8917,9.6336,4.6241,13.2,2.84,5.3892,-3.3723,-4.1767,100.93,98.9167,23.2667,24.6833,26.0167,26.6,0.4812,0.4796,0.4553,0.491,0.4622
2025-11-20,20.5208,18.9,21.8,14.9625,70.4167,0.7175,0.6833,20.5083,9.5904,4.6033,0.0,3.09,4.8775,-2.8004,-3.9845,101.055,99.8333,22.0125,23.425,25.8,26.6,0.4577,0.4818,0.4562,0.491,0.4616
2025-11-21,21.0667,18.7,23.1,15.4583,70.375,0.7454,0.7875,21.4917,12.402,5.953,0.0,3.46,4.6712,-2.4811,-3.9451,101.0933,95.7083,22.0083,22.9042,25.5167,26.6,0.451,0.4698,0.4552,0.4909,0.4579
2025-11-22,22.4958,19.7,26.1,16.7917,70.4167,0.8192,0.9075,23.45,17.6256,8.4603,0.0,4.38,4.015,-2.2534,-3.3061,100.9946,71.0417,23.025,23.1917,25.2667,26.6,0.44,0.4599,0.4531,0.49,0.4536
2025-11-23,23.375,21.0,27.0,18.225,72.9583,0.7887,0.8408,24.0833,11.8224,5.6747,0.0,3.42,3.8308,-1.9492,-3.2902,100.9121,71.2917,23.4333,23.5917,25.125,26.5708,0.4291,0.4507,0.4511,0.49,0.4495
2025-11-24,25.0792,21.7,28.9,19.7417,72.5417,0.905,1.0542,26.3917,19.3788,9.3019,0.0,4.6,3.7054,-2.0463,-3.0495,100.8088,83.375,24.9208,24.4042,25.025,26.5,0.4173,0.4419,0.4487,0.4895,0.4451
2025-11-25,24.3875,22.1,27.1,17.9208,67.375,1.0112,1.1283,25.1167,18.5976,8.9268,0.0,4.81,4.8483,-2.925,-3.8553,100.8225,71.3333,24.8708,24.9292,25.1,26.5,0.403,0.432,0.446,0.489,0.44
2025-11-26,23.0333,20.1,26.3,16.425,66.5,0.9588,1.0592,24.0417,20.5272,9.8531,0.0,4.97,4.4208,-2.7034,-3.4812,100.86,71.0417,24.0667,24.5833,25.1,26.5,0.389,0.4227,0.4431,0.4886,0.435
2025-11-27,21.9667,19.3,25.1,14.6333,63.25,0.9854,1.1017,22.9083,20.5848,9.8808,0.0,5.16,5.145,-3.2311,-3.995,100.9588,72.5833,23.2708,24.05,25.0667,26.4792,0.3761,0.414,0.4402,0.488,0.4302
2025-11-28,20.2625,17.0,24.2,11.6083,57.75,1.0225,1.1617,21.6083,20.8368,10.0017,0.0,5.01,4.2671,-2.641,-3.3482,100.9533,95.7083,21.9375,23.1833,24.9542,26.4,0.3639,0.4058,0.4374,0.4877,0.4256
2025-11-29,21.35,16.5,27.6,14.7583,66.9167,0.9096,1.265,24.0,21.114,10.1349,0.0,4.56,2.3392,-1.3026,-1.9376,100.8346,58.625,22.1667,22.6875,24.775,26.4,0.3535,0.3982,0.4345,0.487,0.4212
2025-11-30,22.6667,16.2,29.6,16.9292,72.7083,0.9158,1.5217,26.1167,20.934,10.0484,0.0,4.35,1.5367,-0.7645,-1.3142,100.7992,1.1667,23.125,23.0792,24.6333,26.4,0.3443,0.3912,0.4317,0.4866,0.4171
2025-12-01,24.5875,17.8,30.9,19.55,75.9583,0.9067,1.5325,27.8083,20.5992,9.8876,0.0,4.26,1.0129,-0.424,-0.5085,100.7871,1.2083,24.5875,23.9833,24.6,26.3375,0.3355,0.385,0.429,0.486,0.4132
2025-12-02,25.9167,19.9,31.8,21.275,77.9167,0.8929,1.5267,28.8167,18.8856,9.0651,0.0,3.95,0.7879,-0.0095,0.021,100.7654,21.4583,25.575,24.8833,24.6333,26.3,0.3276,0.3789,0.4263,0.4856,0.4094
2025-12-03,26.95,21.2,32.1,21.7792,75.375,1.0188,1.5792,29.6167,19.08,9.1585,0.0,4.39,1.6746,-0.9275,-1.2299,100.8417,28.0833,26.4292,25.6333,24.7792,26.3,0.3202,0.3733,0.4238,0.485,0.4059
2025-12-04,26.2375,23.5,30.2,20.1833,69.5417,1.0629,1.2275,27.3667,14.3892,6.9069,1.4,3.87,3.4604,-2.4975,-2.2781,100.8871,57.4583,26.1625,25.9708,24.9625,26.3,0.3233,0.3683,0.4212,0.4845,0.4032
2025-12-05,26.6625,24.4,30.2,21.3292,73.25,0.9775,1.3008,28.075,13.2156,6.3436,0.0,3.27,2.9138,-2.2863,-1.6453,101.0475,66.75,26.4667,26.0542,25.1333,26.2375,0.3227,0.3646,0.4191,0.484,0.4009
2025-12-06,25.9917,22.3,30.6,21.0542,75.8333,0.9108,1.4233,28.2833,17.7408,8.5157,0.0,3.99,2.5567,-1.7755,-1.7742,101.02,54.5417,26.2292,26.0125,25.2667,26.2,0.3157,0.3605,0.417,0.4835,0.3981
2025-12-07,25.1167,20.6,30.6,20.0,75.3333,0.9133,1.4825,27.8167,18.3528,8.8093,0.0,4.05,2.4342,-1.576,-1.8258,100.9888,68.2083,25.5917,25.7167,25.3958,26.2,0.3082,0.3561,0.4142,0.483,0.3946
2025-12-08,23.7375,19.5,28.8,17.1042,67.9167,1.0321,1.5017,26.0417,20.1708,9.682,0.0,4.5,2.9738,-2.0238,-2.0898,101.0329,38.4167,24.425,25.1458,25.4,26.2,0.3011,0.3517,0.412,0.4825,0.3916
2025-12-09,23.3958,18.8,28.8,16.6,66.7083,1.0442,1.4658,25.875,19.7136,9.4627,0.0,4.44,2.7896,-1.8265,-2.0253,101.0029,48.0,23.9708,24.5333,25.4,26.2,0.295,0.3473,0.4095,0.482,0.3884
2025-12-10,24.0958,20.4,29.3,17.7875,68.5417,1.0029,1.3342,25.9833,14.4144,6.9189,0.6,3.63,3.02,-1.6724,-2.5052,100.9367,65.3333,24.175,24.4542,25.3125,26.2,0.2906,0.3436,0.4072,0.4812,0.3857
2025-12-11,24.4417,22.1,28.1,20.2125,77.6667,0.7062,0.8008,25.2,9.1584,4.3959,3.8,2.09,2.6638,-1.5985,-2.0331,100.8717,82.875,24.55,24.6958,25.3,26.2,0.305,0.3416,0.4056,0.481,0.3851
2025-12-12,25.5667,22.9,29.8,21.7167,80.125,0.7046,1.0542,27.2833,11.4084,5.4761,0.7,2.49,1.8679,-0.953,-1.4855,100.8121,85.2917,25.425,25.0292,25.3,26.1042,0.3098,0.3401,0.4045,0.4804,0.3844
2025-12-13,26.7917,22.4,32.1,21.3292,74.1667,1.0442,1.6117,29.3167,19.026,9.1324,0.0,4.26,2.41,-1.7678,-1.4835,100.8092,81.0,26.5458,25.6875,25.3083,26.1,0.3043,0.3376,0.4023,0.48,0.3819
2025-12-14,26.4,23.6,30.0,20.775,71.9583,1.0188,1.3833,28.125,15.5412,7.4597,0.0,3.84,3.3096,-2.1298,-2.4888,100.8733,65.0417,26.4583,26.1792,25.4167,26.1,0.297,0.3345,0.4002,0.4793,0.3792
2025-12-15,26.0708,22.5,30.5,18.7458,64.6667,1.2471,1.61,27.7,18.7056,8.9785,0.0,4.45,3.2708,-2.2627,-2.27,100.9358,58.125,26.5875,26.2583,25.525,26.1,0.2907,0.3312,0.3982,0.4788,0.3766
2025-12-16,26.2833,22.6,31.1,19.4167,67.0,1.2112,1.6575,28.35,18.6192,8.9371,0.0,4.29,2.75,-1.8293,-2.0041,100.8996,65.1667,26.5333,26.2458,25.6208,26.1,0.2847,0.328,0.3961,0.478,0.374
2025-12-17,26.4792,22.4,31.2,20.1667,69.625,1.1475,1.6258,28.7333,18.2016,8.7368,0.3,4.17,2.6967,-1.7453,-2.024,100.9042,55.375,26.6375,26.3292,25.7125,26.1,0.2802,0.3251,0.394,0.4776,0.3716
2025-12-18,26.6083,23.7,30.9,19.5958,66.1667,1.2379,1.6125,28.3833,17.3304,8.3187,0.0,4.14,3.1842,-2.0218,-2.3588,100.9129,46.3333,26.9917,26.6167,25.8125,26.1,0.2766,0.3225,0.392,0.477,0.3693
2025-12-19,25.9542,21.9,31.0,18.4917,64.625,1.2733,1.7567,28.15,20.196,9.6942,0.0,4.53,2.5837,-1.5125,-2.0746,100.7667,59.8333,26.4958,26.45,25.9,26.1,0.2735,0.3196,0.39,0.4764,0.3671
2025-12-20,25.6875,19.9,31.9,18.0958,65.5,1.3162,1.9533,28.75,20.5776,9.8773,0.0,4.75,2.3938,-1.4749,-1.8755,100.7042,19.4167,26.3208,26.2542,25.925,26.1,0.2705,0.3168,0.388,0.4758,0.3648
2025-12-21,25.1375,19.8,31.5,16.375,59.5417,1.4054,1.9108,27.8417,20.7792,9.9739,0.0,4.81,2.3175,-1.3434,-1.8674,100.7962,10.125,25.7542,25.9958,26.0,26.1,0.268,0.3141,0.3859,0.475,0.3626
2025-12-22,26.5375,22.8,31.6,19.4667,66.0,1.2612,1.6792,28.825,18.396,8.8301,0.0,4.4,2.6325,-1.8305,-1.8172,100.7275,16.375,26.7167,26.2333,26.0,26.1,0.2664,0.312,0.3838,0.4745,0.3605
2025-12-23,26.5,20.9,32.1,20.4583,71.5,1.1304,1.6992,29.1167,17.3844,8.3444,0.2,3.88,1.8362,-1.3038,-1.2285,100.6754,28.125,26.9458,26.5542,26.0208,26.1,0.2654,0.31,0.382,0.474,0.3587
2025-12-24,27.05,21.6,32.8,20.4708,69.625,1.2467,1.9075,29.7583,18.288,8.7783,0.0,4.1,1.9796,-1.2969,-1.4457,100.6254,55.5,27.3708,26.8292,26.1042,26.1,0.2645,0.308,0.3801,0.4734,0.3569
2025-12-25,27.4125,23.0,32.6,18.475,60.5833,1.5892,2.2467,29.9083,19.0368,9.1377,0.0,4.69,2.7025,-1.5213,-2.1643,100.67,28.2083,27.5833,27.0958,26.2,26.1,0.2635,0.306,0.3781,0.4727,0.3549
2025-12-26,26.0667,23.6,28.9,18.2458,62.2083,1.2879,1.3592,26.6167,12.4128,5.9581,0.6,3.36,3.1642,-2.16,-2.2082,100.8188,98.75,26.9792,27.1792,26.3,26.1,0.2633,0.3045,0.3765,0.472,0.3535
2025-12-27,25.8083,22.0,30.4,17.3292,59.9583,1.3879,1.7283,27.4667,18.4644,8.8629,0.0,4.46,3.1608,-2.2141,-2.2009,100.9113,35.4583,26.7542,26.7042,26.3208,26.1,0.2626,0.303,0.375,0.4716,0.352
2025-12-28,25.8292,22.0,30.7,17.975,63.0417,1.3162,1.7592,27.9333,19.9512,9.5767,0.0,4.53,2.6712,-1.7491,-2.0003,100.9583,13.7083,26.7208,26.65,26.4,26.1,0.2616,0.3012,0.3731,0.471,0.3502
2025-12-29,25.5292,20.7,31.2,17.3083,62.2083,1.3654,1.9375,28.175,20.4552,9.8184,0.0,4.57,2.1988,-1.4057,-1.6719,100.8775,20.7917,26.4625,26.4958,26.4,26.1,0.2606,0.2997,0.3713,0.4704,0.3485
2025-12-30,24.8292,18.4,31.4,16.0667,61.75,1.4046,2.1508,28.05,20.9556,10.0587,0.0,4.51,1.6854,-1.0611,-1.2919,100.7821,23.875,26.0083,26.2708,26.3958,26.1,0.26,0.2982,0.3695,0.4697,0.3469
2025-12-31,24.5917,17.4,31.7,16.6417,64.625,1.3071,2.0183,27.8667,20.8224,9.9948,0.0,4.28,1.19,-0.7109,-0.8747,100.6425,13.0417,25.5125,25.8875,26.3208,26.1,0.2595,0.2966,0.368,0.469,0.3454
2026-01-01,25.1833,18.5,31.8,17.175,64.75,1.3471,2.0625,28.4917,20.6244,9.8996,0.0,4.37,1.1575,-0.7867,-0.824,100.7579,18.9167,25.8958,25.8583,26.2667,26.1,0.259,0.2955,0.3662,0.4685,0.3438
2026-01-02,24.5208,18.4,30.9,16.1708,61.7917,1.3338,1.8942,27.4917,20.574,9.8759,0.0,4.56,2.3604,-1.7946,-1.4517,100.9579,17.375,25.4667,25.8167,26.2167,26.1,0.2584,0.2945,0.3645,0.468,0.3424
2026-01-03,24.0792,19.6,29.8,16.1792,62.9167,1.2221,1.6817,26.6,19.5192,9.3694,0.0,4.33,2.6788,-1.896,-1.8123,101.1054,38.25,25.1375,25.6125,26.1583,26.1,0.258,0.2935,0.3631,0.4672,0.3411
2026-01-04,23.7333,19.5,29.6,15.6667,62.4583,1.2221,1.7058,26.3167,20.772,9.9705,0.0,4.55,2.8554,-2.0598,-1.8623,101.0762,35.2083,24.775,25.2917,26.1,26.1,0.2576,0.2925,0.3616,0.4667,0.3398
2026-01-05,24.1625,18.7,30.5,15.0542,58.75,1.3913,1.9492,27.125,20.8476,10.0069,0.0,4.74,2.5712,-1.7644,-1.8308,101.0721,4.9583,25.0,25.1667,26.0125,26.1,0.257,0.2915,0.3601,0.466,0.3385
2026-01-06,24.7042,20.3,30.5,16.5792,61.9167,1.2917,1.7258,27.15,20.0412,9.6198,0.0,4.64,3.1067,-2.1981,-2.16,101.0783,28.2083,25.4167,25.4167,25.9292,26.1,0.257,0.2905,0.3586,0.4655,0.3372
2026-01-07,24.1375,20.5,28.4,15.1583,57.8333,1.3162,1.5508,25.4333,19.8144,9.5108,0.0,4.93,4.4538,-3.0954,-3.1547,101.1988,14.1667,25.3375,25.5792,25.9,26.1,0.2565,0.2897,0.3575,0.465,0.3362
2026-01-08,22.5792,18.6,27.0,12.7125,54.0833,1.2996,1.48,23.9583,20.9484,10.0552,0.0,5.02,4.4625,-2.9497,-3.3235,101.3221,17.875,24.4083,25.1875,25.8583,26.1,0.256,0.289,0.3561,0.4642,0.335
2026-01-09,21.35,17.1,26.5,11.7958,55.1667,1.1933,1.465,23.1167,21.402,10.273,0.0,4.71,3.6058,-2.4264,-2.649,101.2871,12.3333,23.3333,24.425,25.7542,26.1,0.256,0.2885,0.3546,0.4637,0.3338
2026-01-10,21.2042,15.2,27.6,12.1958,58.5,1.1729,1.6358,23.925,21.7296,10.4302,0.0,4.66,2.5025,-1.6551,-1.8403,101.2096,36.375,22.7833,23.7125,25.6,26.1,0.2556,0.2877,0.3535,0.463,0.3329
2026-01-11,21.5542,15.6,28.0,12.8292,59.8333,1.1725,1.6617,24.4917,21.492,10.3161,0.0,4.55,2.55,-1.7188,-1.8389,101.3371,11.2083,22.85,23.5,25.425,26.1,0.255,0.2874,0.3525,0.4625,0.332
2026-01-12,22.8125,17.4,29.3,13.7958,58.5417,1.2829,1.7908,25.6667,21.1176,10.1365,0.0,4.59,2.1738,-1.391,-1.64,101.2533,15.8333,23.8125,23.8167,25.25,26.1,0.255,0.2866,0.3511,0.462,0.3308
2026-01-13,24.1083,17.9,30.4,15.5792,61.25,1.3229,1.9025,27.0333,19.422,9.3227,0.0,4.38,1.9875,-1.388,-1.3852,101.1308,23.8333,24.7667,24.4208,25.2,26.0583,0.255,0.286,0.3496,0.4614,0.3296
2026-01-14,24.9292,18.8,31.6,17.7583,67.0,1.2038,1.8583,27.8083,17.7732,8.5312,0.0,3.93,1.315,-0.11,0.2548,100.9679,36.75,25.7042,25.1667,25.2,26.0,0.2545,0.2856,0.3485,0.4608,0.3287
2026-01-15,26.0708,21.4,31.9,19.8875,71.9583,1.1171,1.8433,28.775,16.2504,7.8002,0.0,3.54,0.8167,-0.0524,0.0323,100.9046,49.5,26.5875,25.8167,25.2333,26.0,0.254,0.285,0.3475,0.46,0.3279
2026-01-16,25.9125,21.0,31.3,21.0542,77.2917,0.9075,1.5525,28.3583,17.4168,8.3601,0.0,3.74,0.8612,0.3738,0.5478,100.8046,51.375,26.6917,26.2083,25.3458,26.0,0.2543,0.285,0.3465,0.4597,0.3272
2026-01-17,25.8958,22.0,30.7,21.9333,80.875,0.7567,1.2908,28.1583,17.424,8.3636,1.3,3.67,0.7979,0.1832,0.1264,100.6371,59.625,26.7958,26.4,25.4792,26.0,0.2588,0.2845,0.3456,0.459,0.3267
2026-01-18,26.1,22.9,30.7,22.075,80.4167,0.7662,1.2892,28.175,16.4592,7.9004,1.1,3.44,0.9271,0.3068,0.36,100.5758,71.375,26.8167,26.4958,25.6083,26.0,0.2676,0.284,0.3446,0.4587,0.3265
2026-01-19,24.9208,22.3,29.3,22.4667,87.125,0.4625,0.7967,26.65,16.11,7.7328,3.7,3.29,0.895,0.0685,0.6303,100.6879,62.625,26.1833,26.3917,25.7,26.0,0.2812,0.284,0.344,0.458,0.327
2026-01-20,25.3292,21.2,30.1,22.2333,84.2917,0.5854,1.0033,27.2833,17.3736,8.3392,1.4,3.65,0.9375,-0.0885,0.7081,100.7783,39.9167,26.05,26.0167,25.7458,26.0,0.3044,0.284,0.3436,0.458,0.3284
2026-01-21,26.3375,22.3,31.2,20.6792,74.4583,1.0258,1.6167,28.525,17.4564,8.3791,0.1,3.95,1.3704,-1.0488,-0.2047,100.9108,53.7083,26.4,26.0958,25.8,26.0,0.3056,0.284,0.3432,0.4574,0.3281
2026-01-22,25.7542,21.3,31.2,17.2833,63.75,1.3758,2.0733,28.3583,21.6792,10.4059,0.0,5.03,2.2612,-1.5432,-1.241,101.0796,52.9583,26.1583,26.1125,25.8125,26.0,0.2964,0.284,0.3421,0.457,0.3267
2026-01-23,24.1375,18.4,30.6,14.8458,58.4167,1.4125,1.9633,27.0333,22.0644,10.5909,0.0,5.18,2.6325,-1.8949,-1.738,101.2438,30.0833,25.0208,25.5625,25.8333,26.0,0.2869,0.2836,0.3408,0.456,0.325
2026-01-24,24.7042,18.6,31.3,14.5542,55.9167,1.5529,2.1367,27.6917,21.9348,10.5286,0.0,5.14,2.1996,-1.5527,-1.4677,101.2083,35.1667,25.3958,25.4208,25.8,26.0,0.2796,0.283,0.3396,0.4556,0.3235
2026-01-25,25.1958,18.3,32.0,15.6083,58.1667,1.5371,2.2508,28.3583,20.6388,9.9067,0.0,4.51,1.3296,-0.8902,-0.5043,101.0758,41.5417,25.8583,25.6458,25.8,26.0,0.2741,0.283,0.3386,0.455,0.3224
2026-01-26,25.7167,18.8,32.1,17.2667,63.5,1.4329,2.1825,28.7583,19.2276,9.2291,0.0,4.26,1.1921,-0.8395,-0.7245,101.0942,41.1667,26.2458,25.95,25.8,26.0,0.2701,0.283,0.3376,0.4545,0.3214
2026-01-27,26.0083,19.4,31.9,16.1417,57.5,1.6129,2.2085,28.6231,21.8844,10.5046,0.0,4.98,1.9142,-1.4036,-1.1556,101.1546,7.5,26.4,26.1375,25.8083,26.0,0.2671,0.2825,0.3366,0.454,0.3204
2026-01-28,25.3917,18.8,31.3,15.8,58.0833,1.5408,2.1331,28.1385,19.0836,9.1601,0.0,4.52,2.0129,-1.5323,-1.2308,101.1125,92.0417,26.2458,26.2,25.9,26.0,0.2648,0.282,0.3355,0.4534,0.3193
2026-01-29,26.1958,21.1,32.0,17.5833,61.375,1.4487,2.055,28.6083,16.9524,8.1371,0.0,3.8,1.07,-0.6697,-0.4671,101.0846,81.3333,26.8042,26.4292,25.9042,26.0,0.263,0.282,0.3346,0.453,0.3185
2026-01-30,26.825,21.0,33.3,20.2667,71.25,1.2179,1.9408,29.3692,18.9216,9.0823,0.0,4.12,1.0421,-0.0865,0.368,101.1225,53.8333,27.3,26.6833,26.0,26.0,0.2616,0.282,0.3336,0.452,0.3177
2026-01-31,27.2833,22.0,33.8,20.4333,71.125,1.3008,2.1138,30.0077,20.2644,9.727,0.0,4.49,1.2762,-0.6292,-0.2643,101.1175,90.0,27.9083,27.1417,26.0708,26.0,0.2606,0.2816,0.3326,0.4517,0.3169
2026-02-01,26.4708,21.6,32.2,17.2708,61.8333,1.5129,2.2546,28.7538,22.4856,10.7931,0.2,5.23,2.3125,-1.4674,-1.4566,101.1546,38.0417,27.3708,27.2583,26.1917,26.0,0.2622,0.281,0.3316,0.451,0.3161
2026-02-02,25.3333,20.0,31.6,15.3542,55.625,1.5738,2.0762,27.9385,22.554,10.8259,0.0,5.27,2.7958,-2.0993,-1.7281,101.1613,43.0,26.4167,26.7208,26.2625,26.0,0.2607,0.281,0.3306,0.4505,0.3153
2026-02-03,26.1792,21.4,31.9,16.5708,56.875,1.5862,2.0454,28.4538,19.0656,9.1514,0.0,4.74,2.6154,-2.0328,-1.5006,101.1912,38.375,26.75,26.575,26.3,26.0,0.2598,0.281,0.3297,0.45,0.3146
2026-02-04,27.6875,22.8,33.1,18.5792,59.5833,1.6333,2.2023,29.8,19.386,9.3053,0.0,4.48,1.6417,-1.0731,-0.7344,101.1025,59.125,28.0333,27.1667,26.3125,26.0,0.259,0.281,0.3289,0.4494,0.3139
2026-02-05,27.6708,23.3,33.7,21.4875,71.4583,1.1954,1.7562,29.6846,18.6552,8.9544,0.0,4.27,1.3471,0.443,1.1015,101.0333,56.125,28.2,27.5792,26.4167,26.0,0.2593,0.281,0.3284,0.449,0.3136
2026-02-06,26.5208,23.8,30.1,22.7458,80.875,0.7287,1.0992,28.1308,17.2152,8.2632,2.1,3.63,1.5508,0.5147,1.2645,100.9483,48.6667,27.3042,27.4667,26.5042,26.0,0.2658,0.281,0.3275,0.4482,0.3134
2026-02-07,26.8208,22.9,31.3,22.6292,79.7917,0.8271,1.3477,28.8923,18.5184,8.8889,0.6,4.07,1.4942,0.1292,1.2905,100.8354,46.0417,27.6,27.2708,26.6,26.0,0.2743,0.2806,0.327,0.448,0.3136
2026-02-08,25.85,23.5,30.2,23.2292,86.6667,0.5125,0.8562,27.4154,14.6952,7.0536,8.6,3.04,1.1358,-0.5289,0.6168,100.8983,64.625,26.9625,27.2333,26.6,26.0,0.2922,0.2805,0.3268,0.4475,0.3146
2026-02-09,26.7958,22.0,32.7,19.2625,68.0417,1.3367,2.07,29.2154,22.23,10.6705,0.0,4.97,1.9258,-1.4904,-0.8393,100.9192,36.9583,27.2,26.8833,26.6,26.0,0.3191,0.281,0.3265,0.447,0.3164
2026-02-10,27.1667,20.8,33.6,18.2542,60.875,1.6008,2.2877,29.9308,23.1012,11.0886,0.0,4.95,1.2954,-0.9648,-0.5686,100.9379,10.25,27.3167,27.0208,26.6083,26.0,0.3043,0.281,0.3255,0.4465,0.3147
2026-02-11,28.1208,21.4,34.8,19.9708,65.9167,1.5712,2.4477,31.0231,22.8852,10.9849,0.0,5.2,1.5646,-0.9588,-0.3101,101.0338,38.875,28.1,27.3708,26.7,26.0,0.2925,0.281,0.3245,0.446,0.3132
2026-02-12,27.2542,24.3,33.1,23.7542,83.3333,0.7208,1.2115,29.0462,17.4528,8.3772,2.1,3.78,1.1279,0.0227,0.3552,100.9875,76.3333,28.1458,27.9125,26.7375,26.0667,0.2968,0.281,0.324,0.4455,0.3131
2026-02-13,27.1417,24.5,31.6,23.3167,81.625,0.7608,1.2723,28.8769,17.0892,8.2029,0.6,3.71,0.8488,0.0756,0.2719,100.8225,89.9583,28.05,27.7958,26.8167,26.1,0.3178,0.281,0.3235,0.445,0.3142
2026-02-14,27.4583,24.1,32.8,22.9458,79.4583,0.9025,1.5523,29.5769,18.9036,9.0737,0.1,4.13,1.0379,0.0531,0.6107,100.7758,80.0,28.1833,27.7792,26.9,26.1,0.3104,0.281,0.323,0.4446,0.3133
2026-02-15,28.275,24.3,33.9,22.6125,74.6667,1.1483,1.8538,30.4923,20.5164,9.848,0.0,4.46,0.9525,-0.0755,0.1763,100.7071,55.1667,28.6792,27.9917,26.9333,26.1,0.3005,0.281,0.3225,0.444,0.3122
2026-02-16,27.8833,24.9,33.6,24.0125,81.7917,0.8092,1.3746,29.8231,19.3248,9.276,1.5,4.29,1.1146,0.4148,0.7315,100.6467,52.7917,28.8542,28.3625,27.0333,26.1,0.3017,0.281,0.3216,0.4436,0.3117
2026-02-17,27.1292,24.4,32.3,23.9917,84.5,0.6392,1.0508,28.7538,18.3276,8.7975,5.6,3.87,0.8892,0.1185,0.7167,100.715,75.5833,28.1875,28.2417,27.125,26.1,0.345,0.2818,0.3213,0.443,0.3147
2026-02-18,28.2458,23.8,33.8,21.65,71.3333,1.3,1.9538,30.5154,21.5244,10.3318,0.0,4.95,1.7621,-1.3327,-0.5575,100.83,67.25,28.3125,27.925,27.2,26.1,0.3767,0.2867,0.321,0.443,0.3177
2026-02-19,28.3917,23.2,34.4,20.0542,64.0417,1.5854,2.3838,30.7769,23.4,11.232,0.0,5.46,2.0467,-1.5326,-0.5969,100.9696,62.0417,28.3833,28.025,27.2,26.1583,0.3471,0.2881,0.3205,0.4423,0.3155
2026-02-20,28.3875,23.3,34.2,19.35,61.0417,1.6917,2.4231,30.7692,23.6196,11.3375,0.0,5.48,1.9158,-1.4948,-1.0908,100.9842,62.0417,28.5958,28.2,27.3,26.2,0.3251,0.2881,0.3196,0.4418,0.3134
2026-02-21,27.8833,22.6,33.4,21.2167,69.1667,1.2858,1.7731,29.9231,22.3164,10.712,0.0,4.98,1.2046,0.1836,0.3765,100.6842,15.2083,28.4292,28.1958,27.3,26.2,0.3095,0.2876,0.319,0.441,0.3117
2026-02-22,27.0583,24.6,31.5,23.5708,82.375,0.6967,1.0754,28.6769,19.422,9.3226,3.4,4.12,1.5587,0.6997,1.24,100.5333,51.875,27.8958,28.075,27.3792,26.2,0.3087,0.287,0.3185,0.441,0.3112
2026-02-23,27.6125,24.1,32.3,23.9292,81.6667,0.7683,1.2169,29.4692,20.2176,9.7044,1.0,4.36,1.6004,0.3229,1.5218,100.5242,43.4167,28.1875,27.8708,27.4,26.2,0.3168,0.287,0.318,0.4405,0.3114
2026-02-24,26.8333,24.5,31.6,23.95,85.0,0.5821,0.92,28.4,18.6444,8.9493,7.1,3.93,1.575,0.3219,1.5065,100.6337,38.5,27.975,28.0083,27.4,26.2,0.334,0.287,0.318,0.44,0.3126
2026-02-25,27.125,24.1,32.0,23.9042,83.4583,0.6617,1.0146,28.7615,18.3852,8.8248,5.9,3.9,1.0271,0.1282,0.8494,100.675,58.25,27.6917,27.7,27.4,26.2875,0.3882,0.289,0.3175,0.4399,0.3165
2026-02-26,26.675,24.0,30.4,24.0167,85.9583,0.5267,0.7554,27.8,17.2404,8.2754,4.2,3.66,1.2533,0.4786,0.9915,100.535,63.9583,27.3125,27.5083,27.4,26.3,0.4228,0.2976,0.317,0.439,0.3203
2026-02-27,26.35,24.1,30.4,24.1792,88.2083,0.4329,0.6338,27.7231,18.4608,8.8611,8.8,3.73,1.5508,0.2087,1.4195,100.45,64.1667,27.0917,27.2708,27.3125,26.3,0.442,0.3093,0.317,0.439,0.3241
2026-02-28,26.2167,23.7,29.8,24.125,88.7917,0.4204,0.6569,27.7769,18.4752,8.8681,14.2,3.72,1.7521,0.0337,1.5688,100.4321,60.625,26.8833,27.0833,27.2875,26.3,0.4242,0.3455,0.317,0.439,0.3305
2026-03-01,26.6917,23.3,30.9,23.85,85.375,0.5846,0.9315,28.5154,19.1772,9.2051,1.3,4.1,1.8629,0.3772,1.5996,100.4683,53.5417,27.0125,26.9875,27.2,26.3,0.3966,0.3742,0.317,0.4386,0.3346
2026-03-02,27.5125,22.9,32.3,23.7208,81.5833,0.79,1.3031,29.6923,22.8996,10.9917,0.1,4.94,1.6312,0.316,1.332,100.5833,50.9167,27.425,27.1208,27.1375,26.3,0.3832,0.3697,0.317,0.438,0.3327
2026-03-03,27.8292,23.7,32.6,24.0417,81.9167,0.8033,1.3646,29.9769,22.1832,10.648,0.1,4.79,1.5133,0.1417,1.3264,100.62,45.6667,28.0,27.5875,27.1292,26.3292,0.3652,0.3642,0.317,0.438,0.3303
2026-03-04,27.9292,24.3,33.2,23.5917,79.9167,0.9079,1.5346,30.2923,21.8772,10.5011,0.2,4.94,1.5512,0.1706,1.3578,100.6267,52.75,28.1958,27.8542,27.2,26.4,0.3492,0.3582,0.3169,0.4374,0.3278
2026-03-05,27.2042,23.9,31.9,23.3,80.5833,0.785,1.2123,29.0846,19.1592,9.1965,1.7,4.14,1.6896,-0.3158,1.392,100.6117,31.0417,27.7292,27.8042,27.2,26.4,0.3402,0.3527,0.3165,0.437,0.3258
2026-03-06,26.1583,23.3,32.8,22.5917,82.4167,0.7038,1.1438,28.1154,20.034,9.6162,4.3,4.29,1.4212,-1.0504,-0.4616,100.7838,31.5,27.3208,27.5125,27.2,26.4,0.3533,0.3482,0.316,0.4366,0.3254
2026-03-07,27.1375,21.5,32.9,22.0542,76.125,1.0288,1.5931,29.7231,22.0284,10.5735,0.2,4.78,1.6804,-1.277,-0.8043,100.8275,27.5417,27.4667,27.2208,27.2,26.4,0.3785,0.3452,0.316,0.436,0.3265
2026-03-08,28.3417,23.6,33.0,21.975,71.0,1.2538,1.8977,30.3077,21.9024,10.513,0.0,4.83,1.3092,-0.6975,-0.0089,100.8158,13.875,28.2,27.7667,27.2,26.4,0.3587,0.3413,0.3156,0.436,0.324
2026-03-09,28.4125,22.6,33.8,20.9292,68.25,1.4554,2.2754,31.0077,22.4496,10.7758,0.0,5.24,1.7788,-1.3282,-0.5311,100.8733,22.3333,28.2833,27.9,27.2167,26.4,0.3394,0.3367,0.315,0.4354,0.3213
2026-03-10,28.1708,23.7,32.7,20.2833,63.5833,1.4908,2.0046,30.2462,21.4344,10.2886,0.2,5.12,2.3704,-1.655,-0.9018,100.9717,35.0,28.2417,28.0083,27.3,26.4,0.3231,0.3317,0.3146,0.435,0.3188
2026-03-11,28.15,23.9,33.6,20.5292,65.5417,1.4458,2.1077,30.1385,22.3236,10.7154,0.1,5.25,1.8542,-1.0509,-0.642,100.8875,33.7083,28.4875,28.1333,27.3125,26.4458,0.3123,0.3272,0.314,0.4345,0.3167
2026-03-12,27.5625,24.5,32.7,22.0708,74.1667,1.0675,1.6031,29.3231,18.5292,8.894,2.5,4.03,1.2825,-0.6649,-0.6373,100.7817,48.875,28.225,28.2,27.4,26.5,0.3122,0.3234,0.314,0.434,0.3159
2026-03-13,26.3042,23.0,32.3,21.7042,78.3333,0.8575,1.3962,28.0692,20.772,9.9704,4.8,4.53,1.7021,-1.1867,-0.496,100.8575,38.9167,27.4667,27.8042,27.4,26.5,0.3388,0.3205,0.3135,0.4336,0.3167
2026-03-14,27.2917,22.2,33.2,19.7708,66.4583,1.4083,2.0577,29.9077,24.03,11.5346,0.1,5.57,2.195,-1.6417,-1.3093,100.9712,42.2917,27.675,27.3833,27.4,26.5,0.3597,0.3188,0.313,0.433,0.3175
2026-03-15,27.95,23.0,33.8,19.9667,65.125,1.4983,2.2885,30.5846,24.4044,11.7141,0.0,5.59,1.79,-1.1228,-0.2472,100.975,19.125,28.475,27.9333,27.4,26.5,0.3362,0.316,0.3126,0.433,0.315
2026-03-16,26.9958,23.5,32.5,23.15,81.4167,0.765,1.2446,28.7154,20.988,10.0743,2.8,4.56,1.1238,0.0346,0.439,100.8479,42.5833,28.1042,28.1208,27.4,26.5,0.3335,0.3132,0.312,0.432,0.3138
2026-03-17,26.7667,24.5,31.0,23.3958,82.5833,0.6658,0.9977,28.2769,20.7936,9.9809,5.6,4.34,1.3571,0.4258,1.1822,100.8629,42.4167,27.5542,27.7542,27.4,26.5,0.3607,0.3124,0.312,0.432,0.3155
2026-03-18,26.7917,23.3,31.3,23.2167,81.625,0.7058,1.0262,28.4077,20.8152,9.9913,2.3,4.34,1.51,0.2408,1.332,100.8938,41.375,27.4125,27.4917,27.4,26.5458,0.3827,0.3127,0.312,0.432,0.3171
2026-03-19,26.875,23.5,31.7,23.4167,82.4167,0.6912,1.0431,28.5231,20.8296,9.9983,5.0,4.39,1.375,0.408,1.2259,100.8492,39.2917,27.4917,27.4583,27.4,26.6,0.3904,0.3136,0.3116,0.4312,0.3175
2026-03-20,26.9458,23.9,31.2,23.6583,82.9583,0.6571,0.9677,28.4846,20.2032,9.6977,1.4,4.2,1.8658,0.5709,1.6621,100.8358,53.5833,27.5208,27.4792,27.4,26.6,0.4007,0.3164,0.3113,0.431,0.3186
2026-03-21,27.1833,23.5,32.1,23.75,82.5833,0.7033,1.1054,29.0769,21.798,10.4631,4.8,4.57,1.2458,-0.1385,0.8432,100.8258,25.25,27.9083,27.6125,27.3583,26.6,0.4018,0.3179,0.311,0.431,0.3188
2026-03-22,26.8083,24.7,31.0,24.3333,86.75,0.5038,0.7331,28.0692,20.0124,9.606,5.0,4.19,1.5746,0.4412,1.3993,100.8183,54.7083,27.7125,27.7375,27.4,26.6,0.4167,0.322,0.311,0.4304,0.3207
2026-03-23,27.0458,24.1,31.1,23.875,83.5833,0.6433,0.9731,28.6692,20.1528,9.6734,1.3,4.3,1.5987,0.4734,1.4884,100.7754,58.2083,27.8042,27.6167,27.4,26.6,0.4155,0.327,0.311,0.43,0.3217
2026-03-24,27.2667,25.0,30.5,24.3708,84.75,0.5929,0.8723,28.7538,18.3924,8.8283,2.2,3.89,1.64,0.3299,1.5548,100.655,46.4583,27.8833,27.7583,27.4,26.6,0.396,0.3285,0.311,0.43,0.3206
2026-03-25,27.675,24.4,31.9,23.85,81.125,0.7904,1.2669,29.5846,21.924,10.5235,0.9,4.71,1.4804,0.1602,1.3484,100.665,41.625,28.2167,27.825,27.4,26.6,0.3843,0.3281,0.3108,0.4296,0.3196
2026-03-26,28.1292,25.1,32.3,24.1583,80.625,0.8312,1.3262,29.9769,22.248,10.6789,0.7,4.85,1.4521,0.4052,1.2962,100.65,57.5,28.6417,28.1583,27.4,26.6,0.3695,0.3262,0.3105,0.429,0.3179
2026-03-27,27.775,24.9,32.0,23.9458,81.0417,0.7883,1.2646,29.6538,21.546,10.3421,1.2,4.7,1.9662,0.5159,1.8414,100.6071,45.4583,28.5583,28.3292,27.5,26.6958,0.3589,0.324,0.31,0.429,0.3164
2026-03-28,27.5083,24.4,31.9,23.4875,80.2083,0.8092,1.2554,29.2,22.3344,10.7206,2.6,4.85,1.6458,0.1854,1.5513,100.5675,38.75,28.2792,28.1917,27.5,26.7,0.3517,0.3216,0.31,0.4285,0.3154
2026-03-29,27.575,23.6,32.0,23.0542,78.125,0.9112,1.4362,29.6154,22.41,10.7567,0.5,4.98,1.875,0.199,1.7025,100.6358,30.5417,28.4083,28.1625,27.5333,26.7,0.3433,0.3191,0.3096,0.428,0.3139
2026-03-30,27.6,23.9,31.7,22.9708,77.2083,0.9258,1.4008,29.5077,21.1104,10.1331,0.2,4.75,2.0279,0.1273,1.877,100.6733,38.9583,28.175,28.1083,27.6,26.7,0.3305,0.3165,0.309,0.428,0.3121
2026-03-31,27.725,23.6,33.0,22.3375,75.0,1.0804,1.7392,30.2154,25.6536,12.3138,0.0,5.67,2.09,0.5443,1.9362,100.7238,38.25,28.5458,28.1458,27.6,26.7,0.3171,0.3136,0.309,0.4272,0.3105
2026-04-01,28.0917,23.6,32.8,23.1917,76.5833,1.0067,1.56,30.2846,23.202,11.1369,0.8,5.14,1.805,0.2521,1.6062,100.6867,27.0417,28.6333,28.3167,27.6083,26.7,0.3064,0.3106,0.3085,0.427,0.3088
2026-04-02,28.2625,24.2,33.2,23.3375,76.875,1.0242,1.6523,30.6077,23.076,11.0765,0.3,5.2,1.9675,0.3155,1.8045,100.7262,25.9167,29.025,28.5333,27.7,26.7,0.3001,0.308,0.308,0.4265,0.3075
2026-04-03,28.0042,25.2,31.2,24.0875,80.1667,0.8092,1.2062,29.6923,21.1716,10.1622,3.9,4.59,2.2629,0.8953,1.969,100.6783,38.2083,28.8333,28.6542,27.7208,26.7667,0.3008,0.306,0.308,0.426,0.3071
2026-04-04,28.0625,24.7,32.5,23.6542,78.625,0.9158,1.4638,30.2308,22.9608,11.0211,0.3,5.04,2.3796,0.8395,2.1255,100.5412,58.625,29.05,28.6458,27.8,26.8,0.3021,0.304,0.3075,0.426,0.3064
2026-04-05,28.1167,24.4,32.9,23.6792,78.5833,0.9321,1.5285,30.5077,23.1372,11.1059,0.6,5.13,2.4596,0.7149,2.1819,100.4729,59.9167,29.0792,28.7333,27.8208,26.8,0.2962,0.3021,0.307,0.4254,0.3052
2026-04-06,27.8542,23.7,33.2,23.2375,78.4583,0.9596,1.6231,30.4692,24.5556,11.7869,0.4,5.44,2.6042,0.681,2.358,100.5946,40.875,28.8167,28.6542,27.9,26.8,0.2917,0.3001,0.3067,0.425,0.3042
2026-04-07,27.9208,23.6,33.2,23.025,77.25,1.0117,1.6431,30.6692,22.8996,10.992,1.4,5.14,2.6304,0.7464,2.3088,100.6679,49.0833,28.7167,28.5542,27.9,26.8,0.2906,0.2983,0.3061,0.4246,0.3034
2026-04-08,28.5417,23.7,34.3,23.3917,76.0417,1.1017,1.79,31.3077,25.4592,12.2203,0.0,5.7,2.3204,0.4268,2.0818,100.6512,35.9583,28.9542,28.5583,27.9042,26.8,0.2863,0.2965,0.306,0.424,0.3026
2026-04-09,28.5,24.4,33.6,23.4042,76.375,1.0729,1.7531,31.0154,24.3036,11.6658,0.3,5.49,2.3288,0.6512,2.0407,100.7467,28.4583,29.25,28.85,28.0,26.8542,0.2801,0.295,0.3055,0.424,0.3015
2026-04-10,28.3792,24.2,33.6,22.3792,72.7917,1.2221,1.9769,31.0538,26.4888,12.7147,0.0,5.94,2.325,0.6405,2.0956,100.76,21.5417,29.325,28.9417,28.0,26.9,0.2757,0.2932,0.305,0.423,0.3005
2026-04-11,28.6042,24.0,34.4,22.7542,73.7083,1.2208,2.0115,31.5,25.7796,12.3743,0.0,5.82,2.5567,0.9223,2.294,100.6637,20.1667,29.5,29.0417,28.0958,26.9,0.2711,0.2916,0.3045,0.423,0.2994
2026-04-12,28.3833,23.2,34.4,23.1667,76.0833,1.11,1.8392,31.2692,25.5924,12.2845,0.0,5.83,2.4925,0.6267,2.2514,100.5196,28.7917,29.3833,29.0792,28.1042,26.9,0.2676,0.2905,0.304,0.4224,0.2986
2026-04-13,28.6708,24.7,33.1,24.4875,79.625,0.9092,1.4785,30.9615,22.3488,10.7274,1.3,4.95,2.6071,0.9981,2.2852,100.64,39.0417,29.6458,29.25,28.2,26.9,0.2703,0.2894,0.3036,0.422,0.2983
2026-04-14,29.325,25.6,34.5,24.6208,78.0,1.0383,1.6985,31.5462,23.778,11.4133,1.2,5.37,1.9721,0.7342,1.7204,100.6179,50.2917,30.2792,29.5292,28.2333,26.9125,0.2763,0.2885,0.303,0.4216,0.2981
2026-04-15,28.8375,25.1,33.5,24.5458,79.2083,0.9329,1.5062,31.0846,22.8456,10.9659,1.8,5.09,2.2558,0.6417,2.0098,100.5096,39.3333,30.0167,29.6625,28.325,27.0,0.2805,0.2875,0.303,0.421,0.2982
2026-04-16,29.5042,25.6,35.0,24.075,74.7917,1.1846,1.8554,31.9385,24.2028,11.6173,2.1,5.5,2.0129,0.4953,1.862,100.5108,29.4167,30.4292,29.75,28.4083,27.0,0.2825,0.2866,0.3025,0.421,0.2978
2026-04-17,29.2667,25.9,34.4,24.375,76.5417,1.0558,1.6177,31.3,23.1948,11.1336,4.6,5.12,2.0946,0.5343,1.9418,100.5892,28.25,30.3292,29.9333,28.5,27.0,0.2914,0.286,0.302,0.4204,0.2979
2026-04-18,29.2042,25.3,34.4,24.3125,76.7917,1.0679,1.6823,31.5,23.8104,11.4292,4.1,5.27,1.5717,0.0554,1.4132,100.5504,24.5417,30.3167,29.9125,28.6,27.0,0.3035,0.2855,0.302,0.42,0.2986
2026-04-19,28.4333,26.0,32.9,24.6292,80.8333,0.8058,1.2408,30.1,21.654,10.3939,11.4,4.62,2.0079,0.4454,1.8444,100.5721,45.875,29.6125,29.7167,28.6292,27.0708,0.3479,0.2854,0.3015,0.4197,0.3014
2026-04-20,27.6667,25.0,31.2,24.525,83.75,0.6492,1.0085,29.2231,19.6668,9.4401,3.3,4.15,1.8142,0.1209,1.661,100.605,43.25,28.775,29.1417,28.7,27.1,0.3877,0.2885,0.301,0.419,0.3045
2026-04-21,27.6458,24.7,32.1,24.5625,84.125,0.6492,1.0277,29.5,21.7584,10.4439,9.0,4.62,1.9654,0.0755,1.8355,100.5288,62.7917,28.7,28.7833,28.6125,27.1,0.3885,0.2912,0.301,0.419,0.3051
2026-04-22,27.9458,25.4,32.0,24.9417,84.2917,0.6358,0.9462,29.4538,21.3768,10.2609,3.0,4.61,2.0608,0.358,1.9351,100.4812,54.6667,28.8292,28.7417,28.6,27.1,0.393,0.2949,0.301,0.419,0.3062
2026-04-23,27.7833,25.6,31.4,24.7292,83.8333,0.6333,0.9315,29.1538,20.3364,9.7615,3.0,4.41,2.3229,0.5554,2.1987,100.4575,39.625,28.6458,28.7083,28.5333,27.1375,0.3829,0.2971,0.301,0.4185,0.3059
2026-04-24,28.6333,25.3,32.7,24.1708,78.2083,0.9462,1.4562,30.6308,23.2164,11.1438,1.0,5.07,1.8738,0.4926,1.729,100.5125,49.5,29.3417,28.8625,28.5,27.2,0.3703,0.2982,0.301,0.418,0.3053
2026-04-25,28.7333,24.3,33.4,23.9708,77.1667,1.0121,1.5862,30.9154,21.924,10.5235,1.0,4.76,0.9825,0.0635,0.6675,100.6892,55.1667,29.5458,29.1417,28.5,27.2,0.3525,0.2977,0.3006,0.418,0.3036
2026-04-26,28.325,25.3,32.9,24.9417,82.7083,0.7238,1.08,29.8231,18.7308,8.9907,6.8,4.01,1.1021,0.2479,0.866,100.6792,76.2917,29.2667,29.3042,28.5125,27.2,0.3657,0.2977,0.3003,0.4175,0.3043
2026-04-27,28.6792,24.7,34.1,24.3667,78.9583,0.9288,1.4331,30.7538,22.2732,10.6911,4.9,4.84,1.2446,0.1007,0.907,100.5733,52.7917,29.3792,29.0833,28.5333,27.2,0.3868,0.2991,0.3,0.417,0.3059
2026-04-28,29.25,25.9,33.9,24.1208,75.8333,1.0971,1.7277,31.3231,23.9544,11.4982,1.7,5.33,1.7838,0.4656,1.5749,100.57,40.9583,29.6958,29.2917,28.575,27.2417,0.374,0.3,0.3,0.417,0.3052
2026-04-29,28.8875,25.6,33.7,24.7167,79.6667,0.905,1.4262,30.8308,23.0904,11.0836,4.8,5.0,1.5196,0.1446,1.2612,100.6196,39.4583,29.5333,29.3625,28.6,27.3,0.3689,0.2996,0.3,0.4166,0.3047
2026-04-30,29.4917,25.0,35.2,24.7833,77.5,1.0533,1.6538,31.8385,23.706,11.3789,3.2,5.17,1.0667,-0.4444,0.3075,100.6808,38.3333,30.0792,29.5042,28.6,27.3,0.376,0.3001,0.2996,0.416,0.305
2026-05-01,28.7333,25.5,33.3,24.9083,80.9583,0.8258,1.2508,30.4154,21.3228,10.235,8.1,4.42,1.1696,-0.1768,0.5533,100.7033,53.75,29.725,29.6917,28.7,27.3,0.3832,0.3002,0.2993,0.416,0.3053
2026-05-02,28.6208,25.4,33.2,24.7667,80.5833,0.8246,1.1892,30.1846,21.4128,10.2782,3.8,4.61,1.0692,0.3811,0.8428,100.6342,71.0,29.2625,29.2667,28.7,27.3,0.4165,0.3041,0.299,0.416,0.3083
2026-05-03,28.8375,26.5,32.7,25.2,81.4167,0.7875,1.1423,30.4154,21.4416,10.2919,4.0,4.52,1.1808,0.244,0.8642,100.62,81.5417,29.375,29.2333,28.7,27.3542,0.4125,0.309,0.299,0.4152,0.309
2026-05-04,28.1708,25.1,32.1,25.2083,84.6667,0.6346,0.9323,29.6385,18.0144,8.6469,9.8,3.83,0.6896,-0.416,-0.0447,100.7042,98.4583,29.0042,29.0917,28.7,27.4,0.435,0.316,0.299,0.415,0.3121
2026-05-05,27.125,25.0,31.8,24.9875,88.875,0.4525,0.6862,28.3231,16.1136,7.7344,14.1,3.43,0.9392,-0.2635,-0.5579,100.6704,96.1667,28.3375,28.75,28.7,27.4,0.434,0.3481,0.299,0.415,0.3188
2026-05-06,27.7708,24.7,32.5,25.0417,86.25,0.5896,0.9143,29.2143,17.7588,8.5242,1.9,3.83,1.0125,-0.472,-0.134,100.5667,95.375,28.5333,28.4417,28.6,27.4,0.404,0.3853,0.299,0.415,0.3245
2026-05-07,27.5208,26.2,29.5,25.85,90.75,0.3475,0.4321,28.0786,12.906,6.1948,8.8,2.65,0.805,0.4299,0.3855,100.5592,89.4583,28.0125,28.3917,28.5458,27.4,0.431,0.3842,0.2999,0.415,0.3268
2026-05-08,28.0625,24.5,32.7,25.0833,85.2083,0.6442,1.0164,29.5857,21.1176,10.1365,5.3,4.41,0.6208,0.0923,-0.1499,100.5929,94.625,28.6875,28.3875,28.5,27.4125,0.437,0.3869,0.3,0.4144,0.3278
2026-05-09,28.125,24.3,32.5,24.8833,83.875,0.7012,1.0893,29.6786,20.4228,9.803,2.6,4.43,1.1575,-0.5593,-0.2431,100.6158,92.2917,28.75,28.6417,28.4542,27.5,0.4389,0.387,0.3,0.414,0.328
2026-05-10,27.9,24.7,32.6,25.3208,86.625,0.5567,0.8321,29.2571,20.3508,9.7684,13.3,4.31,0.89,0.3438,0.4006,100.6238,73.375,28.6917,28.6792,28.4125,27.5,0.4571,0.392,0.3,0.414,0.3303
2026-05-11,28.1542,24.6,32.9,25.4458,86.0417,0.5996,0.9007,29.5929,20.07,9.6336,4.0,4.31,1.0279,-0.176,0.5835,100.6204,92.0,28.9917,28.7292,28.4,27.5,0.4725,0.4223,0.3008,0.414,0.3383
2026-05-12,26.6917,24.7,29.6,25.2625,92.1667,0.2958,0.4043,27.3714,13.1292,6.302,17.0,2.72,0.9812,0.5352,0.5651,100.5788,97.7917,27.9125,28.4958,28.4,27.5,0.481,0.4453,0.3018,0.414,0.3445
2026-05-13,27.4792,24.1,31.3,25.55,89.7083,0.4208,0.6171,28.8,19.3788,9.3018,2.6,4.08,1.2804,0.0047,1.177,100.4629,97.0,28.3167,28.1375,28.3833,27.5,0.4787,0.4677,0.3055,0.4134,0.3517
2026-05-14,27.3917,24.9,31.4,25.35,89.0417,0.4321,0.6214,28.5071,20.1276,9.661,11.1,4.18,1.7188,0.7835,1.3818,100.44,84.625,28.2,28.2875,28.3,27.5,0.4716,0.469,0.3088,0.413,0.3538
2026-05-15,27.4792,25.5,30.0,25.275,88.25,0.4571,0.6429,28.3929,16.3836,7.8639,13.5,3.5,2.1483,0.9994,1.7723,100.4321,98.375,27.8875,28.0792,28.3,27.5,0.475,0.4829,0.3141,0.413,0.3608
2026-05-16,28.1125,25.9,31.3,25.3667,85.4167,0.5833,0.7936,29.1357,16.8588,8.0921,10.4,3.72,1.7421,0.7159,1.3261,100.4246,98.375,28.2792,28.1625,28.2167,27.5667,0.465,0.4826,0.3213,0.413,0.3652
2026-05-17,28.0917,24.9,31.5,25.5042,86.4167,0.5596,0.7843,29.2643,20.7864,9.9776,8.9,4.39,2.0592,0.9345,1.6228,100.35,95.5,28.6375,28.4,28.2,27.6,0.4757,0.4761,0.327,0.413,0.3687
2026-05-18,26.6458,25.6,28.6,25.3125,92.625,0.2688,0.3036,26.9929,14.9472,7.1747,28.9,3.06,2.3079,0.2888,2.1035,100.2679,91.4167,27.5,28.1167,28.2,27.6,0.4848,0.4851,0.3382,0.413,0.3793
2026-05-19,27.0583,24.8,30.1,25.3958,91.0,0.3512,0.5171,28.2143,16.8372,8.0819,12.5,3.37,1.8683,0.3945,1.6731,100.2154,99.7083,27.6833,27.725,28.1292,27.6,0.4824,0.484,0.3577,0.413,0.393
2026-05-20,26.3875,24.8,29.2,25.45,94.7083,0.195,0.2343,26.8857,10.4976,5.0388,17.6,2.23,2.0346,0.3175,1.9839,100.2388,97.1667,27.125,27.5375,28.0667,27.6,0.485,0.4898,0.3715,0.413,0.4043
2026-05-21,27.1625,25.3,29.6,25.3,89.75,0.3875,0.5043,28.05,18.6192,8.9371,5.4,3.69,2.2621,0.161,2.229,100.4983,98.875,27.5333,27.4875,28.0,27.6,0.4754,0.4754,0.3835,0.4125,0.4092
2026-05-22,26.9625,25.2,30.0,25.2,90.4583,0.3621,0.52,27.8857,17.532,8.4153,11.3,3.5,1.8096,-0.0328,1.6733,100.7012,97.625,27.6083,27.6917,27.9,27.6,0.474,0.4767,0.3856,0.412,0.4109
2026-05-23,27.0375,24.6,31.4,25.45,91.4583,0.3367,0.4964,28.1786,20.7468,9.9586,10.6,4.35,1.7875,0.5936,1.5559,100.76,86.125,27.8083,27.7167,27.9,27.6,0.4748,0.4891,0.3899,0.412,0.4167
2026-05-24,27.4042,25.3,30.9,25.4333,89.3333,0.4188,0.5979,28.4571,19.0548,9.1462,5.9,4.04,1.8833,0.5642,1.7155,100.77,92.625,27.825,27.775,27.8792,27.6,0.4852,0.4849,0.3948,0.412,0.42
2026-05-25,27.6625,25.2,31.0,25.4917,88.4167,0.4621,0.6586,28.8071,20.2824,9.7354,6.7,4.3,1.8825,0.8544,1.6055,100.7183,73.5417,28.0708,27.9417,27.8458,27.6,0.4855,0.4773,0.3975,0.412,0.4205
2026-05-26,27.5083,24.5,30.7,25.125,87.5,0.505,0.7414,28.8071,20.6028,9.8894,3.6,4.32,2.2417,1.022,1.8439,100.6412,94.7917,27.9792,27.9625,27.8625,27.6,0.4899,0.4782,0.3996,0.412,0.4224
2026-05-27,27.7458,24.9,31.2,25.0792,86.2083,0.5683,0.8271,28.9071,19.8828,9.5437,3.1,4.24,2.0729,0.8913,1.7877,100.6146,72.6667,28.1625,28.0083,27.875,27.6,0.4833,0.474,0.4011,0.412,0.4222
2026-05-28,28.3792,25.9,31.7,25.325,84.1667,0.6554,0.9364,29.6643,22.2912,10.6998,7.8,4.62,2.0037,0.8878,1.6855,100.65,91.7083,28.7417,28.3583,27.9,27.6,0.4779,0.4684,0.402,0.412,0.4213
2026-05-29,28.0,25.4,31.7,25.3833,86.3333,0.5583,0.805,29.1071,20.2788,9.734,6.1,4.33,1.58,0.5881,1.3213,100.6221,94.375,28.4917,28.4417,27.925,27.6,0.4802,0.4673,0.403,0.412,0.4219
2026-05-30,27.1417,25.3,31.5,25.55,91.5,0.3412,0.5007,28.0571,17.1072,8.2116,10.3,3.5,1.2025,-0.094,1.0195,100.6292,98.0833,28.1958,28.3167,28.0,27.6,0.4796,0.4752,0.4043,0.4114,0.4245
2026-05-31,26.8167,24.3,30.9,25.8042,94.375,0.2204,0.3379,27.8643,16.866,8.0957,12.0,3.51,1.1592,-0.2602,0.936,100.6163,91.7917,27.8542,27.9875,28.0,27.6,0.4866,0.4904,0.4117,0.411,0.4334
2026-06-01,26.95,24.7,29.8,25.0917,89.9583,0.3871,0.5543,27.8357,16.1388,7.7466,6.4,3.46,1.48,-0.027,1.3332,100.6146,98.7083,27.65,27.8083,27.9583,27.625,0.4815,0.483,0.4248,0.411,0.441
2026-06-02,26.5875,24.4,29.0,25.1667,92.125,0.2912,0.3886,27.3643,16.2756,7.8123,11.9,3.34,1.68,-0.095,1.5354,100.4738,88.2917,27.2917,27.5583,27.9,27.6833,0.4845,0.4875,0.4283,0.411,0.4447
2026-06-03,26.5625,24.7,28.8,25.2,92.375,0.2746,0.3421,27.2643,14.1588,6.7961,15.0,2.88,2.3242,0.4577,2.202,100.3358,87.8333,27.1083,27.375,27.85,27.7,0.4765,0.4908,0.4406,0.411,0.4537
2026-06-04,26.4625,24.6,29.9,25.0542,92.4167,0.2933,0.4629,27.5,18.954,9.0978,12.9,3.78,3.2788,1.2218,3.0102,100.3283,70.5,27.25,27.325,27.8,27.7,0.4722,0.4877,0.4561,0.4112,0.4638
2026-06-05,26.5958,24.9,29.6,25.1542,92.2917,0.3,0.4886,27.5643,18.4428,8.8527,12.9,3.78,3.5408,1.6053,3.1147,100.45,91.625,27.2958,27.3875,27.7167,27.7,0.5047,0.4893,0.464,0.412,0.4721
2026-06-06,26.4458,25.1,28.2,25.3208,93.5833,0.2288,0.3136,27.0714,13.734,6.5922,16.8,2.75,3.0742,1.496,2.6292,100.6296,99.125,27.0375,27.3,27.7,27.7,0.4834,0.499,0.4748,0.412,0.4805
2026-06-07,26.4083,24.9,28.4,25.3208,93.875,0.2208,0.3064,27.0357,14.0148,6.7271,19.9,2.58,2.9104,1.5537,2.3669,100.7104,97.8333,26.9417,27.15,27.6208,27.7,0.4833,0.4917,0.4886,0.4129,0.4889
2026-06-08,26.5125,25.2,29.1,25.5042,94.2917,0.2079,0.3029,27.1786,13.0824,6.2795,15.3,2.59,2.4658,1.394,1.9525,100.6046,96.4583,27.0333,27.1542,27.6,27.7,0.4843,0.4932,0.4985,0.4146,0.4964
2026-06-09,26.6375,24.7,30.4,25.4042,93.2083,0.2592,0.4036,27.6429,16.6284,7.9815,12.1,3.24,2.3917,0.9565,2.0287,100.5742,96.4167,27.1875,27.1792,27.5083,27.7,0.4792,0.4902,0.5047,0.4177,0.4999
2026-06-10,26.6958,25.1,29.8,25.2792,92.25,0.2925,0.4636,27.65,17.2296,8.2702,16.5,3.38,2.7071,0.8668,2.4095,100.6588,90.625,27.2458,27.2875,27.5,27.7,0.4796,0.4959,0.5068,0.4208,0.5026
2026-06-11,26.8875,24.6,30.2,24.9417,89.5417,0.4038,0.6014,27.8071,15.498,7.439,6.6,3.28,1.8383,0.4688,1.658,100.8696,98.4167,27.2917,27.2708,27.5,27.7,0.4956,0.4848,0.5069,0.4252,0.5015
2026-06-12,26.7417,24.5,29.8,24.8375,89.7917,0.3921,0.5864,27.7929,15.6852,7.5287,6.6,3.29,1.3521,0.5038,1.129,101.0196,77.2083,27.275,27.325,27.5,27.6542,0.4955,0.486,0.5022,0.4277,0.4984
2026-06-13,27.4,24.9,31.3,25.5708,90.25,0.3925,0.5814,28.6571,20.934,10.0485,8.7,4.41,1.2017,0.1325,1.0345,100.835,82.2917,27.7167,27.4875,27.4792,27.6,0.4782,0.49,0.4989,0.4295,0.4956
2026-06-14,27.9958,25.7,31.7,25.4667,86.4583,0.5383,0.7179,29.1071,21.7584,10.444,9.4,4.51,1.7842,0.6962,1.5496,100.6733,80.9583,27.9125,27.7,27.5,27.6,0.4878,0.4941,0.4968,0.4308,0.4956
2026-06-15,27.7083,25.0,31.3,24.7625,84.7083,0.6154,0.8886,28.9357,19.5444,9.3812,2.3,4.18,1.9375,0.7343,1.5982,100.6888,91.8333,28.0292,27.8833,27.5208,27.6,0.4912,0.493,0.4943,0.432,0.4938
2026-06-16,27.2208,25.4,30.1,24.9292,87.75,0.4675,0.6457,28.0857,16.7436,8.0369,10.4,3.41,1.8133,0.4222,1.6577,100.7508,99.6667,27.6208,27.7708,27.6,27.6,0.484,0.4922,0.4925,0.433,0.4918
2026-06-17,26.8792,25.1,30.4,25.4458,92.2083,0.2983,0.4193,27.6643,14.454,6.9379,11.3,2.96,1.4183,0.2974,1.2017,100.7654,98.7917,27.4042,27.5458,27.6,27.6,0.47,0.4942,0.4944,0.4341,0.4927
2026-06-18,26.2083,24.4,29.1,25.4292,95.5417,0.1583,0.2243,27.1214,13.9248,6.6838,18.7,2.8,1.4271,0.0325,1.2496,100.7746,98.125,27.0625,27.3542,27.6,27.6,0.4734,0.4908,0.5008,0.4356,0.4967
2026-06-19,26.1083,23.8,29.5,24.725,92.375,0.2838,0.4531,27.3231,14.9112,7.1574,8.9,3.14,0.9092,0.0896,0.6582,100.7104,99.2917,26.9833,27.0667,27.5208,27.6,0.463,0.4874,0.5058,0.438,0.499
2026-06-20,27.4125,24.4,31.8,24.0542,83.125,0.6888,1.0529,28.7786,20.916,10.0397,0.0,4.51,1.03,0.602,0.4664,100.7375,90.1667,27.6542,27.3625,27.5,27.6,0.4466,0.4687,0.5035,0.4408,0.4922
2026-06-21,27.2042,24.5,30.5,25.3,89.625,0.3975,0.5479,28.2643,19.242,9.2362,5.0,3.93,1.395,0.2121,1.2664,100.7796,83.1667,27.6167,27.6125,27.5,27.6,0.4456,0.458,0.4982,0.4425,0.4861
2026-06-22,27.9667,24.1,32.8,24.9125,84.75,0.6617,1.0357,29.5786,23.976,11.5085,2.9,5.12,1.1996,0.71,0.5371,100.6508,72.9583,28.3208,27.8208,27.5125,27.6,0.4504,0.4515,0.494,0.4436,0.482
2026-06-23,27.7833,25.3,31.3,25.9292,89.7083,0.4029,0.5443,28.95,20.6136,9.8945,15.0,4.26,1.3379,0.3213,1.1296,100.5329,61.625,28.1667,28.0833,27.6,27.6,0.4838,0.4554,0.4905,0.4442,0.4826
2026-06-24,28.1917,25.8,31.7,25.2792,84.7917,0.6208,0.8607,29.2571,21.546,10.342,5.8,4.5,1.8704,1.028,1.2259,100.4812,47.7083,28.325,28.1083,27.6375,27.6,0.4852,0.4707,0.4881,0.445,0.4843
2026-06-25,27.2333,24.7,30.3,25.1708,88.875,0.4304,0.5964,28.3071,19.782,9.4953,14.4,4.06,2.3992,1.367,1.889,100.5492,80.0833,27.9458,28.0167,27.7,27.6,0.4885,0.4951,0.4876,0.4456,0.4892
2026-06-26,27.6042,24.9,31.0,25.3833,88.4167,0.4742,0.6814,28.9143,20.8872,10.0258,3.3,4.2,2.1854,0.6605,1.9289,100.5629,84.875,28.1875,28.0,27.7083,27.6,0.4917,0.4936,0.4876,0.446,0.4891
2026-06-27,26.625,25.0,29.5,25.4667,93.625,0.2317,0.2992,27.5385,17.1432,8.2289,17.6,3.29,2.2158,0.7212,2.0403,100.5521,95.0417,27.5958,27.8958,27.8,27.6,0.479,0.4955,0.4926,0.4468,0.4923
2026-06-28,26.9333,24.8,30.0,25.3042,90.9167,0.3421,0.4993,28.0143,17.8128,8.5502,18.6,3.65,1.9254,1.1127,1.4468,100.4808,94.25,27.6333,27.6708,27.7417,27.6,0.4693,0.4897,0.503,0.4482,0.4979
2026-06-29,26.6083,24.6,29.1,25.2125,92.2083,0.2842,0.3823,27.5692,13.3524,6.4092,28.2,2.83,2.0417,1.2338,1.4612,100.4408,99.3333,27.1,27.4208,27.7,27.6,0.4721,0.4846,0.5126,0.4542,0.5039
2026-06-30,27.0958,25.0,29.7,24.8042,87.5417,0.4625,0.5814,28.0643,16.8084,8.068,20.0,3.53,1.9242,1.0639,1.5061,100.4679,99.5417,27.375,27.3833,27.7,27.6,0.4708,0.4775,0.509,0.4615,0.4997
2026-07-01,26.1458,24.4,28.6,24.9292,93.25,0.2433,0.3892,27.2846,15.0444,7.2212,29.1,2.97,2.0942,0.7565,1.8598,100.4175,99.0833,26.95,27.2625,27.6292,27.6,0.4755,0.484,0.5108,0.4674,0.5027
2026-07-02,25.9583,24.4,29.1,25.2333,95.7917,0.15,0.2585,27.0077,14.2704,6.8499,26.7,3.0,1.8129,0.5286,1.691,100.4258,98.6667,26.8083,27.0583,27.6,27.6,0.4935,0.4831,0.5126,0.4745,0.5051
2026-07-03,25.925,24.5,27.9,25.3375,96.5417,0.1196,0.1954,26.7231,11.1348,5.3449,30.2,2.21,1.9858,0.9365,1.5331,100.4908,98.9583,26.6208,26.925,27.5042,27.6,0.494,0.4792,0.513,0.4837,0.5045
2026-07-04,25.2583,24.1,26.3,25.0833,98.9167,0.0375,0.0354,25.6,5.8932,2.8288,29.7,1.14,2.46,1.3689,1.66,100.6017,99.9583,26.0583,26.6167,27.4333,27.6,0.4879,0.4812,0.5139,0.4935,0.5052
2026-07-05,26.2458,23.8,28.3,24.7958,92.125,0.2858,0.4146,27.3385,10.9008,5.2323,8.5,2.28,1.7562,0.5445,1.5696,100.7229,99.4167,26.4375,26.5,27.325,27.6,0.4897,0.4905,0.5116,0.4998,0.5057
2026-07-06,26.0625,24.1,27.9,25.0167,94.0,0.2071,0.2592,26.7846,10.602,5.089,9.6,2.14,1.9483,0.5495,1.789,100.7146,99.7083,26.4417,26.6333,27.25,27.6,0.4624,0.4807,0.5114,0.5031,0.5015
2026-07-07,26.1792,24.4,28.6,25.0625,93.5417,0.2238,0.3308,27.1923,10.296,4.9421,11.5,2.24,2.2404,0.5242,2.0213,100.6833,99.2917,26.5,26.6625,27.2,27.6,0.4494,0.4544,0.5076,0.507,0.4924
2026-07-08,27.0542,24.3,30.0,25.0292,89.2083,0.4233,0.6685,28.5,15.066,7.2316,3.8,3.23,2.4488,1.2888,1.9138,100.6271,76.8333,27.1958,26.8792,27.175,27.6,0.4854,0.4722,0.5025,0.5077,0.4949
2026-07-09,27.5833,24.5,31.2,24.3375,83.4583,0.6671,1.0215,29.2154,21.1356,10.1451,0.9,4.48,2.3329,1.3688,1.6238,100.6333,58.5833,27.7792,27.4,27.2,27.6,0.4652,0.4681,0.4958,0.5075,0.4878
2026-07-10,27.8083,25.0,31.2,24.725,84.0417,0.6438,0.9862,29.4,20.2824,9.7356,2.2,4.38,2.7475,1.9256,1.7118,100.5783,54.7917,27.875,27.625,27.225,27.6,0.4538,0.46,0.4892,0.507,0.4806
2026-07-11,27.7667,26.5,30.1,24.8833,84.4583,0.5904,0.7431,28.6462,18.0252,8.6522,9.1,3.94,2.8313,2.1483,1.6822,100.3908,82.7083,27.825,27.7833,27.3042,27.6,0.4627,0.4552,0.4833,0.5069,0.476
2026-07-12,26.225,24.9,29.4,25.1625,94.1667,0.2142,0.3023,26.9385,13.6656,6.5593,19.6,2.71,2.9958,2.2002,1.9073,100.2971,92.9167,26.975,27.3875,27.4,27.6,0.4746,0.4776,0.4817,0.506,0.4804
2026-07-13,25.6458,24.6,27.5,25.1958,97.3333,0.0896,0.1462,26.2308,9.3996,4.5118,22.3,1.98,2.2517,1.4686,1.6172,100.3921,99.9167,26.4625,26.9083,27.3333,27.6,0.4915,0.4982,0.4933,0.506,0.4942
2026-07-14,25.2875,24.4,27.5,24.7208,96.5833,0.1138,0.1854,25.8231,10.2204,4.9057,21.0,2.18,2.6342,1.3553,2.1685,100.5425,98.5,26.0958,26.5208,27.2792,27.6,0.4979,0.4967,0.5073,0.5069,0.5044
2026-07-15,25.4167,24.2,28.1,24.7958,96.5417,0.1229,0.1946,26.1308,12.1572,5.8354,23.7,2.38,2.4788,1.4177,1.9864,100.7608,94.9583,26.1042,26.3667,27.1958,27.6,0.4744,0.479,0.5132,0.5122,0.5033
2026-07-16,26.0625,24.5,29.4,24.6625,92.4167,0.2775,0.4431,27.0846,14.0508,6.7444,15.0,2.81,2.6071,1.4302,2.1126,100.8125,92.4583,26.3917,26.4708,27.1,27.6,0.4993,0.4922,0.5078,0.514,0.5039
2026-07-17,26.7667,24.4,29.7,24.7708,89.2917,0.4117,0.66,28.1923,17.8632,8.5744,7.0,3.68,2.1746,1.0392,1.751,100.7363,97.9583,27.0375,26.7958,27.1,27.5792,0.4779,0.487,0.5093,0.514,0.5024
2026-07-18,27.4333,24.5,31.1,24.575,85.2083,0.6,0.9854,29.2538,23.0652,11.0713,1.4,4.79,1.9825,0.8871,1.517,100.6367,65.375,27.7417,27.2792,27.1,27.5,0.4738,0.4761,0.5009,0.5135,0.4938
2026-07-19,27.2708,24.5,31.2,24.8833,87.5833,0.5042,0.82,29.1385,21.5172,10.3283,3.3,4.39,1.96,0.7991,1.5868,100.6521,49.6667,27.6542,27.5042,27.1292,27.5,0.4713,0.4682,0.4917,0.513,0.4853
2026-07-20,27.1458,24.2,31.1,24.4125,85.9167,0.5704,0.9323,29.1692,23.9328,11.4878,2.0,4.9,1.9175,0.4747,1.6519,100.6788,43.5833,27.75,27.575,27.2,27.5,0.4658,0.4631,0.483,0.5121,0.4776
2026-07-21,27.4458,23.7,31.7,23.8042,82.0417,0.7554,1.2392,29.7077,23.814,11.4307,1.1,4.96,1.8975,0.6094,1.46,100.7108,64.6667,27.8458,27.6125,27.2708,27.5,0.4513,0.4565,0.4749,0.5115,0.4694
2026-07-22,27.2708,24.4,30.8,25.075,88.0833,0.4604,0.6723,28.7692,20.8332,9.9998,8.1,4.31,1.7683,0.7359,1.517,100.7008,71.1667,27.7958,27.7375,27.3167,27.5,0.4633,0.4513,0.4678,0.5105,0.464
2026-07-23,25.75,24.4,27.5,24.8167,94.7083,0.1825,0.2262,26.3308,9.7992,4.7036,27.9,2.01,1.5462,0.6138,1.1899,100.5417,96.4167,26.5917,27.275,27.4,27.5,0.4752,0.4876,0.4701,0.51,0.4741
2026-07-24,26.3542,24.2,29.1,25.3583,94.5,0.2075,0.3285,27.5462,13.8276,6.6373,29.7,2.86,1.8346,0.7255,1.388,100.3338,81.4167,26.8583,26.9208,27.3125,27.5,0.4699,0.4967,0.491,0.509,0.4907
2026-07-25,26.475,24.3,30.2,25.0458,92.25,0.3012,0.5062,28.0,16.3872,7.866,40.7,3.45,1.6238,0.722,1.212,100.3233,94.5833,27.0333,27.0125,27.3,27.5,0.4725,0.4921,0.5076,0.5106,0.5019
2026-07-26,26.0125,24.4,28.7,25.0958,94.9583,0.1838,0.2438,26.8462,10.4616,5.0217,45.1,2.27,1.6542,0.494,1.3069,100.3921,99.625,26.5708,26.9,27.3,27.5,0.4858,0.4867,0.4861,0.5171,0.4862
2026-07-27,27.0375,24.2,30.9,24.55,86.875,0.5129,0.7938,28.5769,19.0296,9.1344,10.1,4.08,2.0621,1.3162,1.5189,100.4246,98.625,27.2875,27.0083,27.2083,27.5,0.5005,0.4941,0.4606,0.5161,0.4704
2026-07-28,26.0292,24.3,28.6,25.1208,94.9167,0.185,0.2892,26.9615,12.474,5.9875,28.2,2.53,1.8996,1.2271,1.3007,100.4462,99.625,26.75,27.0625,27.2,27.5,0.4871,0.4958,0.4613,0.5146,0.4704
2026-07-29,26.1833,24.5,29.5,25.0083,93.5417,0.2404,0.3885,27.2385,8.5644,4.1108,20.2,1.84,1.3425,0.6422,0.9793,100.3887,99.7917,26.5583,26.7792,27.2,27.5,0.4876,0.495,0.4708,0.5139,0.4771
2026-07-30,25.4875,24.4,26.7,25.0917,97.7083,0.0788,0.1015,26.1231,6.1488,2.9515,25.0,1.37,1.2988,0.2068,1.1868,100.385,99.6667,26.1167,26.5833,27.1542,27.5,0.4641,0.4937,0.4945,0.513,0.4922
2026-07-31,26.2875,24.0,29.5,24.0083,87.875,0.4538,0.7269,27.6231,17.0784,8.1977,8.2,3.68,1.45,0.7446,1.0774,100.4517,99.9167,26.9208,26.6667,27.1,27.5,0.4882,0.491,0.5011,0.513,0.4981
2026-08-01,26.4,24.4,29.3,24.9375,92.0,0.2988,0.4754,27.6538,16.4592,7.9004,17.1,3.35,1.7358,0.3302,1.5837,100.4521,99.8333,26.925,26.9583,27.1,27.5,0.482,0.4952,0.5008,0.5121,0.4983
2026-08-02,26.6292,24.6,29.8,24.7542,89.7917,0.3787,0.5769,27.7615,17.5716,8.4343,9.8,3.62,2.3629,0.7672,2.0943,100.5192,97.7083,26.9583,26.9417,27.1,27.5,0.4729,0.4897,0.5038,0.512,0.4987
2026-08-03,27.2125,24.3,30.7,24.9917,88.3333,0.4646,0.72,28.8462,20.2284,9.7096,4.3,4.16,2.6342,1.2598,2.1794,100.54,97.4167,27.4917,27.1875,27.1,27.5,0.4848,0.4854,0.5,0.512,0.4958
2026-08-04,26.2375,24.1,28.1,25.1125,93.6667,0.2246,0.2985,27.0538,14.1264,6.7807,22.7,2.85,1.8771,0.7171,1.5955,100.6379,99.75,26.9083,27.175,27.1,27.5,0.4856,0.4965,0.5038,0.512,0.501
2026-08-05,26.2125,24.6,28.8,25.0958,93.75,0.2296,0.3715,27.2846,13.5936,6.5249,14.0,2.68,3.0496,1.2522,2.7435,100.4938,98.7917,26.825,26.9667,27.1,27.4417,0.49,0.4954,0.5075,0.512,0.5037
2026-08-06,25.6292,24.5,27.9,24.9625,96.1667,0.1329,0.2123,26.4077,9.4392,4.5307,16.9,1.86,3.0479,1.94,2.3427,100.4538,99.9167,26.3042,26.7,27.1,27.4,0.4765,0.4679,0.5078,0.5157,0.4972
2026-08-07,25.8875,24.6,27.6,24.9333,94.4167,0.1888,0.2754,26.7,11.5848,5.5607,17.1,2.31,3.1754,1.8026,2.5868,100.4621,99.5,26.3208,26.5042,27.0625,27.4,0.4817,0.4925,0.5038,0.5163,0.4999
2026-08-08,26.125,24.5,29.4,24.7792,92.6667,0.2704,0.4238,27.0615,12.8772,6.181,11.6,2.58,2.7733,1.5786,2.2335,100.5512,99.875,26.4333,26.5458,27.0,27.4,0.4709,0.4864,0.5032,0.516,0.4974
2026-08-09,26.0792,24.5,29.3,25.0333,94.25,0.2138,0.3546,27.0846,13.9284,6.6858,36.9,2.73,2.5121,1.7707,1.582,100.5512,98.5,26.5792,26.6375,27.0,27.4,0.4858,0.4913,0.5039,0.516,0.5
2026-08-10,25.9458,24.5,29.5,25.0,94.8333,0.1958,0.3338,26.9077,13.5864,6.5213,27.6,2.7,2.8513,1.9405,2.0138,100.455,99.0833,26.5458,26.6417,27.0,27.4,0.4732,0.488,0.4895,0.5172,0.488
2026-08-11,25.65,24.3,27.8,24.9083,95.8333,0.1463,0.2031,26.3231,7.4772,3.5892,14.3,1.65,2.1983,1.4093,1.6112,100.4696,99.7083,26.0875,26.45,26.9167,27.4,0.4847,0.4907,0.4685,0.5165,0.4743
2026-08-12,26.45,24.8,29.4,24.9125,91.5,0.3067,0.4538,27.4462,13.0176,6.2485,7.3,2.78,2.31,1.7383,1.4652,100.5992,84.2917,26.5542,26.4833,26.9,27.4,0.49,0.4868,0.4632,0.5151,0.47
2026-08-13,26.275,24.5,29.2,24.6792,91.0417,0.3179,0.45,27.3923,13.8168,6.6319,15.0,2.84,2.1638,1.5618,1.345,100.5246,71.2917,26.4125,26.5333,26.9,27.4,0.47,0.4891,0.4548,0.5141,0.463
2026-08-14,26.5208,24.2,29.7,25.075,92.125,0.2971,0.4846,27.9769,17.2116,8.2615,26.3,3.48,2.6267,1.6324,1.9737,100.5108,88.6667,26.8583,26.6792,26.8917,27.4,0.4729,0.491,0.4622,0.5127,0.469
2026-08-15,26.2958,24.6,28.9,24.8875,92.125,0.2833,0.4046,27.1538,15.6672,7.5202,17.4,3.12,2.7833,1.7619,2.0924,100.6212,94.0,26.7375,26.8458,26.9,27.4,0.474,0.4905,0.4756,0.512,0.4786
2026-08-16,26.6208,24.5,29.4,25.125,91.5833,0.3112,0.4615,27.7846,14.706,7.059,11.0,3.2,2.5717,1.6456,1.8598,100.6871,97.9167,26.8917,26.7958,26.9,27.4,0.477,0.4973,0.483,0.511,0.4856
2026-08-17,26.5542,24.4,29.6,24.6833,90.0,0.3829,0.62,27.8692,15.7752,7.5721,14.5,3.36,2.4288,1.4859,1.7412,100.7367,97.6667,26.9125,26.9042,26.9,27.4,0.4918,0.497,0.489,0.5109,0.4909
2026-08-18,26.1083,24.5,28.8,25.0583,94.125,0.2138,0.3638,27.3077,12.3552,5.9305,20.2,2.55,2.1004,1.1114,1.5712,100.6088,99.0,26.6458,26.8333,26.9,27.3042,0.4746,0.4849,0.5016,0.5113,0.4962
2026-08-19,25.875,24.5,28.6,25.1625,95.9583,0.1462,0.2462,26.6846,11.538,5.5383,19.9,2.27,2.5779,1.6857,1.8365,100.4679,99.9583,26.4333,26.6542,26.9,27.3,0.4704,0.4842,0.5047,0.514,0.498
2026-08-20,25.45,24.4,26.6,24.8542,96.5417,0.1154,0.13,25.7385,7.668,3.6805,13.9,1.79,3.0062,2.036,2.1744,100.51,100.0,25.9375,26.375,26.9,27.3,0.4796,0.4896,0.509,0.514,0.5029
2026-08-21,26.15,24.5,28.7,24.7292,92.0,0.2821,0.43,27.0615,12.1428,5.8285,6.2,2.71,3.2942,2.1909,2.428,100.6425,99.9583,26.3333,26.3167,26.8208,27.3,0.5019,0.4998,0.5024,0.5134,0.5018
2026-08-22,26.2667,24.4,28.7,24.65,90.9167,0.3175,0.4308,27.1462,15.3684,7.3768,13.5,3.09,2.905,2.0707,2.0014,100.7258,98.9167,26.425,26.4583,26.8,27.3,0.4793,0.4961,0.501,0.513,0.4984
2026-08-23,26.5625,24.7,29.8,24.7875,90.2917,0.3617,0.5508,27.6846,16.4124,7.8777,7.9,3.27,2.6154,1.8856,1.7496,100.7179,99.1667,26.8042,26.6583,26.8,27.3,0.473,0.4902,0.501,0.513,0.4967
2026-08-24,26.5375,24.8,29.9,24.9667,91.2917,0.3138,0.4269,27.3385,16.7004,8.0163,21.2,3.26,3.0033,2.3957,1.7684,100.6317,99.5,26.75,26.7833,26.8,27.3,0.4809,0.4956,0.5014,0.513,0.4987
2026-08-25,27.125,25.3,30.2,24.475,85.9167,0.535,0.7785,28.3385,17.5932,8.4446,4.7,3.75,2.9358,2.2118,1.7552,100.5942,94.3333,27.1,26.8792,26.8042,27.3,0.4921,0.4945,0.5014,0.5125,0.4993
2026-08-26,26.4708,24.8,29.8,24.7958,90.6667,0.3367,0.4546,27.4692,17.8596,8.5728,21.4,3.58,3.0142,2.2584,1.9367,100.5788,81.75,26.9,26.9708,26.9,27.3,0.4775,0.4942,0.5007,0.5122,0.4977
2026-08-27,26.0458,25.0,28.3,24.6667,92.1667,0.2683,0.3369,26.6538,15.1812,7.2869,22.0,2.95,3.0408,2.0328,2.1849,100.6183,85.7083,26.4792,26.7333,26.9,27.3,0.4752,0.487,0.5092,0.5139,0.5021
2026-08-28,25.2708,24.2,26.9,24.8167,97.3333,0.0912,0.1385,25.9154,12.2976,5.9029,34.2,2.28,3.1154,1.8849,2.4295,100.6575,99.9167,26.0667,26.4375,26.8958,27.3,0.4829,0.4818,0.506,0.517,0.4993
2026-08-29,25.25,23.9,27.8,24.6417,96.4167,0.1246,0.2077,25.9769,11.7792,5.6541,31.3,2.26,3.0608,2.037,2.2228,100.665,98.9167,25.925,26.2,26.8,27.3,0.4817,0.4819,0.4659,0.5177,0.4704
2026-08-30,25.9375,24.1,29.6,24.5583,92.25,0.275,0.4462,26.9538,13.9824,6.7116,9.7,2.84,2.5625,1.5386,1.9557,100.6525,99.2917,26.2833,26.25,26.7542,27.2583,0.484,0.491,0.4707,0.516,0.4759
2026-08-31,25.5333,24.0,28.1,24.7583,95.5833,0.1558,0.26,26.4462,11.2644,5.4069,14.2,2.23,2.3979,1.614,1.7114,100.6525,97.25,26.2042,26.3625,26.7,27.2,0.4761,0.4908,0.4738,0.5147,0.4776
2026-09-01,26.025,23.8,28.4,24.9,93.7917,0.2246,0.3185,27.1615,10.746,5.1581,5.6,2.25,1.865,1.1608,1.399,100.7512,98.2917,26.2833,26.3042,26.7,27.2,0.5014,0.4947,0.4712,0.5137,0.4783
2026-09-02,26.675,23.5,31.0,24.7292,89.5833,0.4058,0.6477,28.3692,18.5472,8.9027,9.4,3.89,1.9542,1.3147,1.1975,100.7162,79.7917,26.9667,26.6375,26.7,27.2,0.4956,0.4944,0.4673,0.5126,0.475
2026-09-03,27.1375,24.1,30.8,24.4917,86.375,0.55,0.9015,28.9538,21.7764,10.4527,4.3,4.55,2.33,1.5393,1.4643,100.6158,68.5417,27.5458,27.075,26.725,27.2,0.4493,0.4841,0.4724,0.5117,0.4733
2026-09-04,26.9625,24.1,30.4,24.9042,88.875,0.4254,0.6269,28.2769,17.2116,8.2617,9.1,3.59,1.9775,1.0673,1.5177,100.65,93.5,27.3042,27.2667,26.8083,27.2,0.4836,0.479,0.4681,0.511,0.4715
2026-09-05,26.6833,24.6,30.2,25.3042,92.375,0.2862,0.4077,27.7923,13.95,6.696,8.2,2.92,1.7458,0.3258,1.569,100.7125,96.75,27.0333,27.1042,26.9,27.2,0.4895,0.4932,0.4648,0.51,0.4725
2026-09-06,26.1417,24.2,28.3,25.0167,93.6667,0.2262,0.3362,27.1,13.932,6.6876,20.3,2.84,2.2262,0.8202,1.9549,100.7379,92.375,26.6292,26.8583,26.9,27.2,0.4852,0.4942,0.47,0.5093,0.4762
2026-09-07,26.9625,24.5,29.9,24.7,88.0833,0.4633,0.7323,28.4154,17.892,8.5881,7.5,3.81,2.3367,1.128,1.8868,100.7354,99.5,27.275,26.9417,26.9,27.2,0.4914,0.4978,0.4766,0.509,0.4821
2026-09-08,26.6875,24.5,29.4,24.8917,90.3333,0.3608,0.5192,27.7154,17.8452,8.5658,13.8,3.78,2.6142,1.4131,2.098,100.6633,96.6667,27.2042,27.1792,26.9292,27.2,0.469,0.4922,0.481,0.508,0.4825
2026-09-09,26.7667,24.0,30.1,24.8083,89.5417,0.4013,0.6238,28.2308,19.1664,9.2,17.7,3.96,1.8871,0.7902,1.5695,100.5896,98.0417,27.3625,27.175,27.0,27.2,0.4612,0.4925,0.4895,0.508,0.4882
2026-09-10,25.7917,24.4,29.9,24.825,94.5,0.1921,0.2838,26.6385,10.8324,5.1996,18.3,2.32,1.0438,-0.2881,0.8328,100.5883,99.9583,26.7125,27.0583,27.0,27.2,0.481,0.4876,0.4935,0.508,0.4914
2026-09-11,26.0208,23.8,30.3,24.725,93.125,0.2704,0.5125,27.55,16.0056,7.6827,32.6,3.31,1.2612,-0.8162,-0.8196,100.6642,98.8333,26.8208,26.8125,27.0,27.2,0.4775,0.4905,0.5098,0.5092,0.5035
2026-09-12,25.8167,23.8,29.1,24.6292,93.5,0.2379,0.4533,27.0583,12.4488,5.9754,10.9,2.58,1.2538,-0.6985,-0.9313,100.6771,98.1667,26.6375,26.8125,27.0,27.2,0.4825,0.4647,0.5104,0.514,0.4988
2026-09-13,25.6708,23.7,28.9,23.3583,87.7083,0.4371,0.6277,26.7538,12.7548,6.1222,7.0,2.98,2.2846,-1.3695,-1.781,100.6846,99.4583,26.3042,26.575,26.9708,27.2,0.4996,0.4899,0.502,0.5137,0.4993
2026-09-14,25.6708,23.8,28.9,22.9292,85.0833,0.5096,0.6546,26.7846,14.2056,6.8186,5.1,3.09,1.4092,-0.7114,-0.0308,100.7125,98.9583,26.4708,26.5125,26.9,27.2,0.4886,0.4891,0.4944,0.513,0.4929
2026-09-15,25.5708,24.3,27.2,24.8667,95.8333,0.14,0.1985,26.3615,11.7504,5.6404,27.8,2.26,2.1425,0.4515,1.9889,100.8567,97.25,26.1792,26.4792,26.9,27.2,0.4672,0.4941,0.502,0.513,0.4979
2026-09-16,26.3208,23.9,29.6,24.5833,90.5833,0.355,0.5931,27.8769,18.972,9.1066,6.6,3.8,2.2967,0.4998,1.999,100.8596,89.9583,26.8292,26.5917,26.8208,27.2,0.4851,0.4808,0.5051,0.5128,0.4986
2026-09-17,25.8125,24.0,28.6,24.7833,94.0417,0.2046,0.285,26.8333,11.0736,5.3153,27.1,2.37,1.4629,0.7671,1.1132,100.7525,99.25,26.4917,26.7125,26.8,27.15,0.5032,0.4991,0.5056,0.5122,0.5041
2026-09-18,25.5208,23.6,27.5,24.6417,94.9583,0.1733,0.2792,26.5583,13.1832,6.3279,22.8,2.68,1.6458,0.1518,1.5064,100.695,93.4583,26.2833,26.4625,26.8,27.1,0.4938,0.4866,0.5125,0.5145,0.5058
2026-09-19,26.3208,24.0,29.3,25.0875,93.25,0.2542,0.4192,27.4917,14.9616,7.1816,17.5,3.12,1.3758,-0.4586,1.1576,100.8296,98.0833,26.7667,26.5917,26.8,27.1,0.4892,0.4859,0.503,0.5172,0.4984
2026-09-20,25.8167,24.2,29.0,24.8458,94.625,0.1962,0.3242,26.775,10.4112,4.9975,21.7,2.22,0.6804,0.202,0.2108,101.0058,99.4167,26.5667,26.7208,26.8,27.1,0.4891,0.4956,0.4948,0.5171,0.4945
2026-09-21,26.6583,24.0,30.1,24.8917,90.5833,0.3654,0.6058,27.9167,13.392,6.4282,2.1,2.85,1.1033,0.5722,-0.7278,100.8387,97.0417,26.9375,26.7083,26.8,27.1,0.4772,0.4853,0.4835,0.5166,0.4835
2026-09-22,26.1042,24.3,30.5,25.2625,95.25,0.1796,0.3175,27.3,12.3876,5.9461,36.9,2.65,1.2,-0.1711,-0.8315,100.7104,99.625,26.8333,26.8792,26.8,27.1,0.491,0.4993,0.4886,0.5155,0.491
2026-09-23,25.7167,24.0,28.8,24.8333,95.0833,0.1788,0.3458,26.925,10.872,5.2185,20.5,2.26,1.1283,-0.2568,-0.9634,100.6433,99.5,26.5167,26.6958,26.8,27.1,0.4723,0.4892,0.5015,0.515,0.4969
2026-09-24,24.8792,23.7,28.0,24.5917,98.1667,0.0592,0.0967,25.65,5.4756,2.6283,57.6,1.13,1.6075,0.7463,-0.9719,100.5779,99.875,25.7833,26.3375,26.8,27.1,0.4924,0.4976,0.4952,0.5162,0.4955
